timestamp,strategy,commodity,type,strike,premium,spot,reason
2026-02-23T11:51:59.427902,CPR,GOLDM,BUY_CE_CPR,159900,5695.116929548131,159900.0,Narrow CPR (0.058%) bullish breakout
2026-02-23T11:51:59.427902,CPR,SILVERM,BUY_CE_CPR,267500,9889.247771418532,267325.0,Narrow CPR (0.038%) bullish breakout
2026-02-23T11:51:59.427902,CPR,CRUDEOILM,BUY_CE_CPR,5950,193.7617097421579,5963.0,Narrow CPR (0.111%) bullish breakout
2026-02-23T11:51:59.427902,Ghost Zone,CRUDEOILM,BUY_PE_GTZ,5950,180.77327993274653,5963.0,Ghost Zone: Supply retest
2026-02-23T11:52:49.594241,CPR,GOLDM,BUY_CE_CPR,160000,5684.122700867763,159966.0,Narrow CPR (0.058%) bullish breakout
2026-02-23T11:52:49.594241,CPR,SILVERM,BUY_CE_CPR,267500,9977.618082449831,267496.0,Narrow CPR (0.038%) bullish breakout
2026-02-23T11:52:49.594241,CPR,CRUDEOILM,BUY_CE_CPR,5950,193.7617097421579,5963.0,Narrow CPR (0.111%) bullish breakout
2026-02-23T11:52:49.594241,Ghost Zone,CRUDEOILM,BUY_PE_GTZ,5950,180.77327993274653,5963.0,Ghost Zone: Supply retest
2026-02-23T11:53:36.983744,CPR,GOLDM,BUY_CE_CPR,159900,5712.018684962402,159930.0,Narrow CPR (0.058%) bullish breakout
2026-02-23T11:53:36.983744,CPR,SILVERM,BUY_CE_CPR,267500,9972.95542096294,267487.0,Narrow CPR (0.038%) bullish breakout
2026-02-23T11:53:36.983744,CPR,CRUDEOILM,BUY_CE_CPR,5950,193.7617097421579,5963.0,Narrow CPR (0.111%) bullish breakout
2026-02-23T11:53:36.983744,Ghost Zone,CRUDEOILM,BUY_PE_GTZ,5950,180.77327993274653,5963.0,Ghost Zone: Supply retest
2026-02-23T11:54:22.776994,CPR,GOLDM,BUY_CE_CPR,159900,5672.067143567848,159859.0,Narrow CPR (0.058%) bullish breakout
2026-02-23T11:54:22.776994,CPR,SILVERM,BUY_CE_CPR,266000,9924.248123440062,266001.0,Narrow CPR (0.038%) bullish breakout
2026-02-23T11:54:22.776994,CPR,CRUDEOILM,BUY_CE_CPR,5950,193.7617097421579,5963.0,Narrow CPR (0.111%) bullish breakout
2026-02-23T11:54:22.776994,Ghost Zone,CRUDEOILM,BUY_PE_GTZ,5950,180.77327993274653,5963.0,Ghost Zone: Supply retest
2026-02-23T11:55:09.754266,CPR,GOLDM,BUY_CE_CPR,159900,5686.11511613318,159884.0,Narrow CPR (0.058%) bullish breakout
2026-02-23T11:55:09.754266,CPR,SILVERM,BUY_CE_CPR,266000,9924.248123440062,266001.0,Narrow CPR (0.038%) bullish breakout
2026-02-23T11:55:09.754266,CPR,CRUDEOILM,BUY_CE_CPR,5950,193.7617097421579,5963.0,Narrow CPR (0.111%) bullish breakout
2026-02-23T11:55:09.754266,Ghost Zone,CRUDEOILM,BUY_PE_GTZ,5950,180.77327993274653,5963.0,Ghost Zone: Supply retest
2026-02-23T11:55:59.998598,CPR,GOLDM,BUY_CE_CPR,159900,5679.93139905628,159873.0,Narrow CPR (0.058%) bullish breakout
2026-02-23T11:55:59.998598,CPR,SILVERM,BUY_CE_CPR,266000,9924.248123440062,266001.0,Narrow CPR (0.038%) bullish breakout
2026-02-23T11:55:59.998598,CPR,CRUDEOILM,BUY_CE_CPR,5950,193.7617097421579,5963.0,Narrow CPR (0.111%) bullish breakout
2026-02-23T11:55:59.998598,Ghost Zone,CRUDEOILM,BUY_PE_GTZ,5950,180.77327993274653,5963.0,Ghost Zone: Supply retest
2026-02-23T11:56:54.617586,CPR,GOLDM,BUY_CE_CPR,159900,5695.116929548131,159900.0,Narrow CPR (0.058%) bullish breakout
2026-02-23T11:56:54.617586,CPR,SILVERM,BUY_CE_CPR,267000,10056.65705006769,267184.0,Narrow CPR (0.038%) bullish breakout
2026-02-23T11:56:54.617586,CPR,CRUDEOILM,BUY_CE_CPR,5950,193.7617097421579,5963.0,Narrow CPR (0.111%) bullish breakout
2026-02-23T11:56:54.617586,Ghost Zone,CRUDEOILM,BUY_PE_GTZ,5950,180.77327993274653,5963.0,Ghost Zone: Supply retest
2026-02-23T11:57:45.968765,CPR,GOLDM,BUY_CE_CPR,159800,5715.190441749168,159850.0,Narrow CPR (0.058%) bullish breakout
2026-02-23T11:57:45.968765,CPR,SILVERM,BUY_CE_CPR,267000,9972.960172636816,267023.0,Narrow CPR (0.038%) bullish breakout
2026-02-23T11:57:45.968765,CPR,CRUDEOILM,BUY_CE_CPR,5950,193.7617097421579,5963.0,Narrow CPR (0.111%) bullish breakout
2026-02-23T11:57:45.968765,Ghost Zone,CRUDEOILM,BUY_PE_GTZ,5950,180.77327993274653,5963.0,Ghost Zone: Supply retest
2026-02-23T11:58:43.138156,CPR,GOLDM,BUY_CE_CPR,159800,5687.0345903815405,159800.0,Narrow CPR (0.058%) bullish breakout
2026-02-23T11:58:43.138156,CPR,SILVERM,BUY_CE_CPR,266500,9994.8039727275,266601.0,Narrow CPR (0.038%) bullish breakout
2026-02-23T11:58:43.138156,CPR,CRUDEOILM,BUY_CE_CPR,5950,193.7617097421579,5963.0,Narrow CPR (0.111%) bullish breakout
2026-02-23T11:58:43.138156,Ghost Zone,CRUDEOILM,BUY_PE_GTZ,5950,180.77327993274653,5963.0,Ghost Zone: Supply retest
2026-02-23T11:59:36.974697,CPR,GOLDM,BUY_CE_CPR,159700,5702.07152309462,159741.0,Narrow CPR (0.058%) bullish breakout
2026-02-23T11:59:36.974697,CPR,SILVERM,BUY_CE_CPR,266500,10022.376811966824,266654.0,Narrow CPR (0.038%) bullish breakout
2026-02-23T11:59:36.974697,CPR,CRUDEOILM,BUY_CE_CPR,5950,193.7617097421579,5963.0,Narrow CPR (0.111%) bullish breakout
2026-02-23T11:59:36.974697,Ghost Zone,CRUDEOILM,BUY_PE_GTZ,5950,180.77327993274653,5963.0,Ghost Zone: Supply retest
2026-02-23T12:00:32.145231,CPR,GOLDM,BUY_CE_CPR,159700,5679.015188035514,159700.0,Narrow CPR (0.058%) bullish breakout
2026-02-23T12:00:32.145231,CPR,SILVERM,BUY_CE_CPR,267000,9908.77933745152,266899.0,Narrow CPR (0.038%) bullish breakout
2026-02-23T12:00:32.145231,CPR,CRUDEOILM,BUY_CE_CPR,5950,193.7617097421579,5963.0,Narrow CPR (0.111%) bullish breakout
2026-02-23T12:00:32.145231,Ghost Zone,CRUDEOILM,BUY_PE_GTZ,5950,180.77327993274653,5963.0,Ghost Zone: Supply retest
2026-02-23T12:01:23.198394,CPR,GOLDM,BUY_CE_CPR,159800,5689.846362825911,159805.0,Narrow CPR (0.058%) bullish breakout
2026-02-23T12:01:23.198394,CPR,SILVERM,BUY_CE_CPR,267000,9858.744151562758,266802.0,Narrow CPR (0.038%) bullish breakout
2026-02-23T12:01:23.198394,CPR,CRUDEOILM,BUY_CE_CPR,5950,193.7617097421579,5963.0,Narrow CPR (0.111%) bullish breakout
2026-02-23T12:01:23.198394,Ghost Zone,CRUDEOILM,BUY_PE_GTZ,5950,180.77327993274653,5963.0,Ghost Zone: Supply retest
2026-02-23T12:02:13.468696,CPR,GOLDM,BUY_CE_CPR,159800,5667.375928994456,159765.0,Narrow CPR (0.058%) bullish breakout
2026-02-23T12:02:13.468696,CPR,SILVERM,BUY_CE_CPR,267000,9960.518961458323,266999.0,Narrow CPR (0.038%) bullish breakout
2026-02-23T12:02:13.468696,CPR,CRUDEOILM,BUY_CE_CPR,5950,193.7617097421579,5963.0,Narrow CPR (0.111%) bullish breakout
2026-02-23T12:02:13.468696,Ghost Zone,CRUDEOILM,BUY_PE_GTZ,5950,180.77327993274653,5963.0,Ghost Zone: Supply retest
2026-02-23T12:03:02.148155,CPR,GOLDM,BUY_CE_CPR,159700,5694.192212906483,159727.0,Narrow CPR (0.058%) bullish breakout
2026-02-23T12:03:02.148155,CPR,SILVERM,BUY_CE_CPR,267000,9864.925941980227,266814.0,Narrow CPR (0.038%) bullish breakout
2026-02-23T12:03:02.148155,CPR,CRUDEOILM,BUY_CE_CPR,5950,193.7617097421579,5963.0,Narrow CPR (0.111%) bullish breakout
2026-02-23T12:03:02.148155,Ghost Zone,CRUDEOILM,BUY_PE_GTZ,5950,180.77327993274653,5963.0,Ghost Zone: Supply retest
2026-02-23T12:03:51.592803,CPR,GOLDM,BUY_CE_CPR,159800,5658.963517006093,159750.0,Narrow CPR (0.058%) bullish breakout
2026-02-23T12:03:51.592803,CPR,SILVERM,BUY_CE_CPR,267000,9864.925941980227,266814.0,Narrow CPR (0.038%) bullish breakout
2026-02-23T12:03:51.592803,CPR,CRUDEOILM,BUY_CE_CPR,5950,193.7617097421579,5963.0,Narrow CPR (0.111%) bullish breakout
2026-02-23T12:03:51.592803,Ghost Zone,CRUDEOILM,BUY_PE_GTZ,5950,180.77327993274653,5963.0,Ghost Zone: Supply retest
2026-02-23T12:04:48.045725,CPR,GOLDM,BUY_CE_CPR,159800,5689.846362825911,159805.0,Narrow CPR (0.058%) bullish breakout
2026-02-23T12:04:48.045725,CPR,SILVERM,BUY_CE_CPR,267000,9864.925941980227,266814.0,Narrow CPR (0.038%) bullish breakout
2026-02-23T12:04:48.045725,CPR,CRUDEOILM,BUY_CE_CPR,5950,193.7617097421579,5963.0,Narrow CPR (0.111%) bullish breakout
2026-02-23T12:04:48.045725,Ghost Zone,CRUDEOILM,BUY_PE_GTZ,5950,180.77327993274653,5963.0,Ghost Zone: Supply retest
2026-02-23T12:05:40.763322,CPR,GOLDM,BUY_CE_CPR,159800,5673.549886237136,159776.0,Narrow CPR (0.058%) bullish breakout
2026-02-23T12:05:40.763322,CPR,SILVERM,BUY_CE_CPR,267000,9857.714076361575,266800.0,Narrow CPR (0.038%) bullish breakout
2026-02-23T12:05:40.763322,CPR,CRUDEOILM,BUY_CE_CPR,5950,193.7617097421579,5963.0,Narrow CPR (0.111%) bullish breakout
2026-02-23T12:05:40.763322,Ghost Zone,CRUDEOILM,BUY_PE_GTZ,5950,180.77327993274653,5963.0,Ghost Zone: Supply retest
2026-02-23T12:06:33.528824,CPR,GOLDM,BUY_CE_CPR,159800,5671.86567239636,159773.0,Narrow CPR (0.058%) bullish breakout
2026-02-23T12:06:33.528824,CPR,SILVERM,BUY_CE_CPR,267000,9857.714076361575,266800.0,Narrow CPR (0.038%) bullish breakout
2026-02-23T12:06:33.528824,CPR,CRUDEOILM,BUY_CE_CPR,5950,193.7617097421579,5963.0,Narrow CPR (0.111%) bullish breakout
2026-02-23T12:06:33.528824,Ghost Zone,CRUDEOILM,BUY_PE_GTZ,5950,180.77327993274653,5963.0,Ghost Zone: Supply retest
2026-02-23T12:07:25.432030,CPR,GOLDM,BUY_CE_CPR,159900,5668.137507253293,159852.0,Narrow CPR (0.058%) bullish breakout
2026-02-23T12:07:25.432030,CPR,SILVERM,BUY_CE_CPR,267000,9837.125965719271,266760.0,Narrow CPR (0.038%) bullish breakout
2026-02-23T12:07:25.432030,CPR,CRUDEOILM,BUY_CE_CPR,5950,193.7617097421579,5963.0,Narrow CPR (0.111%) bullish breakout
2026-02-23T12:07:25.432030,Ghost Zone,CRUDEOILM,BUY_PE_GTZ,5950,180.77327993274653,5963.0,Ghost Zone: Supply retest
2026-02-23T12:08:18.449012,CPR,GOLDM,BUY_CE_CPR,159700,5697.568245786392,159733.0,Narrow CPR (0.058%) bullish breakout
2026-02-23T12:08:18.449012,CPR,SILVERM,BUY_CE_CPR,266000,9949.66031833944,266050.0,Narrow CPR (0.038%) bullish breakout
2026-02-23T12:08:18.449012,CPR,CRUDEOILM,BUY_CE_CPR,5950,193.7617097421579,5963.0,Narrow CPR (0.111%) bullish breakout
2026-02-23T12:08:18.449012,Ghost Zone,CRUDEOILM,BUY_PE_GTZ,5950,180.77327993274653,5963.0,Ghost Zone: Supply retest
2026-02-23T12:09:15.732950,CPR,GOLDM,BUY_CE_CPR,159800,5673.549886237136,159776.0,Narrow CPR (0.058%) bullish breakout
2026-02-23T12:09:15.732950,CPR,SILVERM,BUY_CE_CPR,266000,10026.648451143144,266198.0,Narrow CPR (0.038%) bullish breakout
2026-02-23T12:09:15.732950,CPR,CRUDEOILM,BUY_CE_CPR,5950,193.7617097421579,5963.0,Narrow CPR (0.111%) bullish breakout
2026-02-23T12:09:15.732950,Ghost Zone,CRUDEOILM,BUY_PE_GTZ,5950,180.77327993274653,5963.0,Ghost Zone: Supply retest
2026-02-23T12:10:10.616898,CPR,GOLDM,BUY_CE_CPR,159700,5706.01367170197,159748.0,Narrow CPR (0.058%) bullish breakout
2026-02-23T12:10:10.616898,CPR,SILVERM,BUY_CE_CPR,266000,10027.69122713876,266200.0,Narrow CPR (0.038%) bullish breakout
2026-02-23T12:10:10.616898,CPR,CRUDEOILM,BUY_CE_CPR,5950,193.7617097421579,5963.0,Narrow CPR (0.111%) bullish breakout
2026-02-23T12:10:10.616898,Ghost Zone,CRUDEOILM,BUY_PE_GTZ,5950,180.77327993274653,5963.0,Ghost Zone: Supply retest
2026-02-23T12:11:00.357821,CPR,GOLDM,BUY_CE_CPR,159800,5678.042616341635,159784.0,Narrow CPR (0.058%) bullish breakout
2026-02-23T12:11:00.357821,CPR,SILVERM,BUY_CE_CPR,266000,10003.723539762292,266154.0,Narrow CPR (0.038%) bullish breakout
2026-02-23T12:11:00.357821,CPR,CRUDEOILM,BUY_CE_CPR,5950,193.7617097421579,5963.0,Narrow CPR (0.111%) bullish breakout
2026-02-23T12:11:00.357821,Ghost Zone,CRUDEOILM,BUY_PE_GTZ,5950,180.77327993274653,5963.0,Ghost Zone: Supply retest
2026-02-23T12:11:55.683659,CPR,GOLDM,BUY_CE_CPR,159700,5690.817401811801,159721.0,Narrow CPR (0.058%) bullish breakout
2026-02-23T12:11:55.683659,CPR,SILVERM,BUY_CE_CPR,266000,10024.041790588242,266193.0,Narrow CPR (0.038%) bullish breakout
2026-02-23T12:11:55.683659,CPR,CRUDEOILM,BUY_CE_CPR,5950,193.7617097421579,5963.0,Narrow CPR (0.111%) bullish breakout
2026-02-23T12:11:55.683659,Ghost Zone,CRUDEOILM,BUY_PE_GTZ,5950,180.77327993274653,5963.0,Ghost Zone: Supply retest
2026-02-23T12:12:46.980145,CPR,GOLDM,BUY_CE_CPR,159700,5686.881666725419,159714.0,Narrow CPR (0.058%) bullish breakout
2026-02-23T12:12:46.980145,CPR,SILVERM,BUY_CE_CPR,266000,10027.69122713876,266200.0,Narrow CPR (0.038%) bullish breakout
2026-02-23T12:12:46.980145,CPR,CRUDEOILM,BUY_CE_CPR,5950,193.7617097421579,5963.0,Narrow CPR (0.111%) bullish breakout
2026-02-23T12:12:46.980145,Ghost Zone,CRUDEOILM,BUY_PE_GTZ,5950,180.77327993274653,5963.0,Ghost Zone: Supply retest
2026-02-23T12:13:38.190720,CPR,GOLDM,BUY_CE_CPR,159700,5653.215079802108,159654.0,Narrow CPR (0.058%) bullish breakout
2026-02-23T12:13:38.190720,CPR,SILVERM,BUY_CE_CPR,266500,9915.975647478404,266449.0,Narrow CPR (0.038%) bullish breakout
2026-02-23T12:13:38.190720,CPR,CRUDEOILM,BUY_CE_CPR,5950,193.7617097421579,5963.0,Narrow CPR (0.111%) bullish breakout
2026-02-23T12:13:38.190720,Ghost Zone,CRUDEOILM,BUY_PE_GTZ,5950,180.77327993274653,5963.0,Ghost Zone: Supply retest
2026-02-23T12:14:32.157684,CPR,GOLDM,BUY_CE_CPR,159600,5671.058866488321,159600.0,Narrow CPR (0.058%) bullish breakout
2026-02-23T12:14:32.157684,CPR,SILVERM,BUY_CE_CPR,266000,10021.956749568537,266189.0,Narrow CPR (0.038%) bullish breakout
2026-02-23T12:14:32.157684,CPR,CRUDEOILM,BUY_CE_CPR,5950,193.7617097421579,5963.0,Narrow CPR (0.111%) bullish breakout
2026-02-23T12:14:32.157684,Ghost Zone,CRUDEOILM,BUY_PE_GTZ,5950,180.77327993274653,5963.0,Ghost Zone: Supply retest
2026-02-23T12:15:20.870443,CPR,GOLDM,BUY_CE_CPR,159600,5671.058866488321,159600.0,Narrow CPR (0.058%) bullish breakout
2026-02-23T12:15:20.870443,CPR,SILVERM,BUY_CE_CPR,266000,10021.956749568537,266189.0,Narrow CPR (0.038%) bullish breakout
2026-02-23T12:15:20.870443,CPR,CRUDEOILM,BUY_CE_CPR,5950,193.7617097421579,5963.0,Narrow CPR (0.111%) bullish breakout
2026-02-23T12:15:20.870443,Ghost Zone,CRUDEOILM,BUY_PE_GTZ,5950,180.77327993274653,5963.0,Ghost Zone: Supply retest
2026-02-23T12:16:17.785513,CPR,GOLDM,BUY_CE_CPR,159500,5668.771637473128,159510.0,Narrow CPR (0.058%) bullish breakout
2026-02-23T12:16:17.785513,CPR,SILVERM,BUY_CE_CPR,266000,9967.835379354954,266085.0,Narrow CPR (0.038%) bullish breakout
2026-02-23T12:16:17.785513,CPR,CRUDEOILM,BUY_CE_CPR,5950,193.7617097421579,5963.0,Narrow CPR (0.111%) bullish breakout
2026-02-23T12:16:17.785513,Ghost Zone,CRUDEOILM,BUY_PE_GTZ,5950,180.77327993274653,5963.0,Ghost Zone: Supply retest
2026-02-23T12:17:09.079182,CPR,GOLDM,BUY_CE_CPR,159500,5688.980969543523,159546.0,Narrow CPR (0.058%) bullish breakout
2026-02-23T12:17:09.079182,CPR,SILVERM,BUY_CE_CPR,266000,9830.71141336487,265820.0,Narrow CPR (0.038%) bullish breakout
2026-02-23T12:17:09.079182,CPR,CRUDEOILM,BUY_CE_CPR,5950,193.7617097421579,5963.0,Narrow CPR (0.111%) bullish breakout
2026-02-23T12:17:09.079182,Ghost Zone,CRUDEOILM,BUY_PE_GTZ,5950,180.77327993274653,5963.0,Ghost Zone: Supply retest
2026-02-23T12:18:03.182546,CPR,GOLDM,BUY_CE_CPR,159600,5681.724688078254,159619.0,Narrow CPR (0.058%) bullish breakout
2026-02-23T12:18:03.182546,CPR,SILVERM,BUY_CE_CPR,266000,9923.72990682681,266000.0,Narrow CPR (0.038%) bullish breakout
2026-02-23T12:18:03.182546,CPR,CRUDEOILM,BUY_CE_CPR,5950,193.7617097421579,5963.0,Narrow CPR (0.111%) bullish breakout
2026-02-23T12:18:03.182546,Ghost Zone,CRUDEOILM,BUY_PE_GTZ,5950,180.77327993274653,5963.0,Ghost Zone: Supply retest
2026-02-23T12:18:55.895976,CPR,GOLDM,BUY_CE_CPR,159600,5699.1531682418,159650.0,Narrow CPR (0.058%) bullish breakout
2026-02-23T12:18:55.895976,CPR,SILVERM,BUY_CE_CPR,266500,9829.793352381195,266282.0,Narrow CPR (0.038%) bullish breakout
2026-02-23T12:18:55.895976,CPR,CRUDEOILM,BUY_CE_CPR,5950,193.7617097421579,5963.0,Narrow CPR (0.111%) bullish breakout
2026-02-23T12:18:55.895976,Ghost Zone,CRUDEOILM,BUY_PE_GTZ,5950,180.77327993274653,5963.0,Ghost Zone: Supply retest
2026-02-23T12:19:48.253560,CPR,GOLDM,BUY_CE_CPR,159700,5665.54528741508,159676.0,Narrow CPR (0.058%) bullish breakout
2026-02-23T12:19:48.253560,CPR,SILVERM,BUY_CE_CPR,266500,9839.06104675569,266300.0,Narrow CPR (0.038%) bullish breakout
2026-02-23T12:19:48.253560,CPR,CRUDEOILM,BUY_CE_CPR,5950,193.7617097421579,5963.0,Narrow CPR (0.111%) bullish breakout
2026-02-23T12:19:48.253560,Ghost Zone,CRUDEOILM,BUY_PE_GTZ,5950,180.77327993274653,5963.0,Ghost Zone: Supply retest
2026-02-23T12:20:43.065343,CPR,GOLDM,BUY_CE_CPR,159700,5668.3499024396615,159681.0,Narrow CPR (0.058%) bullish breakout
2026-02-23T12:20:43.065343,CPR,SILVERM,BUY_CE_CPR,266000,10027.69122713876,266200.0,Narrow CPR (0.038%) bullish breakout
2026-02-23T12:20:43.065343,CPR,CRUDEOILM,BUY_CE_CPR,5950,193.7617097421579,5963.0,Narrow CPR (0.111%) bullish breakout
2026-02-23T12:20:43.065343,Ghost Zone,CRUDEOILM,BUY_PE_GTZ,5950,180.77327993274653,5963.0,Ghost Zone: Supply retest
2026-02-23T12:21:45.992087,CPR,GOLDM,BUY_CE_CPR,159700,5680.138563152547,159702.0,Narrow CPR (0.058%) bullish breakout
2026-02-23T12:21:45.992087,CPR,SILVERM,BUY_CE_CPR,266500,9815.3872269263,266254.0,Narrow CPR (0.038%) bullish breakout
2026-02-23T12:21:45.992087,CPR,CRUDEOILM,BUY_CE_CPR,5950,193.7617097421579,5963.0,Narrow CPR (0.111%) bullish breakout
2026-02-23T12:21:45.992087,Ghost Zone,CRUDEOILM,BUY_PE_GTZ,5950,180.77327993274653,5963.0,Ghost Zone: Supply retest
2026-02-23T12:22:51.157657,CPR,GOLDM,BUY_CE_CPR,159600,5671.058866488321,159600.0,Narrow CPR (0.058%) bullish breakout
2026-02-23T12:22:51.158662,CPR,SILVERM,BUY_CE_CPR,266000,9997.476657366473,266142.0,Narrow CPR (0.038%) bullish breakout
2026-02-23T12:22:51.158662,CPR,CRUDEOILM,BUY_CE_CPR,5950,193.7617097421579,5963.0,Narrow CPR (0.111%) bullish breakout
2026-02-23T12:22:51.158662,Ghost Zone,CRUDEOILM,BUY_PE_GTZ,5950,180.77327993274653,5963.0,Ghost Zone: Supply retest
2026-02-23T12:23:50.446894,CPR,GOLDM,BUY_CE_CPR,159600,5689.029428927515,159632.0,Narrow CPR (0.058%) bullish breakout
2026-02-23T12:23:50.446894,CPR,SILVERM,BUY_CE_CPR,266000,9997.476657366473,266142.0,Narrow CPR (0.038%) bullish breakout
2026-02-23T12:23:50.446894,CPR,CRUDEOILM,BUY_CE_CPR,5950,193.7617097421579,5963.0,Narrow CPR (0.111%) bullish breakout
2026-02-23T12:23:50.446894,Ghost Zone,CRUDEOILM,BUY_PE_GTZ,5950,180.77327993274653,5963.0,Ghost Zone: Supply retest
2026-02-23T12:24:57.908815,CPR,GOLDM,BUY_CE_CPR,159600,5685.657296130711,159626.0,Narrow CPR (0.058%) bullish breakout
2026-02-23T12:24:57.936419,CPR,SILVERM,BUY_CE_CPR,266500,9821.04528244085,266265.0,Narrow CPR (0.038%) bullish breakout
2026-02-23T12:24:57.936419,CPR,CRUDEOILM,BUY_CE_CPR,5950,193.7617097421579,5963.0,Narrow CPR (0.111%) bullish breakout
2026-02-23T12:24:57.936419,Ghost Zone,CRUDEOILM,BUY_PE_GTZ,5950,180.77327993274653,5963.0,Ghost Zone: Supply retest
2026-02-23T12:25:54.587636,CPR,GOLDM,BUY_CE_CPR,159600,5671.058866488321,159600.0,Narrow CPR (0.058%) bullish breakout
2026-02-23T12:25:54.587636,CPR,SILVERM,BUY_CE_CPR,266000,9965.237743613498,266080.0,Narrow CPR (0.038%) bullish breakout
2026-02-23T12:25:54.587636,CPR,CRUDEOILM,BUY_CE_CPR,5950,193.7617097421579,5963.0,Narrow CPR (0.111%) bullish breakout
2026-02-23T12:25:54.587636,Ghost Zone,CRUDEOILM,BUY_PE_GTZ,5950,180.77327993274653,5963.0,Ghost Zone: Supply retest
2026-02-23T12:26:50.066268,CPR,GOLDM,BUY_CE_CPR,159600,5646.965796357291,159557.0,Narrow CPR (0.058%) bullish breakout
2026-02-23T12:26:50.066268,CPR,SILVERM,BUY_CE_CPR,266500,9839.06104675569,266300.0,Narrow CPR (0.038%) bullish breakout
2026-02-23T12:26:50.066268,CPR,CRUDEOILM,BUY_CE_CPR,5950,193.7617097421579,5963.0,Narrow CPR (0.111%) bullish breakout
2026-02-23T12:26:50.066268,Ghost Zone,CRUDEOILM,BUY_PE_GTZ,5950,180.77327993274653,5963.0,Ghost Zone: Supply retest
2026-02-23T12:27:44.314324,CPR,GOLDM,BUY_CE_CPR,159600,5650.323839962624,159563.0,Narrow CPR (0.058%) bullish breakout
2026-02-23T12:27:44.314324,CPR,SILVERM,BUY_CE_CPR,266500,9839.06104675569,266300.0,Narrow CPR (0.038%) bullish breakout
2026-02-23T12:27:44.314324,CPR,CRUDEOILM,BUY_CE_CPR,5950,193.7617097421579,5963.0,Narrow CPR (0.111%) bullish breakout
2026-02-23T12:27:44.314324,Ghost Zone,CRUDEOILM,BUY_PE_GTZ,5950,180.77327993274653,5963.0,Ghost Zone: Supply retest
2026-02-23T12:28:41.190186,CPR,GOLDM,BUY_CE_CPR,159600,5654.2431075170025,159570.0,Narrow CPR (0.058%) bullish breakout
2026-02-23T12:28:41.190186,CPR,SILVERM,BUY_CE_CPR,266000,9923.72990682681,266000.0,Narrow CPR (0.038%) bullish breakout
2026-02-23T12:28:41.190186,CPR,CRUDEOILM,BUY_CE_CPR,5950,193.7617097421579,5963.0,Narrow CPR (0.111%) bullish breakout
2026-02-23T12:28:41.190186,Ghost Zone,CRUDEOILM,BUY_PE_GTZ,5950,180.77327993274653,5963.0,Ghost Zone: Supply retest
2026-02-23T12:29:36.942922,CPR,GOLDM,BUY_CE_CPR,159600,5643.049629165109,159550.0,Narrow CPR (0.058%) bullish breakout
2026-02-23T12:29:36.942922,CPR,SILVERM,BUY_CE_CPR,266000,9924.248123440062,266001.0,Narrow CPR (0.038%) bullish breakout
2026-02-23T12:29:36.942922,CPR,CRUDEOILM,BUY_CE_CPR,5950,193.7617097421579,5963.0,Narrow CPR (0.111%) bullish breakout
2026-02-23T12:29:36.942922,Ghost Zone,CRUDEOILM,BUY_PE_GTZ,5950,180.77327993274653,5963.0,Ghost Zone: Supply retest
2026-02-23T12:30:31.348957,CPR,GOLDM,BUY_CE_CPR,159600,5643.049629165109,159550.0,Narrow CPR (0.058%) bullish breakout
2026-02-23T12:30:31.348957,CPR,SILVERM,BUY_CE_CPR,266000,9949.66031833944,266050.0,Narrow CPR (0.038%) bullish breakout
2026-02-23T12:30:31.348957,CPR,CRUDEOILM,BUY_CE_CPR,5950,193.7617097421579,5963.0,Narrow CPR (0.111%) bullish breakout
2026-02-23T12:30:31.348957,Ghost Zone,CRUDEOILM,BUY_PE_GTZ,5950,180.77327993274653,5963.0,Ghost Zone: Supply retest
2026-02-23T12:31:25.292823,CPR,GOLDM,BUY_CE_CPR,159600,5650.323839962624,159563.0,Narrow CPR (0.058%) bullish breakout
2026-02-23T12:31:25.292823,CPR,SILVERM,BUY_CE_CPR,266000,9959.524351116585,266069.0,Narrow CPR (0.038%) bullish breakout
2026-02-23T12:31:25.292823,CPR,CRUDEOILM,BUY_CE_CPR,5950,193.7617097421579,5963.0,Narrow CPR (0.111%) bullish breakout
2026-02-23T12:31:25.292823,Ghost Zone,CRUDEOILM,BUY_PE_GTZ,5950,180.77327993274653,5963.0,Ghost Zone: Supply retest
2026-02-23T12:32:18.784330,CPR,GOLDM,BUY_CE_CPR,159500,5686.7333092239005,159542.0,Narrow CPR (0.058%) bullish breakout
2026-02-23T12:32:18.784330,CPR,SILVERM,BUY_CE_CPR,266500,9839.06104675569,266300.0,Narrow CPR (0.038%) bullish breakout
2026-02-23T12:32:18.784330,CPR,CRUDEOILM,BUY_CE_CPR,5950,193.7617097421579,5963.0,Narrow CPR (0.111%) bullish breakout
2026-02-23T12:32:18.784330,Ghost Zone,CRUDEOILM,BUY_PE_GTZ,5950,180.77327993274653,5963.0,Ghost Zone: Supply retest
2026-02-23T12:33:13.494711,CPR,GOLDM,BUY_CE_CPR,159500,5684.486193483164,159538.0,Narrow CPR (0.058%) bullish breakout
2026-02-23T12:33:13.494711,CPR,SILVERM,BUY_CE_CPR,266500,9890.642466868803,266400.0,Narrow CPR (0.038%) bullish breakout
2026-02-23T12:33:13.494711,CPR,CRUDEOILM,BUY_CE_CPR,5950,193.7617097421579,5963.0,Narrow CPR (0.111%) bullish breakout
2026-02-23T12:33:13.494711,Ghost Zone,CRUDEOILM,BUY_PE_GTZ,5950,180.77327993274653,5963.0,Ghost Zone: Supply retest
2026-02-23T12:34:09.408892,CPR,GOLDM,BUY_CE_CPR,159400,5681.6841153145015,159447.0,Narrow CPR (0.058%) bullish breakout
2026-02-23T12:34:09.408892,CPR,SILVERM,BUY_CE_CPR,266500,9890.642466868803,266400.0,Narrow CPR (0.038%) bullish breakout
2026-02-23T12:34:09.408892,CPR,CRUDEOILM,BUY_CE_CPR,5950,193.7617097421579,5963.0,Narrow CPR (0.111%) bullish breakout
2026-02-23T12:34:09.408892,Ghost Zone,CRUDEOILM,BUY_PE_GTZ,5950,180.77327993274653,5963.0,Ghost Zone: Supply retest
2026-02-23T12:35:03.063589,CPR,GOLDM,BUY_CE_CPR,159500,5650.8448550390185,159478.0,Narrow CPR (0.058%) bullish breakout
2026-02-23T12:35:03.064087,CPR,SILVERM,BUY_CE_CPR,266500,9890.642466868803,266400.0,Narrow CPR (0.038%) bullish breakout
2026-02-23T12:35:03.064087,CPR,CRUDEOILM,BUY_CE_CPR,5950,193.7617097421579,5963.0,Narrow CPR (0.111%) bullish breakout
2026-02-23T12:35:03.064087,Ghost Zone,CRUDEOILM,BUY_PE_GTZ,5950,180.77327993274653,5963.0,Ghost Zone: Supply retest
2026-02-23T12:35:55.695330,CPR,GOLDM,BUY_CE_CPR,159400,5672.145260318552,159430.0,Narrow CPR (0.058%) bullish breakout
2026-02-23T12:35:55.695330,CPR,SILVERM,BUY_CE_CPR,266000,9949.66031833944,266050.0,Narrow CPR (0.038%) bullish breakout
2026-02-23T12:35:55.695330,CPR,CRUDEOILM,BUY_CE_CPR,5950,193.7617097421579,5963.0,Narrow CPR (0.111%) bullish breakout
2026-02-23T12:35:55.695330,Ghost Zone,CRUDEOILM,BUY_PE_GTZ,5950,180.77327993274653,5963.0,Ghost Zone: Supply retest
2026-02-23T12:36:47.365454,CPR,GOLDM,BUY_CE_CPR,159500,5660.364111877334,159495.0,Narrow CPR (0.058%) bullish breakout
2026-02-23T12:36:47.365454,CPR,SILVERM,BUY_CE_CPR,266000,9949.66031833944,266050.0,Narrow CPR (0.038%) bullish breakout
2026-02-23T12:36:47.365454,CPR,CRUDEOILM,BUY_CE_CPR,5950,193.7617097421579,5963.0,Narrow CPR (0.111%) bullish breakout
2026-02-23T12:36:47.365454,Ghost Zone,CRUDEOILM,BUY_PE_GTZ,5950,180.77327993274653,5963.0,Ghost Zone: Supply retest
2026-02-23T12:37:40.918298,CPR,GOLDM,BUY_CE_CPR,159500,5688.980969543523,159546.0,Narrow CPR (0.058%) bullish breakout
2026-02-23T12:37:40.918298,CPR,SILVERM,BUY_CE_CPR,266000,9961.601724679867,266073.0,Narrow CPR (0.038%) bullish breakout
2026-02-23T12:37:40.918298,CPR,CRUDEOILM,BUY_CE_CPR,5950,193.7617097421579,5963.0,Narrow CPR (0.111%) bullish breakout
2026-02-23T12:37:40.918298,Ghost Zone,CRUDEOILM,BUY_PE_GTZ,5950,180.77327993274653,5963.0,Ghost Zone: Supply retest
2026-02-23T12:38:34.436322,CPR,GOLDM,BUY_CE_CPR,159600,5671.058866488321,159600.0,Narrow CPR (0.058%) bullish breakout
2026-02-23T12:38:34.436322,CPR,SILVERM,BUY_CE_CPR,266500,9840.606165659518,266303.0,Narrow CPR (0.038%) bullish breakout
2026-02-23T12:38:34.436322,CPR,CRUDEOILM,BUY_CE_CPR,5950,193.7617097421579,5963.0,Narrow CPR (0.111%) bullish breakout
2026-02-23T12:38:34.436322,Ghost Zone,CRUDEOILM,BUY_PE_GTZ,5950,180.77327993274653,5963.0,Ghost Zone: Supply retest
2026-02-23T12:39:26.966384,CPR,GOLDM,BUY_CE_CPR,159600,5684.533523828612,159624.0,Narrow CPR (0.058%) bullish breakout
2026-02-23T12:39:26.966384,CPR,SILVERM,BUY_CE_CPR,266500,9939.7926908204,266495.0,Narrow CPR (0.038%) bullish breakout
2026-02-23T12:39:26.966384,CPR,CRUDEOILM,BUY_CE_CPR,5950,193.7617097421579,5963.0,Narrow CPR (0.111%) bullish breakout
2026-02-23T12:39:26.966384,Ghost Zone,CRUDEOILM,BUY_PE_GTZ,5950,180.77327993274653,5963.0,Ghost Zone: Supply retest
2026-02-23T12:40:20.840325,CPR,GOLDM,BUY_CE_CPR,159600,5689.591570032664,159633.0,Narrow CPR (0.058%) bullish breakout
2026-02-23T12:40:20.840325,CPR,SILVERM,BUY_CE_CPR,266500,9969.351953009573,266552.0,Narrow CPR (0.038%) bullish breakout
2026-02-23T12:40:20.840325,CPR,CRUDEOILM,BUY_CE_CPR,5950,193.7617097421579,5963.0,Narrow CPR (0.111%) bullish breakout
2026-02-23T12:40:20.840325,Ghost Zone,CRUDEOILM,BUY_PE_GTZ,5950,180.77327993274653,5963.0,Ghost Zone: Supply retest
2026-02-23T12:41:15.997218,CPR,GOLDM,BUY_CE_CPR,159600,5683.40988752318,159622.0,Narrow CPR (0.058%) bullish breakout
2026-02-23T12:41:15.997218,CPR,SILVERM,BUY_CE_CPR,266500,9941.865333828877,266499.0,Narrow CPR (0.038%) bullish breakout
2026-02-23T12:41:15.997218,CPR,CRUDEOILM,BUY_CE_CPR,5950,193.7617097421579,5963.0,Narrow CPR (0.111%) bullish breakout
2026-02-23T12:41:15.997218,Ghost Zone,CRUDEOILM,BUY_PE_GTZ,5950,180.77327993274653,5963.0,Ghost Zone: Supply retest
2026-02-23T12:42:08.266612,CPR,GOLDM,BUY_CE_CPR,159600,5671.619919353453,159601.0,Narrow CPR (0.058%) bullish breakout
2026-02-23T12:42:08.266612,CPR,SILVERM,BUY_CE_CPR,266500,9952.75089794018,266520.0,Narrow CPR (0.038%) bullish breakout
2026-02-23T12:42:08.266612,CPR,CRUDEOILM,BUY_CE_CPR,5950,193.7617097421579,5963.0,Narrow CPR (0.111%) bullish breakout
2026-02-23T12:42:08.266612,Ghost Zone,CRUDEOILM,BUY_PE_GTZ,5950,180.77327993274653,5963.0,Ghost Zone: Supply retest
2026-02-23T12:43:01.145251,CPR,GOLDM,BUY_CE_CPR,159600,5671.058866488321,159600.0,Narrow CPR (0.058%) bullish breakout
2026-02-23T12:43:01.145251,CPR,SILVERM,BUY_CE_CPR,266500,9941.865333828877,266499.0,Narrow CPR (0.038%) bullish breakout
2026-02-23T12:43:01.145251,CPR,CRUDEOILM,BUY_CE_CPR,5950,193.7617097421579,5963.0,Narrow CPR (0.111%) bullish breakout
2026-02-23T12:43:01.145251,Ghost Zone,CRUDEOILM,BUY_PE_GTZ,5950,180.77327993274653,5963.0,Ghost Zone: Supply retest
2026-02-23T12:44:02.500209,CPR,GOLDM,BUY_CE_CPR,159600,5663.207699592698,159586.0,Narrow CPR (0.058%) bullish breakout
2026-02-23T12:44:02.500209,CPR,SILVERM,BUY_CE_CPR,266500,9890.642466868803,266400.0,Narrow CPR (0.038%) bullish breakout
2026-02-23T12:44:02.500209,CPR,CRUDEOILM,BUY_CE_CPR,5950,193.7617097421579,5963.0,Narrow CPR (0.111%) bullish breakout
2026-02-23T12:44:02.500209,Ghost Zone,CRUDEOILM,BUY_PE_GTZ,5950,180.77327993274653,5963.0,Ghost Zone: Supply retest
2026-02-23T12:44:54.368971,CPR,GOLDM,BUY_CE_CPR,159600,5656.483438297459,159574.0,Narrow CPR (0.058%) bullish breakout
2026-02-23T12:44:54.368971,CPR,SILVERM,BUY_CE_CPR,266500,9890.642466868803,266400.0,Narrow CPR (0.038%) bullish breakout
2026-02-23T12:44:54.368971,CPR,CRUDEOILM,BUY_CE_CPR,5950,193.7617097421579,5963.0,Narrow CPR (0.111%) bullish breakout
2026-02-23T12:44:54.368971,Ghost Zone,CRUDEOILM,BUY_PE_GTZ,5950,180.77327993274653,5963.0,Ghost Zone: Supply retest
2026-02-23T12:45:46.211763,CPR,GOLDM,BUY_CE_CPR,159600,5643.049629165109,159550.0,Narrow CPR (0.058%) bullish breakout
2026-02-23T12:45:46.211763,CPR,SILVERM,BUY_CE_CPR,266500,9890.642466868803,266400.0,Narrow CPR (0.038%) bullish breakout
2026-02-23T12:45:46.211763,CPR,CRUDEOILM,BUY_CE_CPR,5950,193.7617097421579,5963.0,Narrow CPR (0.111%) bullish breakout
2026-02-23T12:45:46.211763,Ghost Zone,CRUDEOILM,BUY_PE_GTZ,5950,180.77327993274653,5963.0,Ghost Zone: Supply retest
2026-02-23T12:46:37.439412,CPR,GOLDM,BUY_CE_CPR,159600,5643.049629165109,159550.0,Narrow CPR (0.058%) bullish breakout
2026-02-23T12:46:37.439412,CPR,SILVERM,BUY_CE_CPR,266500,9822.07422750273,266267.0,Narrow CPR (0.038%) bullish breakout
2026-02-23T12:46:37.439412,CPR,CRUDEOILM,BUY_CE_CPR,5950,193.7617097421579,5963.0,Narrow CPR (0.111%) bullish breakout
2026-02-23T12:46:37.439412,Ghost Zone,CRUDEOILM,BUY_PE_GTZ,5950,180.77327993274653,5963.0,Ghost Zone: Supply retest
2026-02-23T12:47:29.874371,CPR,GOLDM,BUY_CE_CPR,159600,5664.88953092055,159589.0,Narrow CPR (0.058%) bullish breakout
2026-02-23T12:47:29.874371,CPR,SILVERM,BUY_CE_CPR,266500,9815.901515724856,266255.0,Narrow CPR (0.038%) bullish breakout
2026-02-23T12:47:29.874371,CPR,CRUDEOILM,BUY_CE_CPR,5950,193.7617097421579,5963.0,Narrow CPR (0.111%) bullish breakout
2026-02-23T12:47:29.874371,Ghost Zone,CRUDEOILM,BUY_PE_GTZ,5950,180.77327993274653,5963.0,Ghost Zone: Supply retest
2026-02-23T12:48:21.993475,CPR,GOLDM,BUY_CE_CPR,159600,5680.60139180342,159617.0,Narrow CPR (0.058%) bullish breakout
2026-02-23T12:48:21.993475,CPR,SILVERM,BUY_CE_CPR,266500,9864.83179543763,266350.0,Narrow CPR (0.038%) bullish breakout
2026-02-23T12:48:21.993475,CPR,CRUDEOILM,BUY_CE_CPR,5950,193.7617097421579,5963.0,Narrow CPR (0.111%) bullish breakout
2026-02-23T12:48:21.993475,Ghost Zone,CRUDEOILM,BUY_PE_GTZ,5950,180.77327993274653,5963.0,Ghost Zone: Supply retest
2026-02-23T12:49:14.261223,CPR,GOLDM,BUY_CE_CPR,159600,5644.168363689249,159552.0,Narrow CPR (0.058%) bullish breakout
2026-02-23T12:49:14.261223,CPR,SILVERM,BUY_CE_CPR,266000,9941.876999258984,266035.0,Narrow CPR (0.038%) bullish breakout
2026-02-23T12:49:14.261223,CPR,CRUDEOILM,BUY_CE_CPR,5950,193.7617097421579,5963.0,Narrow CPR (0.111%) bullish breakout
2026-02-23T12:49:14.261223,Ghost Zone,CRUDEOILM,BUY_PE_GTZ,5950,180.77327993274653,5963.0,Ghost Zone: Supply retest
2026-02-23T12:50:07.832340,CPR,GOLDM,BUY_CE_CPR,159600,5659.84495608232,159580.0,Narrow CPR (0.058%) bullish breakout
2026-02-23T12:50:07.832340,CPR,SILVERM,BUY_CE_CPR,266000,9796.7345076065,265754.0,Narrow CPR (0.038%) bullish breakout
2026-02-23T12:50:07.832340,CPR,CRUDEOILM,BUY_CE_CPR,5950,193.7617097421579,5963.0,Narrow CPR (0.111%) bullish breakout
2026-02-23T12:50:07.832340,Ghost Zone,CRUDEOILM,BUY_PE_GTZ,5950,180.77327993274653,5963.0,Ghost Zone: Supply retest
2026-02-23T12:51:02.167991,CPR,GOLDM,BUY_CE_CPR,159500,5658.123400247673,159491.0,Narrow CPR (0.058%) bullish breakout
2026-02-23T12:51:02.167991,CPR,SILVERM,BUY_CE_CPR,265000,9887.977349606555,265003.0,Narrow CPR (0.038%) bullish breakout
2026-02-23T12:51:02.167991,CPR,CRUDEOILM,BUY_CE_CPR,5950,193.7617097421579,5963.0,Narrow CPR (0.111%) bullish breakout
2026-02-23T12:51:02.167991,Ghost Zone,CRUDEOILM,BUY_PE_GTZ,5950,180.77327993274653,5963.0,Ghost Zone: Supply retest
2026-02-23T12:51:54.503087,CPR,GOLDM,BUY_CE_CPR,159600,5643.049629165109,159550.0,Narrow CPR (0.058%) bullish breakout
2026-02-23T12:51:54.503087,CPR,SILVERM,BUY_CE_CPR,265500,9822.36796595269,265340.0,Narrow CPR (0.038%) bullish breakout
2026-02-23T12:51:54.503087,CPR,CRUDEOILM,BUY_CE_CPR,5950,193.7617097421579,5963.0,Narrow CPR (0.111%) bullish breakout
2026-02-23T12:51:54.503087,Ghost Zone,CRUDEOILM,BUY_PE_GTZ,5950,180.77327993274653,5963.0,Ghost Zone: Supply retest
2026-02-23T12:52:47.258724,CPR,GOLDM,BUY_CE_CPR,159500,5690.10500389816,159548.0,Narrow CPR (0.058%) bullish breakout
2026-02-23T12:52:47.258724,CPR,SILVERM,BUY_CE_CPR,265500,9822.36796595269,265340.0,Narrow CPR (0.038%) bullish breakout
2026-02-23T12:52:47.258724,CPR,CRUDEOILM,BUY_CE_CPR,5950,193.7617097421579,5963.0,Narrow CPR (0.111%) bullish breakout
2026-02-23T12:52:47.258724,Ghost Zone,CRUDEOILM,BUY_PE_GTZ,5950,180.77327993274653,5963.0,Ghost Zone: Supply retest
2026-02-23T12:53:39.951919,CPR,GOLDM,BUY_CE_CPR,159600,5643.049629165109,159550.0,Narrow CPR (0.058%) bullish breakout
2026-02-23T12:53:39.951919,CPR,SILVERM,BUY_CE_CPR,265000,9851.738694270474,264933.0,Narrow CPR (0.038%) bullish breakout
2026-02-23T12:53:39.951919,CPR,CRUDEOILM,BUY_CE_CPR,5950,193.7617097421579,5963.0,Narrow CPR (0.111%) bullish breakout
2026-02-23T12:53:39.951919,Ghost Zone,CRUDEOILM,BUY_PE_GTZ,5950,180.77327993274653,5963.0,Ghost Zone: Supply retest
2026-02-23T12:54:31.209548,CPR,GOLDM,BUY_CE_CPR,159500,5674.3809137191365,159520.0,Narrow CPR (0.058%) bullish breakout
2026-02-23T12:54:31.209548,CPR,SILVERM,BUY_CE_CPR,265000,10008.122585252791,265234.0,Narrow CPR (0.038%) bullish breakout
2026-02-23T12:54:31.209548,CPR,CRUDEOILM,BUY_CE_CPR,5950,193.7617097421579,5963.0,Narrow CPR (0.111%) bullish breakout
2026-02-23T12:54:31.209548,Ghost Zone,CRUDEOILM,BUY_PE_GTZ,5950,180.77327993274653,5963.0,Ghost Zone: Supply retest
2026-02-23T12:55:26.713807,CPR,GOLDM,BUY_CE_CPR,159400,5669.3415903310815,159425.0,Narrow CPR (0.058%) bullish breakout
2026-02-23T12:55:26.713807,CPR,SILVERM,BUY_CE_CPR,265000,9802.683477303986,264838.0,Narrow CPR (0.038%) bullish breakout
2026-02-23T12:55:26.713807,CPR,CRUDEOILM,BUY_CE_CPR,5950,193.7617097421579,5963.0,Narrow CPR (0.111%) bullish breakout
2026-02-23T12:55:26.713807,Ghost Zone,CRUDEOILM,BUY_PE_GTZ,5950,180.77327993274653,5963.0,Ghost Zone: Supply retest
2026-02-23T12:56:20.477562,CPR,GOLDM,BUY_CE_CPR,159300,5653.722778849602,159311.0,Narrow CPR (0.058%) bullish breakout
2026-02-23T12:56:20.477562,CPR,SILVERM,BUY_CE_CPR,265000,9777.952798776716,264790.0,Narrow CPR (0.038%) bullish breakout
2026-02-23T12:56:20.477562,CPR,CRUDEOILM,BUY_CE_CPR,5950,193.7617097421579,5963.0,Narrow CPR (0.111%) bullish breakout
2026-02-23T12:56:20.477562,Ghost Zone,CRUDEOILM,BUY_PE_GTZ,5950,180.77327993274653,5963.0,Ghost Zone: Supply retest
2026-02-23T12:57:14.739195,CPR,GOLDM,BUY_CE_CPR,159300,5622.999306922542,159256.0,Narrow CPR (0.058%) bullish breakout
2026-02-23T12:57:14.739195,CPR,SILVERM,BUY_CE_CPR,263000,9912.123418347708,263193.0,Narrow CPR (0.038%) bullish breakout
2026-02-23T12:57:14.739195,CPR,CRUDEOILM,BUY_CE_CPR,5950,193.7617097421579,5963.0,Narrow CPR (0.111%) bullish breakout
2026-02-23T12:57:14.739195,Ghost Zone,CRUDEOILM,BUY_PE_GTZ,5950,180.77327993274653,5963.0,Ghost Zone: Supply retest
2026-02-23T12:58:08.761736,CPR,GOLDM,BUY_CE_CPR,159300,5651.484855656214,159307.0,Narrow CPR (0.058%) bullish breakout
2026-02-23T12:58:08.761736,CPR,SILVERM,BUY_CE_CPR,263000,9941.865309641023,263250.0,Narrow CPR (0.038%) bullish breakout
2026-02-23T12:58:08.761736,CPR,CRUDEOILM,BUY_CE_CPR,5950,193.7617097421579,5963.0,Narrow CPR (0.111%) bullish breakout
2026-02-23T12:58:08.761736,Ghost Zone,CRUDEOILM,BUY_PE_GTZ,5950,180.77327993274653,5963.0,Ghost Zone: Supply retest
2026-02-23T12:59:04.629585,CPR,GOLDM,BUY_CE_CPR,159200,5665.036589657855,159245.0,Narrow CPR (0.058%) bullish breakout
2026-02-23T12:59:04.629585,CPR,SILVERM,BUY_CE_CPR,264000,9902.056447888544,264102.0,Narrow CPR (0.038%) bullish breakout
2026-02-23T12:59:04.629585,CPR,CRUDEOILM,BUY_CE_CPR,5950,193.7617097421579,5963.0,Narrow CPR (0.111%) bullish breakout
2026-02-23T12:59:04.629585,Ghost Zone,CRUDEOILM,BUY_PE_GTZ,5950,180.77327993274653,5963.0,Ghost Zone: Supply retest
2026-02-23T12:59:59.260765,CPR,GOLDM,BUY_CE_CPR,159200,5658.877677642775,159234.0,Narrow CPR (0.058%) bullish breakout
2026-02-23T12:59:59.260765,CPR,SILVERM,BUY_CE_CPR,264500,9798.473440369971,264366.0,Narrow CPR (0.038%) bullish breakout
2026-02-23T12:59:59.260765,CPR,CRUDEOILM,BUY_CE_CPR,5950,193.7617097421579,5963.0,Narrow CPR (0.111%) bullish breakout
2026-02-23T12:59:59.260765,Ghost Zone,CRUDEOILM,BUY_PE_GTZ,5950,180.77327993274653,5963.0,Ghost Zone: Supply retest
2026-02-23T13:00:59.787144,CPR,GOLDM,BUY_CE_CPR,159300,5666.601448989679,159334.0,Narrow CPR (0.058%) bullish breakout
2026-02-23T13:00:59.787144,CPR,SILVERM,BUY_CE_CPR,264500,9816.02855976413,264400.0,Narrow CPR (0.038%) bullish breakout
2026-02-23T13:00:59.787144,CPR,CRUDEOILM,BUY_CE_CPR,5950,193.7617097421579,5963.0,Narrow CPR (0.111%) bullish breakout
2026-02-23T13:00:59.787144,Ghost Zone,CRUDEOILM,BUY_PE_GTZ,5950,180.77327993274653,5963.0,Ghost Zone: Supply retest
2026-02-23T13:01:55.011520,CPR,GOLDM,BUY_CE_CPR,159200,5639.867220804512,159200.0,Narrow CPR (0.058%) bullish breakout
2026-02-23T13:01:55.011520,CPR,SILVERM,BUY_CE_CPR,264500,9814.478830612205,264397.0,Narrow CPR (0.038%) bullish breakout
2026-02-23T13:01:55.011520,CPR,CRUDEOILM,BUY_CE_CPR,5950,193.7617097421579,5963.0,Narrow CPR (0.111%) bullish breakout
2026-02-23T13:01:55.011520,Ghost Zone,CRUDEOILM,BUY_PE_GTZ,5950,180.77327993274653,5963.0,Ghost Zone: Supply retest
2026-02-23T13:02:51.265112,CPR,GOLDM,BUY_CE_CPR,159200,5617.552672174991,159160.0,Narrow CPR (0.058%) bullish breakout
2026-02-23T13:02:51.265112,CPR,SILVERM,BUY_CE_CPR,263500,9865.21796232443,263567.0,Narrow CPR (0.038%) bullish breakout
2026-02-23T13:02:51.265112,CPR,CRUDEOILM,BUY_CE_CPR,5950,193.7617097421579,5963.0,Narrow CPR (0.111%) bullish breakout
2026-02-23T13:02:51.265112,Ghost Zone,CRUDEOILM,BUY_PE_GTZ,5950,180.77327993274653,5963.0,Ghost Zone: Supply retest
2026-02-23T13:03:46.179463,CPR,GOLDM,BUY_CE_CPR,159200,5661.676669976502,159239.0,Narrow CPR (0.058%) bullish breakout
2026-02-23T13:03:46.179463,CPR,SILVERM,BUY_CE_CPR,264000,9855.335059371328,264012.0,Narrow CPR (0.038%) bullish breakout
2026-02-23T13:03:46.179463,CPR,CRUDEOILM,BUY_CE_CPR,5950,193.7617097421579,5963.0,Narrow CPR (0.111%) bullish breakout
2026-02-23T13:03:46.179463,Ghost Zone,CRUDEOILM,BUY_PE_GTZ,5950,180.77327993274653,5963.0,Ghost Zone: Supply retest
2026-02-23T13:04:44.539568,CPR,GOLDM,BUY_CE_CPR,159200,5621.453759174573,159167.0,Narrow CPR (0.058%) bullish breakout
2026-02-23T13:04:44.539568,CPR,SILVERM,BUY_CE_CPR,264000,9724.180768137736,263758.0,Narrow CPR (0.038%) bullish breakout
2026-02-23T13:04:44.539568,CPR,CRUDEOILM,BUY_CE_CPR,5950,193.7617097421579,5963.0,Narrow CPR (0.111%) bullish breakout
2026-02-23T13:04:44.539568,Ghost Zone,CRUDEOILM,BUY_PE_GTZ,5950,180.77327993274653,5963.0,Ghost Zone: Supply retest
2026-02-23T13:05:43.965481,CPR,GOLDM,BUY_CE_CPR,159100,5612.165411561241,159064.0,Narrow CPR (0.058%) bullish breakout
2026-02-23T13:05:43.965481,CPR,SILVERM,BUY_CE_CPR,263500,9727.65790417926,263301.0,Narrow CPR (0.038%) bullish breakout
2026-02-23T13:05:43.965481,CPR,CRUDEOILM,BUY_CE_CPR,5950,193.7617097421579,5963.0,Narrow CPR (0.111%) bullish breakout
2026-02-23T13:05:43.965481,Ghost Zone,CRUDEOILM,BUY_PE_GTZ,5950,180.77327993274653,5963.0,Ghost Zone: Supply retest
2026-02-23T13:06:46.660293,CPR,GOLDM,BUY_CE_CPR,159000,5605.725320903449,158966.0,Narrow CPR (0.058%) bullish breakout
2026-02-23T13:06:46.660293,CPR,SILVERM,BUY_CE_CPR,263000,9707.974938140524,262799.0,Narrow CPR (0.038%) bullish breakout
2026-02-23T13:06:46.660293,CPR,CRUDEOILM,BUY_CE_CPR,5950,193.7617097421579,5963.0,Narrow CPR (0.111%) bullish breakout
2026-02-23T13:06:46.660293,Ghost Zone,CRUDEOILM,BUY_PE_GTZ,5950,180.77327993274653,5963.0,Ghost Zone: Supply retest
2026-02-23T13:07:43.940305,CPR,GOLDM,BUY_CE_CPR,159000,5624.653526112564,159000.0,Narrow CPR (0.058%) bullish breakout
2026-02-23T13:07:43.940305,CPR,SILVERM,BUY_CE_CPR,263000,9760.068135460024,262900.0,Narrow CPR (0.038%) bullish breakout
2026-02-23T13:07:43.940305,CPR,CRUDEOILM,BUY_CE_CPR,5950,193.7617097421579,5963.0,Narrow CPR (0.111%) bullish breakout
2026-02-23T13:07:43.940305,Ghost Zone,CRUDEOILM,BUY_PE_GTZ,5950,180.77327993274653,5963.0,Ghost Zone: Supply retest
2026-02-23T13:08:44.638173,CPR,GOLDM,BUY_CE_CPR,159000,5616.8547462663855,158986.0,Narrow CPR (0.058%) bullish breakout
2026-02-23T13:08:44.638173,CPR,SILVERM,BUY_CE_CPR,262000,9787.979795255078,262026.0,Narrow CPR (0.038%) bullish breakout
2026-02-23T13:08:44.638173,CPR,CRUDEOILM,BUY_CE_CPR,5950,193.7617097421579,5963.0,Narrow CPR (0.111%) bullish breakout
2026-02-23T13:08:44.638173,Ghost Zone,CRUDEOILM,BUY_PE_GTZ,5950,180.77327993274653,5963.0,Ghost Zone: Supply retest
2026-02-23T13:10:01.562326,CPR,GOLDM,BUY_CE_CPR,159100,5626.093333759943,159089.0,Narrow CPR (0.058%) bullish breakout
2026-02-23T13:10:01.563326,CPR,SILVERM,BUY_CE_CPR,262500,9793.154513315916,262500.0,Narrow CPR (0.038%) bullish breakout
2026-02-23T13:10:01.563326,CPR,CRUDEOILM,BUY_CE_CPR,5950,193.7617097421579,5963.0,Narrow CPR (0.111%) bullish breakout
2026-02-23T13:10:01.563326,Ghost Zone,CRUDEOILM,BUY_PE_GTZ,5950,180.77327993274653,5963.0,Ghost Zone: Supply retest
2026-02-23T13:10:59.487024,CPR,GOLDM,BUY_CE_CPR,159100,5654.572785844055,159140.0,Narrow CPR (0.058%) bullish breakout
2026-02-23T13:10:59.487024,CPR,SILVERM,BUY_CE_CPR,263000,9760.068135460024,262900.0,Narrow CPR (0.038%) bullish breakout
2026-02-23T13:10:59.487024,CPR,CRUDEOILM,BUY_CE_CPR,5950,193.7617097421579,5963.0,Narrow CPR (0.111%) bullish breakout
2026-02-23T13:10:59.487024,Ghost Zone,CRUDEOILM,BUY_PE_GTZ,5950,180.77327993274653,5963.0,Ghost Zone: Supply retest
2026-02-23T13:11:57.529061,CPR,GOLDM,BUY_CE_CPR,159200,5617.552672174991,159160.0,Narrow CPR (0.058%) bullish breakout
2026-02-23T13:11:57.529061,CPR,SILVERM,BUY_CE_CPR,263000,9811.808140960327,263000.0,Narrow CPR (0.038%) bullish breakout
2026-02-23T13:11:57.529061,CPR,CRUDEOILM,BUY_CE_CPR,5950,193.7617097421579,5963.0,Narrow CPR (0.111%) bullish breakout
2026-02-23T13:11:57.529061,Ghost Zone,CRUDEOILM,BUY_PE_GTZ,5950,180.77327993274653,5963.0,Ghost Zone: Supply retest
2026-02-23T13:13:00.894562,CPR,GOLDM,BUY_CE_CPR,159200,5622.568664053835,159169.0,Narrow CPR (0.058%) bullish breakout
2026-02-23T13:13:00.894562,CPR,SILVERM,BUY_CE_CPR,263000,9811.808140960327,263000.0,Narrow CPR (0.038%) bullish breakout
2026-02-23T13:13:00.894562,CPR,CRUDEOILM,BUY_CE_CPR,5950,193.7617097421579,5963.0,Narrow CPR (0.111%) bullish breakout
2026-02-23T13:13:00.894562,Ghost Zone,CRUDEOILM,BUY_PE_GTZ,5950,180.77327993274653,5963.0,Ghost Zone: Supply retest
2026-02-23T13:14:08.909458,CPR,GOLDM,BUY_CE_CPR,159300,5625.23025064842,159260.0,Narrow CPR (0.058%) bullish breakout
2026-02-23T13:14:08.909458,CPR,SILVERM,BUY_CE_CPR,263500,9752.396295509345,263349.0,Narrow CPR (0.038%) bullish breakout
2026-02-23T13:14:08.909458,CPR,CRUDEOILM,BUY_CE_CPR,5950,193.7617097421579,5963.0,Narrow CPR (0.111%) bullish breakout
2026-02-23T13:14:08.909458,Ghost Zone,CRUDEOILM,BUY_PE_GTZ,5950,180.77327993274653,5963.0,Ghost Zone: Supply retest
2026-02-23T13:15:16.471062,CPR,GOLDM,BUY_CE_CPR,159300,5652.044285175784,159308.0,Narrow CPR (0.058%) bullish breakout
2026-02-23T13:15:16.471062,CPR,SILVERM,BUY_CE_CPR,263500,9757.554811192793,263359.0,Narrow CPR (0.038%) bullish breakout
2026-02-23T13:15:16.471062,CPR,CRUDEOILM,BUY_CE_CPR,5950,193.7617097421579,5963.0,Narrow CPR (0.111%) bullish breakout
2026-02-23T13:15:16.471062,Ghost Zone,CRUDEOILM,BUY_PE_GTZ,5950,180.77327993274653,5963.0,Ghost Zone: Supply retest
2026-02-23T13:16:23.949403,CPR,GOLDM,BUY_CE_CPR,159300,5633.042867275221,159274.0,Narrow CPR (0.058%) bullish breakout
2026-02-23T13:16:23.949403,CPR,SILVERM,BUY_CE_CPR,264000,9725.723765028082,263761.0,Narrow CPR (0.038%) bullish breakout
2026-02-23T13:16:23.949403,CPR,CRUDEOILM,BUY_CE_CPR,5950,193.7617097421579,5963.0,Narrow CPR (0.111%) bullish breakout
2026-02-23T13:16:23.949403,Ghost Zone,CRUDEOILM,BUY_PE_GTZ,5950,180.77327993274653,5963.0,Ghost Zone: Supply retest
2026-02-23T13:17:35.488149,CPR,GOLDM,BUY_CE_CPR,159300,5620.768911079472,159252.0,Narrow CPR (0.058%) bullish breakout
2026-02-23T13:17:35.488149,CPR,SILVERM,BUY_CE_CPR,264500,9848.088704431331,264462.0,Narrow CPR (0.038%) bullish breakout
2026-02-23T13:17:35.488149,CPR,CRUDEOILM,BUY_CE_CPR,5950,193.7617097421579,5963.0,Narrow CPR (0.111%) bullish breakout
2026-02-23T13:17:35.488149,Ghost Zone,CRUDEOILM,BUY_PE_GTZ,5950,180.77327993274653,5963.0,Ghost Zone: Supply retest
2026-02-23T13:18:46.914820,CPR,GOLDM,BUY_CE_CPR,159200,5652.1635861595705,159222.0,Narrow CPR (0.058%) bullish breakout
2026-02-23T13:18:46.914820,CPR,SILVERM,BUY_CE_CPR,264500,9919.670253436589,264600.0,Narrow CPR (0.038%) bullish breakout
2026-02-23T13:18:46.914820,CPR,CRUDEOILM,BUY_CE_CPR,5950,193.7617097421579,5963.0,Narrow CPR (0.111%) bullish breakout
2026-02-23T13:18:46.914820,Ghost Zone,CRUDEOILM,BUY_PE_GTZ,5950,180.77327993274653,5963.0,Ghost Zone: Supply retest
2026-02-23T13:19:50.988462,CPR,GOLDM,BUY_CE_CPR,159200,5617.552672174991,159160.0,Narrow CPR (0.058%) bullish breakout
2026-02-23T13:19:50.988462,CPR,SILVERM,BUY_CE_CPR,264500,9944.639920446238,264648.0,Narrow CPR (0.038%) bullish breakout
2026-02-23T13:19:50.988462,CPR,CRUDEOILM,BUY_CE_CPR,5950,193.7617097421579,5963.0,Narrow CPR (0.111%) bullish breakout
2026-02-23T13:19:50.988462,Ghost Zone,CRUDEOILM,BUY_PE_GTZ,5950,180.77327993274653,5963.0,Ghost Zone: Supply retest
2026-02-23T13:21:01.801698,CPR,GOLDM,BUY_CE_CPR,159200,5639.867220804512,159200.0,Narrow CPR (0.058%) bullish breakout
2026-02-23T13:21:01.801698,CPR,SILVERM,BUY_CE_CPR,264500,9868.28724055216,264501.0,Narrow CPR (0.038%) bullish breakout
2026-02-23T13:21:01.801698,CPR,CRUDEOILM,BUY_CE_CPR,5950,193.7617097421579,5963.0,Narrow CPR (0.111%) bullish breakout
2026-02-23T13:21:01.801698,Ghost Zone,CRUDEOILM,BUY_PE_GTZ,5950,180.77327993274653,5963.0,Ghost Zone: Supply retest
2026-02-23T13:22:09.670198,CPR,GOLDM,BUY_CE_CPR,159200,5623.126167920434,159170.0,Narrow CPR (0.058%) bullish breakout
2026-02-23T13:22:09.670198,CPR,SILVERM,BUY_CE_CPR,265000,9786.707348184593,264807.0,Narrow CPR (0.038%) bullish breakout
2026-02-23T13:22:09.670198,CPR,CRUDEOILM,BUY_CE_CPR,5950,193.7617097421579,5963.0,Narrow CPR (0.111%) bullish breakout
2026-02-23T13:22:09.670198,Ghost Zone,CRUDEOILM,BUY_PE_GTZ,5950,180.77327993274653,5963.0,Ghost Zone: Supply retest
2026-02-23T13:23:14.169909,CPR,GOLDM,BUY_CE_CPR,159200,5639.867220804512,159200.0,Narrow CPR (0.058%) bullish breakout
2026-02-23T13:23:14.169909,CPR,SILVERM,BUY_CE_CPR,265500,9956.977206080726,265600.0,Narrow CPR (0.038%) bullish breakout
2026-02-23T13:23:14.169909,CPR,CRUDEOILM,BUY_CE_CPR,5950,193.7617097421579,5963.0,Narrow CPR (0.111%) bullish breakout
2026-02-23T13:23:14.169909,Ghost Zone,CRUDEOILM,BUY_PE_GTZ,5950,180.77327993274653,5963.0,Ghost Zone: Supply retest
2026-02-23T13:24:22.086383,CPR,GOLDM,BUY_CE_CPR,159200,5667.83746330006,159250.0,Narrow CPR (0.058%) bullish breakout
2026-02-23T13:24:22.086383,CPR,SILVERM,BUY_CE_CPR,265000,9886.422651537972,265000.0,Narrow CPR (0.038%) bullish breakout
2026-02-23T13:24:22.086383,CPR,CRUDEOILM,BUY_CE_CPR,5950,193.7617097421579,5963.0,Narrow CPR (0.111%) bullish breakout
2026-02-23T13:24:22.086383,Ghost Zone,CRUDEOILM,BUY_PE_GTZ,5950,180.77327993274653,5963.0,Ghost Zone: Supply retest
2026-02-23T13:25:30.602984,CPR,GOLDM,BUY_CE_CPR,159200,5665.036589657855,159245.0,Narrow CPR (0.058%) bullish breakout
2026-02-23T13:25:30.602984,CPR,SILVERM,BUY_CE_CPR,265500,9905.076279182398,265500.0,Narrow CPR (0.038%) bullish breakout
2026-02-23T13:25:30.602984,CPR,CRUDEOILM,BUY_CE_CPR,5950,193.7617097421579,5963.0,Narrow CPR (0.111%) bullish breakout
2026-02-23T13:25:30.602984,Ghost Zone,CRUDEOILM,BUY_PE_GTZ,5950,180.77327993274653,5963.0,Ghost Zone: Supply retest
2026-02-23T13:26:39.757846,CPR,GOLDM,BUY_CE_CPR,159200,5661.676669976502,159239.0,Narrow CPR (0.058%) bullish breakout
2026-02-23T13:26:39.757846,CPR,SILVERM,BUY_CE_CPR,265500,9905.076279182398,265500.0,Narrow CPR (0.038%) bullish breakout
2026-02-23T13:26:39.757846,CPR,CRUDEOILM,BUY_CE_CPR,5950,193.7617097421579,5963.0,Narrow CPR (0.111%) bullish breakout
2026-02-23T13:26:39.757846,Ghost Zone,CRUDEOILM,BUY_PE_GTZ,5950,180.77327993274653,5963.0,Ghost Zone: Supply retest
2026-02-23T13:27:42.379214,CPR,GOLDM,BUY_CE_CPR,159300,5641.420971445763,159289.0,Narrow CPR (0.058%) bullish breakout
2026-02-23T13:27:42.379214,CPR,SILVERM,BUY_CE_CPR,265500,9905.076279182398,265500.0,Narrow CPR (0.038%) bullish breakout
2026-02-23T13:27:42.379214,CPR,CRUDEOILM,BUY_CE_CPR,5950,193.7617097421579,5963.0,Narrow CPR (0.111%) bullish breakout
2026-02-23T13:27:42.379214,Ghost Zone,CRUDEOILM,BUY_PE_GTZ,5950,180.77327993274653,5963.0,Ghost Zone: Supply retest
2026-02-23T13:28:52.161567,CPR,GOLDM,BUY_CE_CPR,159300,5653.722778849602,159311.0,Narrow CPR (0.058%) bullish breakout
2026-02-23T13:28:52.161567,CPR,SILVERM,BUY_CE_CPR,265500,10009.038201137477,265700.0,Narrow CPR (0.038%) bullish breakout
2026-02-23T13:28:52.161567,CPR,CRUDEOILM,BUY_CE_CPR,5950,193.7617097421579,5963.0,Narrow CPR (0.111%) bullish breakout
2026-02-23T13:28:52.161567,Ghost Zone,CRUDEOILM,BUY_PE_GTZ,5950,180.77327993274653,5963.0,Ghost Zone: Supply retest
2026-02-23T13:30:03.445497,CPR,GOLDM,BUY_CE_CPR,159300,5647.569806334616,159300.0,Narrow CPR (0.058%) bullish breakout
2026-02-23T13:30:03.445497,CPR,SILVERM,BUY_CE_CPR,265500,9905.076279182398,265500.0,Narrow CPR (0.038%) bullish breakout
2026-02-23T13:30:03.445497,CPR,CRUDEOILM,BUY_CE_CPR,5950,193.7617097421579,5963.0,Narrow CPR (0.111%) bullish breakout
2026-02-23T13:30:03.445497,Ghost Zone,CRUDEOILM,BUY_PE_GTZ,5950,180.77327993274653,5963.0,Ghost Zone: Supply retest
2026-02-23T13:31:08.668113,CPR,GOLDM,BUY_CE_CPR,159300,5630.810006500137,159270.0,Narrow CPR (0.058%) bullish breakout
2026-02-23T13:31:08.668113,CPR,SILVERM,BUY_CE_CPR,265500,9905.076279182398,265500.0,Narrow CPR (0.038%) bullish breakout
2026-02-23T13:31:08.668113,CPR,CRUDEOILM,BUY_CE_CPR,5950,193.7617097421579,5963.0,Narrow CPR (0.111%) bullish breakout
2026-02-23T13:31:08.668113,Ghost Zone,CRUDEOILM,BUY_PE_GTZ,5950,180.77327993274653,5963.0,Ghost Zone: Supply retest
2026-02-23T13:32:17.186623,CPR,GOLDM,BUY_CE_CPR,159200,5629.260972909862,159181.0,Narrow CPR (0.058%) bullish breakout
2026-02-23T13:32:17.186623,CPR,SILVERM,BUY_CE_CPR,265500,9819.274384993512,265334.0,Narrow CPR (0.038%) bullish breakout
2026-02-23T13:32:17.186623,CPR,CRUDEOILM,BUY_CE_CPR,5950,193.7617097421579,5963.0,Narrow CPR (0.111%) bullish breakout
2026-02-23T13:32:17.186623,Ghost Zone,CRUDEOILM,BUY_PE_GTZ,5950,180.77327993274653,5963.0,Ghost Zone: Supply retest
2026-02-23T13:33:25.739466,CPR,GOLDM,BUY_CE_CPR,159200,5623.68370607023,159171.0,Narrow CPR (0.058%) bullish breakout
2026-02-23T13:33:25.739466,CPR,SILVERM,BUY_CE_CPR,265000,9781.55705099664,264797.0,Narrow CPR (0.038%) bullish breakout
2026-02-23T13:33:25.739466,CPR,CRUDEOILM,BUY_CE_CPR,5950,193.7617097421579,5963.0,Narrow CPR (0.111%) bullish breakout
2026-02-23T13:33:25.739466,Ghost Zone,CRUDEOILM,BUY_PE_GTZ,5950,180.77327993274653,5963.0,Ghost Zone: Supply retest
2026-02-23T13:34:33.446221,CPR,GOLDM,BUY_CE_CPR,159200,5625.914201480166,159175.0,Narrow CPR (0.058%) bullish breakout
2026-02-23T13:34:33.446221,CPR,SILVERM,BUY_CE_CPR,265000,9781.55705099664,264797.0,Narrow CPR (0.038%) bullish breakout
2026-02-23T13:34:33.446221,CPR,CRUDEOILM,BUY_CE_CPR,5950,193.7617097421579,5963.0,Narrow CPR (0.111%) bullish breakout
2026-02-23T13:34:33.446221,Ghost Zone,CRUDEOILM,BUY_PE_GTZ,5950,180.77327993274653,5963.0,Ghost Zone: Supply retest
2026-02-23T13:35:38.518084,CPR,GOLDM,BUY_CE_CPR,159200,5637.633298731827,159196.0,Narrow CPR (0.058%) bullish breakout
2026-02-23T13:35:38.518084,CPR,SILVERM,BUY_CE_CPR,265500,9779.110355796523,265256.0,Narrow CPR (0.038%) bullish breakout
2026-02-23T13:35:38.518084,CPR,CRUDEOILM,BUY_CE_CPR,5950,193.7617097421579,5963.0,Narrow CPR (0.111%) bullish breakout
2026-02-23T13:35:38.518084,Ghost Zone,CRUDEOILM,BUY_PE_GTZ,5950,180.77327993274653,5963.0,Ghost Zone: Supply retest
2026-02-23T13:36:46.745663,CPR,GOLDM,BUY_CE_CPR,159200,5611.982605815939,159150.0,Narrow CPR (0.058%) bullish breakout
2026-02-23T13:36:46.745663,CPR,SILVERM,BUY_CE_CPR,265500,9779.110355796523,265256.0,Narrow CPR (0.038%) bullish breakout
2026-02-23T13:36:46.745663,CPR,CRUDEOILM,BUY_CE_CPR,5950,193.7617097421579,5963.0,Narrow CPR (0.111%) bullish breakout
2026-02-23T13:36:46.745663,Ghost Zone,CRUDEOILM,BUY_PE_GTZ,5950,180.77327993274653,5963.0,Ghost Zone: Supply retest
2026-02-23T13:37:57.562968,CPR,GOLDM,BUY_CE_CPR,159300,5645.333387565583,159296.0,Narrow CPR (0.058%) bullish breakout
2026-02-23T13:37:57.562968,CPR,SILVERM,BUY_CE_CPR,265000,9965.37567414542,265152.0,Narrow CPR (0.038%) bullish breakout
2026-02-23T13:37:57.562968,CPR,CRUDEOILM,BUY_CE_CPR,5950,193.7617097421579,5963.0,Narrow CPR (0.111%) bullish breakout
2026-02-23T13:37:57.562968,Ghost Zone,CRUDEOILM,BUY_PE_GTZ,5950,180.77327993274653,5963.0,Ghost Zone: Supply retest
2026-02-23T13:39:05.316787,CPR,GOLDM,BUY_CE_CPR,159300,5661.559816667212,159325.0,Narrow CPR (0.058%) bullish breakout
2026-02-23T13:39:05.316787,CPR,SILVERM,BUY_CE_CPR,265000,10009.688540054338,265237.0,Narrow CPR (0.038%) bullish breakout
2026-02-23T13:39:05.316787,CPR,CRUDEOILM,BUY_CE_CPR,5950,193.7617097421579,5963.0,Narrow CPR (0.111%) bullish breakout
2026-02-23T13:39:05.316787,Ghost Zone,CRUDEOILM,BUY_PE_GTZ,5950,180.77327993274653,5963.0,Ghost Zone: Supply retest
2026-02-23T13:40:11.050176,CPR,GOLDM,BUY_CE_CPR,159300,5647.569806334616,159300.0,Narrow CPR (0.058%) bullish breakout
2026-02-23T13:40:11.050176,CPR,SILVERM,BUY_CE_CPR,265000,9958.608623313738,265139.0,Narrow CPR (0.038%) bullish breakout
2026-02-23T13:40:11.050176,CPR,CRUDEOILM,BUY_CE_CPR,5950,193.7617097421579,5963.0,Narrow CPR (0.111%) bullish breakout
2026-02-23T13:40:11.050176,Ghost Zone,CRUDEOILM,BUY_PE_GTZ,5950,180.77327993274653,5963.0,Ghost Zone: Supply retest
2026-02-23T13:41:21.752170,CPR,GOLDM,BUY_CE_CPR,159300,5647.569806334616,159300.0,Narrow CPR (0.058%) bullish breakout
2026-02-23T13:41:21.752170,CPR,SILVERM,BUY_CE_CPR,265000,9905.08855911785,265036.0,Narrow CPR (0.038%) bullish breakout
2026-02-23T13:41:21.752170,CPR,CRUDEOILM,BUY_CE_CPR,5950,193.7617097421579,5963.0,Narrow CPR (0.111%) bullish breakout
2026-02-23T13:41:21.752170,Ghost Zone,CRUDEOILM,BUY_PE_GTZ,5950,180.77327993274653,5963.0,Ghost Zone: Supply retest
2026-02-23T13:42:45.239481,CPR,GOLDM,BUY_CE_CPR,159300,5647.569806334616,159300.0,Narrow CPR (0.058%) bullish breakout
2026-02-23T13:42:45.239481,CPR,SILVERM,BUY_CE_CPR,265500,9848.686702061112,265391.0,Narrow CPR (0.038%) bullish breakout
2026-02-23T13:42:45.239481,CPR,CRUDEOILM,BUY_CE_CPR,5950,193.7617097421579,5963.0,Narrow CPR (0.111%) bullish breakout
2026-02-23T13:42:45.239481,Ghost Zone,CRUDEOILM,BUY_PE_GTZ,5950,180.77327993274653,5963.0,Ghost Zone: Supply retest
2026-02-23T13:43:45.060056,CPR,GOLDM,BUY_CE_CPR,159300,5634.159503007134,159276.0,Narrow CPR (0.058%) bullish breakout
2026-02-23T13:43:45.060056,CPR,SILVERM,BUY_CE_CPR,265000,9869.330504782274,264967.0,Narrow CPR (0.038%) bullish breakout
2026-02-23T13:43:45.060056,CPR,CRUDEOILM,BUY_CE_CPR,5950,193.7617097421579,5963.0,Narrow CPR (0.111%) bullish breakout
2026-02-23T13:43:45.060056,Ghost Zone,CRUDEOILM,BUY_PE_GTZ,5950,180.77327993274653,5963.0,Ghost Zone: Supply retest
2026-02-23T13:44:56.983981,CPR,GOLDM,BUY_CE_CPR,159300,5630.810006500137,159270.0,Narrow CPR (0.058%) bullish breakout
2026-02-23T13:44:56.983981,CPR,SILVERM,BUY_CE_CPR,265000,9886.422651537972,265000.0,Narrow CPR (0.038%) bullish breakout
2026-02-23T13:44:56.983981,CPR,CRUDEOILM,BUY_CE_CPR,5950,193.7617097421579,5963.0,Narrow CPR (0.111%) bullish breakout
2026-02-23T13:44:56.983981,Ghost Zone,CRUDEOILM,BUY_PE_GTZ,5950,180.77327993274653,5963.0,Ghost Zone: Supply retest
2026-02-23T13:45:58.320968,CPR,GOLDM,BUY_CE_CPR,159300,5658.760105652657,159320.0,Narrow CPR (0.058%) bullish breakout
2026-02-23T13:45:58.320968,CPR,SILVERM,BUY_CE_CPR,265500,9852.81891362124,265399.0,Narrow CPR (0.038%) bullish breakout
2026-02-23T13:45:58.320968,CPR,CRUDEOILM,BUY_CE_CPR,5950,193.7617097421579,5963.0,Narrow CPR (0.111%) bullish breakout
2026-02-23T13:45:58.320968,Ghost Zone,CRUDEOILM,BUY_PE_GTZ,5950,180.77327993274653,5963.0,Ghost Zone: Supply retest
2026-02-23T13:47:08.992873,CPR,GOLDM,BUY_CE_CPR,159300,5658.760105652657,159320.0,Narrow CPR (0.058%) bullish breakout
2026-02-23T13:47:08.992873,CPR,SILVERM,BUY_CE_CPR,265500,9869.358015424175,265431.0,Narrow CPR (0.038%) bullish breakout
2026-02-23T13:47:08.992873,CPR,CRUDEOILM,BUY_CE_CPR,5950,193.7617097421579,5963.0,Narrow CPR (0.111%) bullish breakout
2026-02-23T13:47:08.992873,Ghost Zone,CRUDEOILM,BUY_PE_GTZ,5950,180.77327993274653,5963.0,Ghost Zone: Supply retest
2026-02-23T13:48:07.108328,CPR,GOLDM,BUY_CE_CPR,159300,5673.32792921829,159346.0,Narrow CPR (0.058%) bullish breakout
2026-02-23T13:48:07.108328,CPR,SILVERM,BUY_CE_CPR,265500,9905.076279182398,265500.0,Narrow CPR (0.038%) bullish breakout
2026-02-23T13:48:07.108328,CPR,CRUDEOILM,BUY_CE_CPR,5950,193.7617097421579,5963.0,Narrow CPR (0.111%) bullish breakout
2026-02-23T13:48:07.108328,Ghost Zone,CRUDEOILM,BUY_PE_GTZ,5950,180.77327993274653,5963.0,Ghost Zone: Supply retest
2026-02-23T13:49:09.368855,CPR,GOLDM,BUY_CE_CPR,159300,5642.538633603237,159291.0,Narrow CPR (0.058%) bullish breakout
2026-02-23T13:49:09.368855,CPR,SILVERM,BUY_CE_CPR,265500,9905.076279182398,265500.0,Narrow CPR (0.038%) bullish breakout
2026-02-23T13:49:09.368855,CPR,CRUDEOILM,BUY_CE_CPR,5950,193.7617097421579,5963.0,Narrow CPR (0.111%) bullish breakout
2026-02-23T13:49:09.368855,Ghost Zone,CRUDEOILM,BUY_PE_GTZ,5950,180.77327993274653,5963.0,Ghost Zone: Supply retest
2026-02-23T13:50:14.342743,CPR,GOLDM,BUY_CE_CPR,159300,5662.119861378683,159326.0,Narrow CPR (0.058%) bullish breakout
2026-02-23T13:50:14.342743,CPR,SILVERM,BUY_CE_CPR,265500,9853.335512179803,265400.0,Narrow CPR (0.038%) bullish breakout
2026-02-23T13:50:14.342743,CPR,CRUDEOILM,BUY_CE_CPR,5950,193.7617097421579,5963.0,Narrow CPR (0.111%) bullish breakout
2026-02-23T13:50:14.342743,Ghost Zone,CRUDEOILM,BUY_PE_GTZ,5950,180.77327993274653,5963.0,Ghost Zone: Supply retest
2026-02-23T13:51:14.537240,CPR,GOLDM,BUY_CE_CPR,159300,5634.159503007134,159276.0,Narrow CPR (0.058%) bullish breakout
2026-02-23T13:51:14.537240,CPR,SILVERM,BUY_CE_CPR,265500,9905.076279182398,265500.0,Narrow CPR (0.038%) bullish breakout
2026-02-23T13:51:14.537240,CPR,CRUDEOILM,BUY_CE_CPR,5950,193.7617097421579,5963.0,Narrow CPR (0.111%) bullish breakout
2026-02-23T13:51:14.537240,Ghost Zone,CRUDEOILM,BUY_PE_GTZ,5950,180.77327993274653,5963.0,Ghost Zone: Supply retest
2026-02-23T13:52:16.906957,CPR,GOLDM,BUY_CE_CPR,159300,5647.569806334616,159300.0,Narrow CPR (0.058%) bullish breakout
2026-02-23T13:52:16.906957,CPR,SILVERM,BUY_CE_CPR,265500,10009.038201137477,265700.0,Narrow CPR (0.038%) bullish breakout
2026-02-23T13:52:16.906957,CPR,CRUDEOILM,BUY_CE_CPR,5950,193.7617097421579,5963.0,Narrow CPR (0.111%) bullish breakout
2026-02-23T13:52:16.906957,Ghost Zone,CRUDEOILM,BUY_PE_GTZ,5950,180.77327993274653,5963.0,Ghost Zone: Supply retest
2026-02-23T13:53:20.007640,CPR,GOLDM,BUY_CE_CPR,159300,5625.23025064842,159260.0,Narrow CPR (0.058%) bullish breakout
2026-02-23T13:53:20.007640,CPR,SILVERM,BUY_CE_CPR,265500,9938.274427701012,265564.0,Narrow CPR (0.038%) bullish breakout
2026-02-23T13:53:20.007640,CPR,CRUDEOILM,BUY_CE_CPR,5950,193.7617097421579,5963.0,Narrow CPR (0.111%) bullish breakout
2026-02-23T13:53:20.007640,Ghost Zone,CRUDEOILM,BUY_PE_GTZ,5950,180.77327993274653,5963.0,Ghost Zone: Supply retest
2026-02-23T13:54:20.132449,CPR,GOLDM,BUY_CE_CPR,159200,5667.83746330006,159250.0,Narrow CPR (0.058%) bullish breakout
2026-02-23T13:54:20.132449,CPR,SILVERM,BUY_CE_CPR,265500,9981.425942961208,265647.0,Narrow CPR (0.038%) bullish breakout
2026-02-23T13:54:20.132449,CPR,CRUDEOILM,BUY_CE_CPR,5950,193.7617097421579,5963.0,Narrow CPR (0.111%) bullish breakout
2026-02-23T13:54:20.132449,Ghost Zone,CRUDEOILM,BUY_PE_GTZ,5950,180.77327993274653,5963.0,Ghost Zone: Supply retest
2026-02-23T13:55:26.444278,CPR,GOLDM,BUY_CE_CPR,159100,5645.069725930379,159123.0,Narrow CPR (0.058%) bullish breakout
2026-02-23T13:55:26.444278,CPR,SILVERM,BUY_CE_CPR,265500,9803.30007738058,265303.0,Narrow CPR (0.038%) bullish breakout
2026-02-23T13:55:26.444278,CPR,CRUDEOILM,BUY_CE_CPR,5950,193.7617097421579,5963.0,Narrow CPR (0.111%) bullish breakout
2026-02-23T13:55:26.444278,Ghost Zone,CRUDEOILM,BUY_PE_GTZ,5950,180.77327993274653,5963.0,Ghost Zone: Supply retest
2026-02-23T13:56:29.239886,CPR,GOLDM,BUY_CE_CPR,159100,5631.670509262794,159099.0,Narrow CPR (0.058%) bullish breakout
2026-02-23T13:56:29.241104,CPR,SILVERM,BUY_CE_CPR,265500,9853.335512179803,265400.0,Narrow CPR (0.038%) bullish breakout
2026-02-23T13:56:29.241104,CPR,CRUDEOILM,BUY_CE_CPR,5950,193.7617097421579,5963.0,Narrow CPR (0.111%) bullish breakout
2026-02-23T13:56:29.241104,Ghost Zone,CRUDEOILM,BUY_PE_GTZ,5950,180.77327993274653,5963.0,Ghost Zone: Supply retest
2026-02-23T13:57:32.213655,CPR,GOLDM,BUY_CE_CPR,159200,5614.767210255677,159155.0,Narrow CPR (0.058%) bullish breakout
2026-02-23T13:57:32.213655,CPR,SILVERM,BUY_CE_CPR,265500,9853.335512179803,265400.0,Narrow CPR (0.038%) bullish breakout
2026-02-23T13:57:32.213655,CPR,CRUDEOILM,BUY_CE_CPR,5950,193.7617097421579,5963.0,Narrow CPR (0.111%) bullish breakout
2026-02-23T13:57:32.213655,Ghost Zone,CRUDEOILM,BUY_PE_GTZ,5950,180.77327993274653,5963.0,Ghost Zone: Supply retest
2026-02-23T13:58:38.283495,CPR,GOLDM,BUY_CE_CPR,159100,5648.981551035983,159130.0,Narrow CPR (0.058%) bullish breakout
2026-02-23T13:58:38.283495,CPR,SILVERM,BUY_CE_CPR,265500,9801.239998678684,265299.0,Narrow CPR (0.038%) bullish breakout
2026-02-23T13:58:38.283495,CPR,CRUDEOILM,BUY_CE_CPR,5950,193.7617097421579,5963.0,Narrow CPR (0.111%) bullish breakout
2026-02-23T13:58:38.283495,Ghost Zone,CRUDEOILM,BUY_PE_GTZ,5950,180.77327993274653,5963.0,Ghost Zone: Supply retest
2026-02-23T13:59:37.116489,CPR,GOLDM,BUY_CE_CPR,159100,5635.018461397132,159105.0,Narrow CPR (0.058%) bullish breakout
2026-02-23T13:59:37.116489,CPR,SILVERM,BUY_CE_CPR,265500,9905.076279182398,265500.0,Narrow CPR (0.038%) bullish breakout
2026-02-23T13:59:37.116489,CPR,CRUDEOILM,BUY_CE_CPR,5950,193.7617097421579,5963.0,Narrow CPR (0.111%) bullish breakout
2026-02-23T13:59:37.116489,Ghost Zone,CRUDEOILM,BUY_PE_GTZ,5950,180.77327993274653,5963.0,Ghost Zone: Supply retest
2026-02-23T14:00:43.368821,CPR,GOLDM,BUY_CE_CPR,159000,5613.514474463713,158980.0,Narrow CPR (0.058%) bullish breakout
2026-02-23T14:00:43.369883,CPR,SILVERM,BUY_CE_CPR,265000,9972.666297415855,265166.0,Narrow CPR (0.038%) bullish breakout
2026-02-23T14:00:43.369883,CPR,CRUDEOILM,BUY_CE_CPR,5950,193.7617097421579,5963.0,Narrow CPR (0.111%) bullish breakout
2026-02-23T14:00:43.369883,Ghost Zone,CRUDEOILM,BUY_PE_GTZ,5950,180.77327993274653,5963.0,Ghost Zone: Supply retest
2026-02-23T14:01:46.371049,CPR,GOLDM,BUY_CE_CPR,159000,5612.401325580334,158978.0,Narrow CPR (0.058%) bullish breakout
2026-02-23T14:01:46.371049,CPR,SILVERM,BUY_CE_CPR,265000,9886.940868181378,265001.0,Narrow CPR (0.038%) bullish breakout
2026-02-23T14:01:46.371049,CPR,CRUDEOILM,BUY_CE_CPR,5950,193.7617097421579,5963.0,Narrow CPR (0.111%) bullish breakout
2026-02-23T14:01:46.371049,Ghost Zone,CRUDEOILM,BUY_PE_GTZ,5950,180.77327993274653,5963.0,Ghost Zone: Supply retest
2026-02-23T14:03:04.381504,CPR,GOLDM,BUY_CE_CPR,159000,5598.498572149938,158953.0,Narrow CPR (0.058%) bullish breakout
2026-02-23T14:03:04.381504,CPR,SILVERM,BUY_CE_CPR,265000,9886.940868181378,265001.0,Narrow CPR (0.038%) bullish breakout
2026-02-23T14:03:04.381504,CPR,CRUDEOILM,BUY_CE_CPR,5950,193.7617097421579,5963.0,Narrow CPR (0.111%) bullish breakout
2026-02-23T14:03:04.381504,Ghost Zone,CRUDEOILM,BUY_PE_GTZ,5950,180.77327993274653,5963.0,Ghost Zone: Supply retest
2026-02-23T14:04:20.721956,CPR,GOLDM,BUY_CE_CPR,159100,5649.540520299953,159131.0,Narrow CPR (0.058%) bullish breakout
2026-02-23T14:04:20.721956,CPR,SILVERM,BUY_CE_CPR,265000,9886.940868181378,265001.0,Narrow CPR (0.038%) bullish breakout
2026-02-23T14:04:20.721956,CPR,CRUDEOILM,BUY_CE_CPR,5950,193.7617097421579,5963.0,Narrow CPR (0.111%) bullish breakout
2026-02-23T14:04:20.721956,Ghost Zone,CRUDEOILM,BUY_PE_GTZ,5950,180.77327993274653,5963.0,Ghost Zone: Supply retest
2026-02-23T14:05:33.180007,CPR,GOLDM,BUY_CE_CPR,159100,5644.51103089136,159122.0,Narrow CPR (0.058%) bullish breakout
2026-02-23T14:05:33.180007,CPR,SILVERM,BUY_CE_CPR,265500,9862.63702641175,265418.0,Narrow CPR (0.038%) bullish breakout
2026-02-23T14:05:33.180007,CPR,CRUDEOILM,BUY_CE_CPR,5950,193.7617097421579,5963.0,Narrow CPR (0.111%) bullish breakout
2026-02-23T14:05:33.180007,Ghost Zone,CRUDEOILM,BUY_PE_GTZ,5950,180.77327993274653,5963.0,Ghost Zone: Supply retest
2026-02-23T14:06:37.418129,CPR,GOLDM,BUY_CE_CPR,159100,5643.393743663332,159120.0,Narrow CPR (0.058%) bullish breakout
2026-02-23T14:06:37.419130,CPR,SILVERM,BUY_CE_CPR,265500,9925.29859465361,265539.0,Narrow CPR (0.038%) bullish breakout
2026-02-23T14:06:37.419130,CPR,CRUDEOILM,BUY_CE_CPR,5950,193.7617097421579,5963.0,Narrow CPR (0.111%) bullish breakout
2026-02-23T14:06:37.419130,Ghost Zone,CRUDEOILM,BUY_PE_GTZ,5950,180.77327993274653,5963.0,Ghost Zone: Supply retest
2026-02-23T14:07:37.003601,CPR,GOLDM,BUY_CE_CPR,159200,5611.982605815939,159150.0,Narrow CPR (0.058%) bullish breakout
2026-02-23T14:07:37.003601,CPR,SILVERM,BUY_CE_CPR,266000,9820.40801939888,265800.0,Narrow CPR (0.038%) bullish breakout
2026-02-23T14:07:37.003601,CPR,CRUDEOILM,BUY_CE_CPR,5950,193.7617097421579,5963.0,Narrow CPR (0.111%) bullish breakout
2026-02-23T14:07:37.003601,Ghost Zone,CRUDEOILM,BUY_PE_GTZ,5950,180.77327993274653,5963.0,Ghost Zone: Supply retest
2026-02-23T14:08:40.156363,CPR,GOLDM,BUY_CE_CPR,159200,5642.101690894257,159204.0,Narrow CPR (0.058%) bullish breakout
2026-02-23T14:08:40.156363,CPR,SILVERM,BUY_CE_CPR,266000,9923.21170619948,265999.0,Narrow CPR (0.038%) bullish breakout
2026-02-23T14:08:40.156363,CPR,CRUDEOILM,BUY_CE_CPR,5950,193.7617097421579,5963.0,Narrow CPR (0.111%) bullish breakout
2026-02-23T14:08:40.156363,Ghost Zone,CRUDEOILM,BUY_PE_GTZ,5950,180.77327993274653,5963.0,Ghost Zone: Supply retest
2026-02-23T14:09:47.955558,CPR,GOLDM,BUY_CE_CPR,159200,5614.767210255677,159155.0,Narrow CPR (0.058%) bullish breakout
2026-02-23T14:09:47.955558,CPR,SILVERM,BUY_CE_CPR,265500,9958.016857623794,265602.0,Narrow CPR (0.038%) bullish breakout
2026-02-23T14:09:47.955558,CPR,CRUDEOILM,BUY_CE_CPR,5950,193.7617097421579,5963.0,Narrow CPR (0.111%) bullish breakout
2026-02-23T14:09:47.955558,Ghost Zone,CRUDEOILM,BUY_PE_GTZ,5950,180.77327993274653,5963.0,Ghost Zone: Supply retest
2026-02-23T14:11:10.788891,CPR,GOLDM,BUY_CE_CPR,159100,5610.4955030515885,159061.0,Narrow CPR (0.058%) bullish breakout
2026-02-23T14:11:10.788891,CPR,SILVERM,BUY_CE_CPR,265500,9958.016857623794,265602.0,Narrow CPR (0.038%) bullish breakout
2026-02-23T14:11:10.788891,CPR,CRUDEOILM,BUY_CE_CPR,5950,193.7617097421579,5963.0,Narrow CPR (0.111%) bullish breakout
2026-02-23T14:11:10.788891,Ghost Zone,CRUDEOILM,BUY_PE_GTZ,5950,180.77327993274653,5963.0,Ghost Zone: Supply retest
2026-02-23T14:12:10.154918,CPR,GOLDM,BUY_CE_CPR,159000,5624.653526112564,159000.0,Narrow CPR (0.058%) bullish breakout
2026-02-23T14:12:10.156020,CPR,SILVERM,BUY_CE_CPR,265500,9783.739688027275,265265.0,Narrow CPR (0.038%) bullish breakout
2026-02-23T14:12:10.156020,CPR,CRUDEOILM,BUY_CE_CPR,5950,193.7617097421579,5963.0,Narrow CPR (0.111%) bullish breakout
2026-02-23T14:12:10.156020,Ghost Zone,CRUDEOILM,BUY_PE_GTZ,5950,180.77327993274653,5963.0,Ghost Zone: Supply retest
2026-02-23T14:13:17.211132,CPR,GOLDM,BUY_CE_CPR,159000,5612.95788283012,158979.0,Narrow CPR (0.058%) bullish breakout
2026-02-23T14:13:17.211132,CPR,SILVERM,BUY_CE_CPR,265000,9912.353138441542,265050.0,Narrow CPR (0.038%) bullish breakout
2026-02-23T14:13:17.211132,CPR,CRUDEOILM,BUY_CE_CPR,5950,193.7617097421579,5963.0,Narrow CPR (0.111%) bullish breakout
2026-02-23T14:13:17.211132,Ghost Zone,CRUDEOILM,BUY_PE_GTZ,5950,180.77327993274653,5963.0,Ghost Zone: Supply retest
2026-02-23T14:14:24.608418,CPR,GOLDM,BUY_CE_CPR,159100,5606.600252089447,159054.0,Narrow CPR (0.058%) bullish breakout
2026-02-23T14:14:24.609953,CPR,SILVERM,BUY_CE_CPR,265000,9886.422651537972,265000.0,Narrow CPR (0.038%) bullish breakout
2026-02-23T14:14:24.609953,CPR,CRUDEOILM,BUY_CE_CPR,5950,193.7617097421579,5963.0,Narrow CPR (0.111%) bullish breakout
2026-02-23T14:14:24.609953,Ghost Zone,CRUDEOILM,BUY_PE_GTZ,5950,180.77327993274653,5963.0,Ghost Zone: Supply retest
2026-02-23T14:15:47.320618,CPR,GOLDM,BUY_CE_CPR,159100,5614.949279291984,159069.0,Narrow CPR (0.058%) bullish breakout
2026-02-23T14:15:47.320618,CPR,SILVERM,BUY_CE_CPR,265000,9990.385177405651,265200.0,Narrow CPR (0.038%) bullish breakout
2026-02-23T14:15:47.320618,CPR,CRUDEOILM,BUY_CE_CPR,5950,193.7617097421579,5963.0,Narrow CPR (0.111%) bullish breakout
2026-02-23T14:15:47.320618,Ghost Zone,CRUDEOILM,BUY_PE_GTZ,5950,180.77327993274653,5963.0,Ghost Zone: Supply retest
2026-02-23T14:16:54.962275,CPR,GOLDM,BUY_CE_CPR,159100,5616.620012012645,159072.0,Narrow CPR (0.058%) bullish breakout
2026-02-23T14:16:54.986614,CPR,SILVERM,BUY_CE_CPR,265500,9905.076279182398,265500.0,Narrow CPR (0.038%) bullish breakout
2026-02-23T14:16:54.986614,CPR,CRUDEOILM,BUY_CE_CPR,5950,193.7617097421579,5963.0,Narrow CPR (0.111%) bullish breakout
2026-02-23T14:16:54.986614,Ghost Zone,CRUDEOILM,BUY_PE_GTZ,5950,180.77327993274653,5963.0,Ghost Zone: Supply retest
2026-02-23T14:19:27.899307,CPR,GOLDM,BUY_CE_CPR,159100,5656.810239207804,159144.0,Narrow CPR (0.058%) bullish breakout
2026-02-23T14:19:27.900284,CPR,SILVERM,BUY_CE_CPR,242000,8928.154094560283,241806.0,Narrow CPR (0.038%) bullish breakout
2026-02-23T14:19:27.900284,CPR,CRUDEOILM,BUY_CE_CPR,5950,193.7617097421579,5963.0,Narrow CPR (0.111%) bullish breakout
2026-02-23T14:19:27.900284,Ghost Zone,CRUDEOILM,BUY_PE_GTZ,5950,180.77327993274653,5963.0,Ghost Zone: Supply retest
2026-02-23T14:20:57.391898,CPR,GOLDM,BUY_CE_CPR,159200,5623.126167920434,159170.0,Narrow CPR (0.058%) bullish breakout
2026-02-23T14:20:57.391898,CPR,SILVERM,BUY_CE_CPR,265500,10022.07844956287,265725.0,Narrow CPR (0.038%) bullish breakout
2026-02-23T14:20:57.391898,CPR,CRUDEOILM,BUY_CE_CPR,5950,193.7617097421579,5963.0,Narrow CPR (0.111%) bullish breakout
2026-02-23T14:20:57.391898,Ghost Zone,CRUDEOILM,BUY_PE_GTZ,5950,180.77327993274653,5963.0,Ghost Zone: Supply retest
2026-02-23T14:22:16.397379,CPR,GOLDM,BUY_CE_CPR,159200,5627.587432959021,159178.0,Narrow CPR (0.058%) bullish breakout
2026-02-23T14:22:16.411067,CPR,SILVERM,BUY_CE_CPR,266000,9820.40801939888,265800.0,Narrow CPR (0.038%) bullish breakout
2026-02-23T14:22:16.411067,CPR,CRUDEOILM,BUY_CE_CPR,5950,193.7617097421579,5963.0,Narrow CPR (0.111%) bullish breakout
2026-02-23T14:22:16.411067,Ghost Zone,CRUDEOILM,BUY_PE_GTZ,5950,180.77327993274653,5963.0,Ghost Zone: Supply retest
2026-02-23T14:23:39.408731,CPR,GOLDM,BUY_CE_CPR,159200,5634.28344330524,159190.0,Narrow CPR (0.058%) bullish breakout
2026-02-23T14:23:39.409731,CPR,SILVERM,BUY_CE_CPR,266000,9820.40801939888,265800.0,Narrow CPR (0.038%) bullish breakout
2026-02-23T14:23:39.409731,CPR,CRUDEOILM,BUY_CE_CPR,5950,193.7617097421579,5963.0,Narrow CPR (0.111%) bullish breakout
2026-02-23T14:23:39.409731,Ghost Zone,CRUDEOILM,BUY_PE_GTZ,5950,180.77327993274653,5963.0,Ghost Zone: Supply retest
2026-02-23T14:25:04.408831,CPR,GOLDM,BUY_CE_CPR,159200,5667.83746330006,159250.0,Narrow CPR (0.058%) bullish breakout
2026-02-23T14:25:04.408831,CPR,SILVERM,BUY_CE_CPR,266000,9820.40801939888,265800.0,Narrow CPR (0.038%) bullish breakout
2026-02-23T14:25:04.409827,CPR,CRUDEOILM,BUY_CE_CPR,5950,193.7617097421579,5963.0,Narrow CPR (0.111%) bullish breakout
2026-02-23T14:25:04.409827,Ghost Zone,CRUDEOILM,BUY_PE_GTZ,5950,180.77327993274653,5963.0,Ghost Zone: Supply retest
2026-02-23T14:26:29.492804,CPR,GOLDM,BUY_CE_CPR,159300,5647.569806334616,159300.0,Narrow CPR (0.058%) bullish breakout
2026-02-23T14:26:29.492804,CPR,SILVERM,BUY_CE_CPR,266000,9923.72990682681,266000.0,Narrow CPR (0.038%) bullish breakout
2026-02-23T14:26:29.492804,CPR,CRUDEOILM,BUY_CE_CPR,5950,193.7617097421579,5963.0,Narrow CPR (0.111%) bullish breakout
2026-02-23T14:26:29.492804,Ghost Zone,CRUDEOILM,BUY_PE_GTZ,5950,180.77327993274653,5963.0,Ghost Zone: Supply retest
2026-02-23T14:27:48.176039,CPR,GOLDM,BUY_CE_CPR,159300,5669.964074374147,159340.0,Narrow CPR (0.058%) bullish breakout
2026-02-23T14:27:48.176039,CPR,SILVERM,BUY_CE_CPR,266000,10027.69122713876,266200.0,Narrow CPR (0.038%) bullish breakout
2026-02-23T14:27:48.176039,CPR,CRUDEOILM,BUY_CE_CPR,5950,193.7617097421579,5963.0,Narrow CPR (0.111%) bullish breakout
2026-02-23T14:27:48.176039,Ghost Zone,CRUDEOILM,BUY_PE_GTZ,5950,180.77327993274653,5963.0,Ghost Zone: Supply retest
2026-02-23T14:29:08.101659,CPR,GOLDM,BUY_CE_CPR,159400,5634.088461134159,159362.0,Narrow CPR (0.058%) bullish breakout
2026-02-23T14:29:08.101659,CPR,SILVERM,BUY_CE_CPR,266000,9949.66031833944,266050.0,Narrow CPR (0.038%) bullish breakout
2026-02-23T14:29:08.101659,CPR,CRUDEOILM,BUY_CE_CPR,5950,193.7617097421579,5963.0,Narrow CPR (0.111%) bullish breakout
2026-02-23T14:29:08.101659,Ghost Zone,CRUDEOILM,BUY_PE_GTZ,5950,180.77327993274653,5963.0,Ghost Zone: Supply retest
2026-02-23T14:30:33.001327,CPR,GOLDM,BUY_CE_CPR,159300,5664.360381883356,159330.0,Narrow CPR (0.058%) bullish breakout
2026-02-23T14:30:33.002325,CPR,SILVERM,BUY_CE_CPR,266000,9923.72990682681,266000.0,Narrow CPR (0.038%) bullish breakout
2026-02-23T14:30:33.002325,CPR,CRUDEOILM,BUY_CE_CPR,5950,193.7617097421579,5963.0,Narrow CPR (0.111%) bullish breakout
2026-02-23T14:30:33.002325,Ghost Zone,CRUDEOILM,BUY_PE_GTZ,5950,180.77327993274653,5963.0,Ghost Zone: Supply retest
2026-02-23T14:31:55.517912,CPR,GOLDM,BUY_CE_CPR,159400,5637.998781094858,159369.0,Narrow CPR (0.058%) bullish breakout
2026-02-23T14:31:55.517912,CPR,SILVERM,BUY_CE_CPR,266000,9848.757754053628,265855.0,Narrow CPR (0.038%) bullish breakout
2026-02-23T14:31:55.517912,CPR,CRUDEOILM,BUY_CE_CPR,5950,193.7617097421579,5963.0,Narrow CPR (0.111%) bullish breakout
2026-02-23T14:31:55.517912,Ghost Zone,CRUDEOILM,BUY_PE_GTZ,5950,180.77327993274653,5963.0,Ghost Zone: Supply retest
2026-02-23T14:33:19.751282,CPR,GOLDM,BUY_CE_CPR,159400,5648.061577557669,159387.0,Narrow CPR (0.058%) bullish breakout
2026-02-23T14:33:19.751282,CPR,SILVERM,BUY_CE_CPR,266000,9923.72990682681,266000.0,Narrow CPR (0.038%) bullish breakout
2026-02-23T14:33:19.752295,CPR,CRUDEOILM,BUY_CE_CPR,5950,193.7617097421579,5963.0,Narrow CPR (0.111%) bullish breakout
2026-02-23T14:33:19.752295,Ghost Zone,CRUDEOILM,BUY_PE_GTZ,5950,180.77327993274653,5963.0,Ghost Zone: Supply retest
2026-02-23T14:34:43.631913,CPR,GOLDM,BUY_CE_CPR,159400,5681.12273344438,159446.0,Narrow CPR (0.058%) bullish breakout
2026-02-23T14:34:43.631913,CPR,SILVERM,BUY_CE_CPR,266000,9987.590464309324,266123.0,Narrow CPR (0.038%) bullish breakout
2026-02-23T14:34:43.631913,CPR,CRUDEOILM,BUY_CE_CPR,5950,193.7617097421579,5963.0,Narrow CPR (0.111%) bullish breakout
2026-02-23T14:34:43.631913,Ghost Zone,CRUDEOILM,BUY_PE_GTZ,5950,180.77327993274653,5963.0,Ghost Zone: Supply retest
2026-02-23T14:35:58.823233,CPR,GOLDM,BUY_CE_CPR,159500,5646.368615110523,159470.0,Narrow CPR (0.058%) bullish breakout
2026-02-23T14:35:58.823233,CPR,SILVERM,BUY_CE_CPR,266500,9942.383534471206,266500.0,Narrow CPR (0.038%) bullish breakout
2026-02-23T14:35:58.823233,CPR,CRUDEOILM,BUY_CE_CPR,5950,193.7617097421579,5963.0,Narrow CPR (0.111%) bullish breakout
2026-02-23T14:35:58.823233,Ghost Zone,CRUDEOILM,BUY_PE_GTZ,5950,180.77327993274653,5963.0,Ghost Zone: Supply retest
2026-02-23T14:37:22.497007,CPR,GOLDM,BUY_CE_CPR,159500,5641.894558574582,159462.0,Narrow CPR (0.058%) bullish breakout
2026-02-23T14:37:22.498006,CPR,SILVERM,BUY_CE_CPR,267000,9839.698084314978,266765.0,Narrow CPR (0.038%) bullish breakout
2026-02-23T14:37:22.498006,CPR,CRUDEOILM,BUY_CE_CPR,5950,193.7617097421579,5963.0,Narrow CPR (0.111%) bullish breakout
2026-02-23T14:37:22.498006,Ghost Zone,CRUDEOILM,BUY_PE_GTZ,5950,180.77327993274653,5963.0,Ghost Zone: Supply retest
2026-02-23T14:38:36.265539,CPR,GOLDM,BUY_CE_CPR,159400,5674.949782961496,159435.0,Narrow CPR (0.058%) bullish breakout
2026-02-23T14:38:36.267034,CPR,SILVERM,BUY_CE_CPR,266500,9839.06104675569,266300.0,Narrow CPR (0.038%) bullish breakout
2026-02-23T14:38:36.267034,CPR,CRUDEOILM,BUY_CE_CPR,5950,193.7617097421579,5963.0,Narrow CPR (0.111%) bullish breakout
2026-02-23T14:38:36.267034,Ghost Zone,CRUDEOILM,BUY_PE_GTZ,5950,180.77327993274653,5963.0,Ghost Zone: Supply retest
2026-02-23T14:39:57.210129,CPR,GOLDM,BUY_CE_CPR,159500,5635.746296933388,159451.0,Narrow CPR (0.058%) bullish breakout
2026-02-23T14:39:57.210129,CPR,SILVERM,BUY_CE_CPR,266500,9958.97437925709,266532.0,Narrow CPR (0.038%) bullish breakout
2026-02-23T14:39:57.210129,CPR,CRUDEOILM,BUY_CE_CPR,5950,193.7617097421579,5963.0,Narrow CPR (0.111%) bullish breakout
2026-02-23T14:39:57.210129,Ghost Zone,CRUDEOILM,BUY_PE_GTZ,5950,180.77327993274653,5963.0,Ghost Zone: Supply retest
2026-02-23T14:41:44.338598,CPR,GOLDM,BUY_CE_CPR,159500,5652.524007803961,159481.0,Narrow CPR (0.058%) bullish breakout
2026-02-23T14:41:44.338598,CPR,SILVERM,BUY_CE_CPR,266500,10041.131072548083,266690.0,Narrow CPR (0.038%) bullish breakout
2026-02-23T14:41:44.338598,CPR,CRUDEOILM,BUY_CE_CPR,5950,193.7617097421579,5963.0,Narrow CPR (0.111%) bullish breakout
2026-02-23T14:41:44.338598,Ghost Zone,CRUDEOILM,BUY_PE_GTZ,5950,180.77327993274653,5963.0,Ghost Zone: Supply retest
2026-02-23T14:42:57.135759,CPR,GOLDM,BUY_CE_CPR,159500,5673.819832803705,159519.0,Narrow CPR (0.058%) bullish breakout
2026-02-23T14:42:57.135759,CPR,SILVERM,BUY_CE_CPR,266500,9879.280853647102,266378.0,Narrow CPR (0.038%) bullish breakout
2026-02-23T14:42:57.135759,CPR,CRUDEOILM,BUY_CE_CPR,5950,193.7617097421579,5963.0,Narrow CPR (0.111%) bullish breakout
2026-02-23T14:42:57.135759,Ghost Zone,CRUDEOILM,BUY_PE_GTZ,5950,180.77327993274653,5963.0,Ghost Zone: Supply retest
2026-02-23T14:44:18.000632,CPR,GOLDM,BUY_CE_CPR,159500,5668.771637473128,159510.0,Narrow CPR (0.058%) bullish breakout
2026-02-23T14:44:18.002136,CPR,SILVERM,BUY_CE_CPR,266500,10000.522954240452,266612.0,Narrow CPR (0.038%) bullish breakout
2026-02-23T14:44:18.002136,CPR,CRUDEOILM,BUY_CE_CPR,5950,193.7617097421579,5963.0,Narrow CPR (0.111%) bullish breakout
2026-02-23T14:44:18.002136,Ghost Zone,CRUDEOILM,BUY_PE_GTZ,5950,180.77327993274653,5963.0,Ghost Zone: Supply retest
2026-02-23T14:45:32.940724,CPR,GOLDM,BUY_CE_CPR,159500,5671.014939173874,159514.0,Narrow CPR (0.058%) bullish breakout
2026-02-23T14:45:32.940724,CPR,SILVERM,BUY_CE_CPR,266500,10000.522954240452,266612.0,Narrow CPR (0.038%) bullish breakout
2026-02-23T14:45:32.940724,CPR,CRUDEOILM,BUY_CE_CPR,5950,193.7617097421579,5963.0,Narrow CPR (0.111%) bullish breakout
2026-02-23T14:45:32.940724,Ghost Zone,CRUDEOILM,BUY_PE_GTZ,5950,180.77327993274653,5963.0,Ghost Zone: Supply retest
2026-02-23T14:46:51.203503,CPR,GOLDM,BUY_CE_CPR,159500,5662.045003528823,159498.0,Narrow CPR (0.058%) bullish breakout
2026-02-23T14:46:51.203503,CPR,SILVERM,BUY_CE_CPR,266500,10046.344255396722,266700.0,Narrow CPR (0.038%) bullish breakout
2026-02-23T14:46:51.203503,CPR,CRUDEOILM,BUY_CE_CPR,5950,193.7617097421579,5963.0,Narrow CPR (0.111%) bullish breakout
2026-02-23T14:46:51.203503,Ghost Zone,CRUDEOILM,BUY_PE_GTZ,5950,180.77327993274653,5963.0,Ghost Zone: Supply retest
2026-02-23T14:48:05.507603,CPR,GOLDM,BUY_CE_CPR,159600,5665.450209440629,159590.0,Narrow CPR (0.058%) bullish breakout
2026-02-23T14:48:05.507603,CPR,SILVERM,BUY_CE_CPR,266500,10036.961673829606,266682.0,Narrow CPR (0.038%) bullish breakout
2026-02-23T14:48:05.507603,CPR,CRUDEOILM,BUY_CE_CPR,5950,193.7617097421579,5963.0,Narrow CPR (0.111%) bullish breakout
2026-02-23T14:48:05.507603,Ghost Zone,CRUDEOILM,BUY_PE_GTZ,5950,180.77327993274653,5963.0,Ghost Zone: Supply retest
2026-02-23T14:49:26.425830,CPR,GOLDM,BUY_CE_CPR,159600,5663.207699592698,159586.0,Narrow CPR (0.058%) bullish breakout
2026-02-23T14:49:26.425830,CPR,SILVERM,BUY_CE_CPR,267000,9874.718471741324,266833.0,Narrow CPR (0.038%) bullish breakout
2026-02-23T14:49:26.425830,CPR,CRUDEOILM,BUY_CE_CPR,5950,193.7617097421579,5963.0,Narrow CPR (0.111%) bullish breakout
2026-02-23T14:49:26.425830,Ghost Zone,CRUDEOILM,BUY_PE_GTZ,5950,180.77327993274653,5963.0,Ghost Zone: Supply retest
2026-02-23T14:50:40.785324,CPR,GOLDM,BUY_CE_CPR,159600,5651.4434603757945,159565.0,Narrow CPR (0.058%) bullish breakout
2026-02-23T14:50:40.785324,CPR,SILVERM,BUY_CE_CPR,266500,9892.709044922529,266404.0,Narrow CPR (0.038%) bullish breakout
2026-02-23T14:50:40.785324,CPR,CRUDEOILM,BUY_CE_CPR,5950,193.7617097421579,5963.0,Narrow CPR (0.111%) bullish breakout
2026-02-23T14:50:40.785324,Ghost Zone,CRUDEOILM,BUY_PE_GTZ,5950,180.77327993274653,5963.0,Ghost Zone: Supply retest
2026-02-23T14:51:56.135161,CPR,GOLDM,BUY_CE_CPR,159600,5643.608979387295,159551.0,Narrow CPR (0.058%) bullish breakout
2026-02-23T14:51:56.136217,CPR,SILVERM,BUY_CE_CPR,266500,9971.947343426693,266557.0,Narrow CPR (0.038%) bullish breakout
2026-02-23T14:51:56.136217,CPR,CRUDEOILM,BUY_CE_CPR,5950,193.7617097421579,5963.0,Narrow CPR (0.111%) bullish breakout
2026-02-23T14:51:56.136217,Ghost Zone,CRUDEOILM,BUY_PE_GTZ,5950,180.77327993274653,5963.0,Ghost Zone: Supply retest
2026-02-23T14:53:21.836619,CPR,GOLDM,BUY_CE_CPR,159600,5657.603808019339,159576.0,Narrow CPR (0.058%) bullish breakout
2026-02-23T14:53:21.836619,CPR,SILVERM,BUY_CE_CPR,267000,9961.037162115616,267000.0,Narrow CPR (0.038%) bullish breakout
2026-02-23T14:53:21.836619,CPR,CRUDEOILM,BUY_CE_CPR,5950,193.7617097421579,5963.0,Narrow CPR (0.111%) bullish breakout
2026-02-23T14:53:21.836619,Ghost Zone,CRUDEOILM,BUY_PE_GTZ,5950,180.77327993274653,5963.0,Ghost Zone: Supply retest
2026-02-23T14:54:36.627405,CPR,GOLDM,BUY_CE_CPR,159600,5671.058866488321,159600.0,Narrow CPR (0.058%) bullish breakout
2026-02-23T14:54:36.627405,CPR,SILVERM,BUY_CE_CPR,267000,9961.037162115616,267000.0,Narrow CPR (0.038%) bullish breakout
2026-02-23T14:54:36.627405,CPR,CRUDEOILM,BUY_CE_CPR,5950,193.7617097421579,5963.0,Narrow CPR (0.111%) bullish breakout
2026-02-23T14:54:36.627405,Ghost Zone,CRUDEOILM,BUY_PE_GTZ,5950,180.77327993274653,5963.0,Ghost Zone: Supply retest
2026-02-23T14:55:50.790131,CPR,GOLDM,BUY_CE_CPR,159600,5690.715954209135,159635.0,Narrow CPR (0.058%) bullish breakout
2026-02-23T14:55:50.790131,CPR,SILVERM,BUY_CE_CPR,267000,9961.037162115616,267000.0,Narrow CPR (0.038%) bullish breakout
2026-02-23T14:55:50.790131,CPR,CRUDEOILM,BUY_CE_CPR,5950,193.7617097421579,5963.0,Narrow CPR (0.111%) bullish breakout
2026-02-23T14:55:50.790131,Ghost Zone,CRUDEOILM,BUY_PE_GTZ,5950,180.77327993274653,5963.0,Ghost Zone: Supply retest
2026-02-23T14:57:03.577229,CPR,GOLDM,BUY_CE_CPR,159700,5667.227954452516,159679.0,Narrow CPR (0.058%) bullish breakout
2026-02-23T14:57:03.577229,CPR,SILVERM,BUY_CE_CPR,267000,9961.555378698937,267001.0,Narrow CPR (0.038%) bullish breakout
2026-02-23T14:57:03.577229,CPR,CRUDEOILM,BUY_CE_CPR,5950,193.7617097421579,5963.0,Narrow CPR (0.111%) bullish breakout
2026-02-23T14:57:03.577229,Ghost Zone,CRUDEOILM,BUY_PE_GTZ,5950,180.77327993274653,5963.0,Ghost Zone: Supply retest
2026-02-23T14:58:19.294185,CPR,GOLDM,BUY_CE_CPR,159700,5661.059671193805,159668.0,Narrow CPR (0.058%) bullish breakout
2026-02-23T14:58:19.294185,CPR,SILVERM,BUY_CE_CPR,267500,9851.14986087703,267251.0,Narrow CPR (0.038%) bullish breakout
2026-02-23T14:58:19.294185,CPR,CRUDEOILM,BUY_CE_CPR,5950,193.7617097421579,5963.0,Narrow CPR (0.111%) bullish breakout
2026-02-23T14:58:19.294185,Ghost Zone,CRUDEOILM,BUY_PE_GTZ,5950,180.77327993274653,5963.0,Ghost Zone: Supply retest
2026-02-23T14:59:33.409112,CPR,GOLDM,BUY_CE_CPR,159700,5656.576231244773,159660.0,Narrow CPR (0.058%) bullish breakout
2026-02-23T14:59:33.409112,CPR,SILVERM,BUY_CE_CPR,267500,9851.14986087703,267251.0,Narrow CPR (0.038%) bullish breakout
2026-02-23T14:59:33.409112,CPR,CRUDEOILM,BUY_CE_CPR,5950,193.7617097421579,5963.0,Narrow CPR (0.111%) bullish breakout
2026-02-23T14:59:33.409112,Ghost Zone,CRUDEOILM,BUY_PE_GTZ,5950,180.77327993274653,5963.0,Ghost Zone: Supply retest
2026-02-23T15:00:48.186599,CPR,GOLDM,BUY_CE_CPR,159600,5674.425694027727,159606.0,Narrow CPR (0.058%) bullish breakout
2026-02-23T15:00:48.186599,CPR,SILVERM,BUY_CE_CPR,267000,9857.714076361575,266800.0,Narrow CPR (0.038%) bullish breakout
2026-02-23T15:00:48.186599,CPR,CRUDEOILM,BUY_CE_CPR,5950,193.7617097421579,5963.0,Narrow CPR (0.111%) bullish breakout
2026-02-23T15:00:48.186599,Ghost Zone,CRUDEOILM,BUY_PE_GTZ,5950,180.77327993274653,5963.0,Ghost Zone: Supply retest
2026-02-23T15:02:02.594633,CPR,GOLDM,BUY_CE_CPR,159600,5680.60139180342,159617.0,Narrow CPR (0.058%) bullish breakout
2026-02-23T15:02:02.594633,CPR,SILVERM,BUY_CE_CPR,267000,10091.086768715875,267250.0,Narrow CPR (0.038%) bullish breakout
2026-02-23T15:02:02.594633,CPR,CRUDEOILM,BUY_CE_CPR,5950,193.7617097421579,5963.0,Narrow CPR (0.111%) bullish breakout
2026-02-23T15:02:02.594633,Ghost Zone,CRUDEOILM,BUY_PE_GTZ,5950,180.77327993274653,5963.0,Ghost Zone: Supply retest
2026-02-23T15:03:18.535977,CPR,GOLDM,BUY_CE_CPR,159600,5643.049629165109,159550.0,Narrow CPR (0.058%) bullish breakout
2026-02-23T15:03:18.535977,CPR,SILVERM,BUY_CE_CPR,267000,10091.086768715875,267250.0,Narrow CPR (0.038%) bullish breakout
2026-02-23T15:03:18.535977,CPR,CRUDEOILM,BUY_CE_CPR,5950,193.7617097421579,5963.0,Narrow CPR (0.111%) bullish breakout
2026-02-23T15:03:18.535977,Ghost Zone,CRUDEOILM,BUY_PE_GTZ,5950,180.77327993274653,5963.0,Ghost Zone: Supply retest
2026-02-23T15:04:32.260566,CPR,GOLDM,BUY_CE_CPR,159500,5682.8012141003,159535.0,Narrow CPR (0.058%) bullish breakout
2026-02-23T15:04:32.260566,CPR,SILVERM,BUY_CE_CPR,267000,10012.937639296752,267100.0,Narrow CPR (0.038%) bullish breakout
2026-02-23T15:04:32.260566,CPR,CRUDEOILM,BUY_CE_CPR,5950,193.7617097421579,5963.0,Narrow CPR (0.111%) bullish breakout
2026-02-23T15:04:32.260566,Ghost Zone,CRUDEOILM,BUY_PE_GTZ,5950,180.77327993274653,5963.0,Ghost Zone: Supply retest
2026-02-23T15:05:47.731901,CPR,GOLDM,BUY_CE_CPR,159600,5643.049629165109,159550.0,Narrow CPR (0.058%) bullish breakout
2026-02-23T15:05:47.731901,CPR,SILVERM,BUY_CE_CPR,267000,10064.997285898717,267200.0,Narrow CPR (0.038%) bullish breakout
2026-02-23T15:05:47.731901,CPR,CRUDEOILM,BUY_CE_CPR,5950,193.7617097421579,5963.0,Narrow CPR (0.111%) bullish breakout
2026-02-23T15:05:47.731901,Ghost Zone,CRUDEOILM,BUY_PE_GTZ,5950,180.77327993274653,5963.0,Ghost Zone: Supply retest
2026-02-23T15:07:02.476411,CPR,GOLDM,BUY_CE_CPR,159500,5682.239622392425,159534.0,Narrow CPR (0.058%) bullish breakout
2026-02-23T15:07:02.476411,CPR,SILVERM,BUY_CE_CPR,267000,10064.997285898717,267200.0,Narrow CPR (0.038%) bullish breakout
2026-02-23T15:07:02.476411,CPR,CRUDEOILM,BUY_CE_CPR,5950,193.7617097421579,5963.0,Narrow CPR (0.111%) bullish breakout
2026-02-23T15:07:02.476411,Ghost Zone,CRUDEOILM,BUY_PE_GTZ,5950,180.77327993274653,5963.0,Ghost Zone: Supply retest
2026-02-23T15:08:14.665473,CPR,GOLDM,BUY_CE_CPR,159500,5650.8448550390185,159478.0,Narrow CPR (0.058%) bullish breakout
2026-02-23T15:08:14.665473,CPR,SILVERM,BUY_CE_CPR,267500,9974.509498384965,267490.0,Narrow CPR (0.038%) bullish breakout
2026-02-23T15:08:14.665473,CPR,CRUDEOILM,BUY_CE_CPR,5950,193.7617097421579,5963.0,Narrow CPR (0.111%) bullish breakout
2026-02-23T15:08:14.665473,Ghost Zone,CRUDEOILM,BUY_PE_GTZ,5950,180.77327993274653,5963.0,Ghost Zone: Supply retest
2026-02-23T15:09:32.962600,CPR,GOLDM,BUY_CE_CPR,159400,5677.194014895271,159439.0,Narrow CPR (0.058%) bullish breakout
2026-02-23T15:09:32.971286,CPR,SILVERM,BUY_CE_CPR,267500,9974.509498384965,267490.0,Narrow CPR (0.038%) bullish breakout
2026-02-23T15:09:32.971286,CPR,CRUDEOILM,BUY_CE_CPR,5950,193.7617097421579,5963.0,Narrow CPR (0.111%) bullish breakout
2026-02-23T15:09:32.971286,Ghost Zone,CRUDEOILM,BUY_PE_GTZ,5950,180.77327993274653,5963.0,Ghost Zone: Supply retest
2026-02-23T15:10:48.096719,CPR,GOLDM,BUY_CE_CPR,159500,5657.56330756883,159490.0,Narrow CPR (0.058%) bullish breakout
2026-02-23T15:10:48.111995,CPR,SILVERM,BUY_CE_CPR,266500,9821.04528244085,266265.0,Narrow CPR (0.038%) bullish breakout
2026-02-23T15:10:48.111995,CPR,CRUDEOILM,BUY_CE_CPR,5950,193.7617097421579,5963.0,Narrow CPR (0.111%) bullish breakout
2026-02-23T15:10:48.111995,Ghost Zone,CRUDEOILM,BUY_PE_GTZ,5950,180.77327993274653,5963.0,Ghost Zone: Supply retest
2026-02-23T15:12:02.773176,CPR,GOLDM,BUY_CE_CPR,159500,5668.771637473128,159510.0,Narrow CPR (0.058%) bullish breakout
2026-02-23T15:12:02.773176,CPR,SILVERM,BUY_CE_CPR,266500,9944.974777019812,266505.0,Narrow CPR (0.038%) bullish breakout
2026-02-23T15:12:02.773176,CPR,CRUDEOILM,BUY_CE_CPR,5950,193.7617097421579,5963.0,Narrow CPR (0.111%) bullish breakout
2026-02-23T15:12:02.773176,Ghost Zone,CRUDEOILM,BUY_PE_GTZ,5950,180.77327993274653,5963.0,Ghost Zone: Supply retest
2026-02-23T15:13:23.563061,CPR,GOLDM,BUY_CE_CPR,159500,5647.487470421438,159472.0,Narrow CPR (0.058%) bullish breakout
2026-02-23T15:13:23.563061,CPR,SILVERM,BUY_CE_CPR,266500,9890.642466868803,266400.0,Narrow CPR (0.038%) bullish breakout
2026-02-23T15:13:23.563061,CPR,CRUDEOILM,BUY_CE_CPR,5950,193.7617097421579,5963.0,Narrow CPR (0.111%) bullish breakout
2026-02-23T15:13:23.563061,Ghost Zone,CRUDEOILM,BUY_PE_GTZ,5950,180.77327993274653,5963.0,Ghost Zone: Supply retest
2026-02-23T15:14:38.063012,CPR,GOLDM,BUY_CE_CPR,159500,5663.165768389193,159500.0,Narrow CPR (0.058%) bullish breakout
2026-02-23T15:14:38.063012,CPR,SILVERM,BUY_CE_CPR,266500,10060.949645796749,266728.0,Narrow CPR (0.038%) bullish breakout
2026-02-23T15:14:38.063012,CPR,CRUDEOILM,BUY_CE_CPR,5950,193.7617097421579,5963.0,Narrow CPR (0.111%) bullish breakout
2026-02-23T15:14:38.063012,Ghost Zone,CRUDEOILM,BUY_PE_GTZ,5950,180.77327993274653,5963.0,Ghost Zone: Supply retest
2026-02-23T15:15:59.030128,CPR,GOLDM,BUY_CE_CPR,159500,5681.116541113042,159532.0,Narrow CPR (0.058%) bullish breakout
2026-02-23T15:15:59.030128,CPR,SILVERM,BUY_CE_CPR,266500,10060.949645796749,266728.0,Narrow CPR (0.038%) bullish breakout
2026-02-23T15:15:59.030128,CPR,CRUDEOILM,BUY_CE_CPR,5950,193.7617097421579,5963.0,Narrow CPR (0.111%) bullish breakout
2026-02-23T15:15:59.030128,Ghost Zone,CRUDEOILM,BUY_PE_GTZ,5950,180.77327993274653,5963.0,Ghost Zone: Supply retest
2026-02-23T15:17:21.952781,CPR,GOLDM,BUY_CE_CPR,159500,5663.165768389193,159500.0,Narrow CPR (0.058%) bullish breakout
2026-02-23T15:17:21.952781,CPR,SILVERM,BUY_CE_CPR,266500,9939.7926908204,266495.0,Narrow CPR (0.038%) bullish breakout
2026-02-23T15:17:21.952781,CPR,CRUDEOILM,BUY_CE_CPR,5950,193.7617097421579,5963.0,Narrow CPR (0.111%) bullish breakout
2026-02-23T15:17:21.953805,Ghost Zone,CRUDEOILM,BUY_PE_GTZ,5950,180.77327993274653,5963.0,Ghost Zone: Supply retest
2026-02-23T15:18:37.585171,CPR,GOLDM,BUY_CE_CPR,159600,5653.123146476018,159568.0,Narrow CPR (0.058%) bullish breakout
2026-02-23T15:18:37.585171,CPR,SILVERM,BUY_CE_CPR,266500,9939.7926908204,266495.0,Narrow CPR (0.038%) bullish breakout
2026-02-23T15:18:37.585171,CPR,CRUDEOILM,BUY_CE_CPR,5950,193.7617097421579,5963.0,Narrow CPR (0.111%) bullish breakout
2026-02-23T15:18:37.585171,Ghost Zone,CRUDEOILM,BUY_PE_GTZ,5950,180.77327993274653,5963.0,Ghost Zone: Supply retest
2026-02-23T15:20:07.613225,CPR,GOLDM,BUY_CE_CPR,159600,5658.724313950563,159578.0,Narrow CPR (0.058%) bullish breakout
2026-02-23T15:20:07.613225,CPR,SILVERM,BUY_CE_CPR,267000,9909.295945057842,266900.0,Narrow CPR (0.038%) bullish breakout
2026-02-23T15:20:07.613225,CPR,CRUDEOILM,BUY_CE_CPR,5950,193.7617097421579,5963.0,Narrow CPR (0.111%) bullish breakout
2026-02-23T15:20:07.613225,Ghost Zone,CRUDEOILM,BUY_PE_GTZ,5950,180.77327993274653,5963.0,Ghost Zone: Supply retest
2026-02-23T15:21:26.856892,CPR,GOLDM,BUY_CE_CPR,159600,5652.563217046665,159567.0,Narrow CPR (0.058%) bullish breakout
2026-02-23T15:21:26.856892,CPR,SILVERM,BUY_CE_CPR,267000,9909.295945057842,266900.0,Narrow CPR (0.038%) bullish breakout
2026-02-23T15:21:26.856892,CPR,CRUDEOILM,BUY_CE_CPR,5950,193.7617097421579,5963.0,Narrow CPR (0.111%) bullish breakout
2026-02-23T15:21:26.856892,Ghost Zone,CRUDEOILM,BUY_PE_GTZ,5950,180.77327993274653,5963.0,Ghost Zone: Supply retest
2026-02-23T15:22:42.152957,CPR,GOLDM,BUY_CE_CPR,159600,5684.533523828612,159624.0,Narrow CPR (0.058%) bullish breakout
2026-02-23T15:22:42.152957,CPR,SILVERM,BUY_CE_CPR,266500,9907.182243044714,266432.0,Narrow CPR (0.038%) bullish breakout
2026-02-23T15:22:42.153470,CPR,CRUDEOILM,BUY_CE_CPR,5950,193.7617097421579,5963.0,Narrow CPR (0.111%) bullish breakout
2026-02-23T15:22:42.153470,Ghost Zone,CRUDEOILM,BUY_PE_GTZ,5950,180.77327993274653,5963.0,Ghost Zone: Supply retest
2026-02-23T15:24:00.274181,CPR,GOLDM,BUY_CE_CPR,159600,5685.095392980654,159625.0,Narrow CPR (0.058%) bullish breakout
2026-02-23T15:24:00.274181,CPR,SILVERM,BUY_CE_CPR,266500,10045.301491324297,266698.0,Narrow CPR (0.038%) bullish breakout
2026-02-23T15:24:00.274181,CPR,CRUDEOILM,BUY_CE_CPR,5950,193.7617097421579,5963.0,Narrow CPR (0.111%) bullish breakout
2026-02-23T15:24:00.274181,Ghost Zone,CRUDEOILM,BUY_PE_GTZ,5950,180.77327993274653,5963.0,Ghost Zone: Supply retest
2026-02-23T15:25:15.138957,CPR,GOLDM,BUY_CE_CPR,159600,5695.21485030082,159643.0,Narrow CPR (0.058%) bullish breakout
2026-02-23T15:25:15.138957,CPR,SILVERM,BUY_CE_CPR,267000,9909.295945057842,266900.0,Narrow CPR (0.038%) bullish breakout
2026-02-23T15:25:15.138957,CPR,CRUDEOILM,BUY_CE_CPR,5950,193.7617097421579,5963.0,Narrow CPR (0.111%) bullish breakout
2026-02-23T15:25:15.138957,Ghost Zone,CRUDEOILM,BUY_PE_GTZ,5950,180.77327993274653,5963.0,Ghost Zone: Supply retest
2026-02-23T15:26:29.797194,CPR,GOLDM,BUY_CE_CPR,159600,5671.058866488321,159600.0,Narrow CPR (0.058%) bullish breakout
2026-02-23T15:26:29.797194,CPR,SILVERM,BUY_CE_CPR,266500,10041.131072548083,266690.0,Narrow CPR (0.038%) bullish breakout
2026-02-23T15:26:29.797194,CPR,CRUDEOILM,BUY_CE_CPR,5950,193.7617097421579,5963.0,Narrow CPR (0.111%) bullish breakout
2026-02-23T15:26:29.797194,Ghost Zone,CRUDEOILM,BUY_PE_GTZ,5950,180.77327993274653,5963.0,Ghost Zone: Supply retest
2026-02-23T15:27:47.174532,CPR,GOLDM,BUY_CE_CPR,159600,5657.043606131666,159575.0,Narrow CPR (0.058%) bullish breakout
2026-02-23T15:27:47.174532,CPR,SILVERM,BUY_CE_CPR,266500,10041.131072548083,266690.0,Narrow CPR (0.038%) bullish breakout
2026-02-23T15:27:47.174532,CPR,CRUDEOILM,BUY_CE_CPR,5950,193.7617097421579,5963.0,Narrow CPR (0.111%) bullish breakout
2026-02-23T15:27:47.174532,Ghost Zone,CRUDEOILM,BUY_PE_GTZ,5950,180.77327993274653,5963.0,Ghost Zone: Supply retest
2026-02-23T15:29:05.685978,CPR,GOLDM,BUY_CE_CPR,159600,5676.670926119024,159610.0,Narrow CPR (0.058%) bullish breakout
2026-02-23T15:29:05.685978,CPR,SILVERM,BUY_CE_CPR,266500,9994.284160995676,266600.0,Narrow CPR (0.038%) bullish breakout
2026-02-23T15:29:05.685978,CPR,CRUDEOILM,BUY_CE_CPR,5950,193.7617097421579,5963.0,Narrow CPR (0.111%) bullish breakout
2026-02-23T15:29:05.685978,Ghost Zone,CRUDEOILM,BUY_PE_GTZ,5950,180.77327993274653,5963.0,Ghost Zone: Supply retest
2026-02-23T15:30:19.683160,CPR,GOLDM,BUY_CE_CPR,159600,5671.058866488321,159600.0,Narrow CPR (0.058%) bullish breakout
2026-02-23T15:30:19.683160,CPR,SILVERM,BUY_CE_CPR,266500,9855.54972625022,266332.0,Narrow CPR (0.038%) bullish breakout
2026-02-23T15:30:19.683160,CPR,CRUDEOILM,BUY_CE_CPR,5950,193.7617097421579,5963.0,Narrow CPR (0.111%) bullish breakout
2026-02-23T15:30:19.683160,Ghost Zone,CRUDEOILM,BUY_PE_GTZ,5950,180.77327993274653,5963.0,Ghost Zone: Supply retest
2026-02-23T15:31:34.274420,CPR,GOLDM,BUY_CE_CPR,159600,5674.425694027727,159606.0,Narrow CPR (0.058%) bullish breakout
2026-02-23T15:31:34.274420,CPR,SILVERM,BUY_CE_CPR,266500,9915.975647478404,266449.0,Narrow CPR (0.038%) bullish breakout
2026-02-23T15:31:34.274420,CPR,CRUDEOILM,BUY_CE_CPR,5950,193.7617097421579,5963.0,Narrow CPR (0.111%) bullish breakout
2026-02-23T15:31:34.274420,Ghost Zone,CRUDEOILM,BUY_PE_GTZ,5950,180.77327993274653,5963.0,Ghost Zone: Supply retest
2026-02-23T15:32:50.560115,CPR,GOLDM,BUY_CE_CPR,159600,5699.1531682418,159650.0,Narrow CPR (0.058%) bullish breakout
2026-02-23T15:32:50.560115,CPR,SILVERM,BUY_CE_CPR,266500,9942.383534471206,266500.0,Narrow CPR (0.038%) bullish breakout
2026-02-23T15:32:50.560115,CPR,CRUDEOILM,BUY_CE_CPR,5950,193.7617097421579,5963.0,Narrow CPR (0.111%) bullish breakout
2026-02-23T15:32:50.560115,Ghost Zone,CRUDEOILM,BUY_PE_GTZ,5950,180.77327993274653,5963.0,Ghost Zone: Supply retest
2026-02-23T15:34:10.408391,CPR,GOLDM,BUY_CE_CPR,159700,5664.984466391899,159675.0,Narrow CPR (0.058%) bullish breakout
2026-02-23T15:34:10.408391,CPR,SILVERM,BUY_CE_CPR,266500,10024.459598503649,266658.0,Narrow CPR (0.038%) bullish breakout
2026-02-23T15:34:10.408391,CPR,CRUDEOILM,BUY_CE_CPR,5950,193.7617097421579,5963.0,Narrow CPR (0.111%) bullish breakout
2026-02-23T15:34:10.408391,Ghost Zone,CRUDEOILM,BUY_PE_GTZ,5950,180.77327993274653,5963.0,Ghost Zone: Supply retest
2026-02-23T15:34:11.725093,CPR,GOLDM,BUY_CE_CPR,159700,5664.984466391899,159675.0,Narrow CPR (0.058%) bullish breakout
2026-02-23T15:34:11.725093,CPR,SILVERM,BUY_CE_CPR,266500,10024.459598503649,266658.0,Narrow CPR (0.038%) bullish breakout
2026-02-23T15:34:11.725093,CPR,CRUDEOILM,BUY_CE_CPR,5950,193.7617097421579,5963.0,Narrow CPR (0.111%) bullish breakout
2026-02-23T15:34:11.725093,Ghost Zone,CRUDEOILM,BUY_PE_GTZ,5950,180.77327993274653,5963.0,Ghost Zone: Supply retest
2026-02-23T15:35:23.395785,CPR,GOLDM,BUY_CE_CPR,159700,5686.881666725419,159714.0,Narrow CPR (0.058%) bullish breakout
2026-02-23T15:35:23.395785,CPR,SILVERM,BUY_CE_CPR,266500,10046.344255396722,266700.0,Narrow CPR (0.038%) bullish breakout
2026-02-23T15:35:23.395785,CPR,CRUDEOILM,BUY_CE_CPR,5950,193.7617097421579,5963.0,Narrow CPR (0.111%) bullish breakout
2026-02-23T15:35:23.395785,Ghost Zone,CRUDEOILM,BUY_PE_GTZ,5950,180.77327993274653,5963.0,Ghost Zone: Supply retest
2026-02-23T15:36:54.378776,CPR,GOLDM,BUY_CE_CPR,159700,5682.947595338772,159707.0,Narrow CPR (0.058%) bullish breakout
2026-02-23T15:36:54.378776,CPR,SILVERM,BUY_CE_CPR,267000,9857.714076361575,266800.0,Narrow CPR (0.038%) bullish breakout
2026-02-23T15:36:54.378776,CPR,CRUDEOILM,BUY_CE_CPR,5950,193.7617097421579,5963.0,Narrow CPR (0.111%) bullish breakout
2026-02-23T15:36:54.378776,Ghost Zone,CRUDEOILM,BUY_PE_GTZ,5950,180.77327993274653,5963.0,Ghost Zone: Supply retest
2026-02-23T15:38:07.838598,CPR,GOLDM,BUY_CE_CPR,159600,5699.1531682418,159650.0,Narrow CPR (0.058%) bullish breakout
2026-02-23T15:38:07.838598,CPR,SILVERM,BUY_CE_CPR,267000,9841.756066226835,266769.0,Narrow CPR (0.038%) bullish breakout
2026-02-23T15:38:07.838598,CPR,CRUDEOILM,BUY_CE_CPR,5950,193.7617097421579,5963.0,Narrow CPR (0.111%) bullish breakout
2026-02-23T15:38:07.838598,Ghost Zone,CRUDEOILM,BUY_PE_GTZ,5950,180.77327993274653,5963.0,Ghost Zone: Supply retest
2026-02-23T15:39:22.417505,CPR,GOLDM,BUY_CE_CPR,159600,5678.916702446103,159614.0,Narrow CPR (0.058%) bullish breakout
2026-02-23T15:39:22.417505,CPR,SILVERM,BUY_CE_CPR,267000,9841.756066226835,266769.0,Narrow CPR (0.038%) bullish breakout
2026-02-23T15:39:22.417505,CPR,CRUDEOILM,BUY_CE_CPR,5950,193.7617097421579,5963.0,Narrow CPR (0.111%) bullish breakout
2026-02-23T15:39:22.417505,Ghost Zone,CRUDEOILM,BUY_PE_GTZ,5950,180.77327993274653,5963.0,Ghost Zone: Supply retest
2026-02-23T15:40:07.911743,CPR,GOLDM,BUY_CE_CPR,159600,5665.450209440629,159590.0,Narrow CPR (0.058%) bullish breakout
2026-02-23T15:40:07.911743,CPR,SILVERM,BUY_CE_CPR,267000,9841.756066226835,266769.0,Narrow CPR (0.038%) bullish breakout
2026-02-23T15:40:07.911743,CPR,CRUDEOILM,BUY_CE_CPR,5950,193.7617097421579,5963.0,Narrow CPR (0.111%) bullish breakout
2026-02-23T15:40:07.911743,Ghost Zone,CRUDEOILM,BUY_PE_GTZ,5950,180.77327993274653,5963.0,Ghost Zone: Supply retest
2026-02-23T15:40:38.211753,CPR,GOLDM,BUY_CE_CPR,159600,5670.497847649046,159599.0,Narrow CPR (0.058%) bullish breakout
2026-02-23T15:40:38.211753,CPR,SILVERM,BUY_CE_CPR,267000,9841.756066226835,266769.0,Narrow CPR (0.038%) bullish breakout
2026-02-23T15:40:38.211753,CPR,CRUDEOILM,BUY_CE_CPR,5950,193.7617097421579,5963.0,Narrow CPR (0.111%) bullish breakout
2026-02-23T15:40:38.211753,Ghost Zone,CRUDEOILM,BUY_PE_GTZ,5950,180.77327993274653,5963.0,Ghost Zone: Supply retest
2026-02-23T15:41:52.268012,CPR,GOLDM,BUY_CE_CPR,159600,5643.049629165109,159550.0,Narrow CPR (0.058%) bullish breakout
2026-02-23T15:41:52.268012,CPR,SILVERM,BUY_CE_CPR,267000,9909.295945057842,266900.0,Narrow CPR (0.038%) bullish breakout
2026-02-23T15:41:52.268012,CPR,CRUDEOILM,BUY_CE_CPR,5950,193.7617097421579,5963.0,Narrow CPR (0.111%) bullish breakout
2026-02-23T15:41:52.268012,Ghost Zone,CRUDEOILM,BUY_PE_GTZ,5950,180.77327993274653,5963.0,Ghost Zone: Supply retest
2026-02-23T15:43:07.316125,CPR,GOLDM,BUY_CE_CPR,159600,5659.284617991918,159579.0,Narrow CPR (0.058%) bullish breakout
2026-02-23T15:43:07.316125,CPR,SILVERM,BUY_CE_CPR,267000,9909.295945057842,266900.0,Narrow CPR (0.038%) bullish breakout
2026-02-23T15:43:07.316125,CPR,CRUDEOILM,BUY_CE_CPR,5950,193.7617097421579,5963.0,Narrow CPR (0.111%) bullish breakout
2026-02-23T15:43:07.316125,Ghost Zone,CRUDEOILM,BUY_PE_GTZ,5950,180.77327993274653,5963.0,Ghost Zone: Supply retest
2026-02-23T15:44:21.770948,CPR,GOLDM,BUY_CE_CPR,159600,5687.905248689075,159630.0,Narrow CPR (0.058%) bullish breakout
2026-02-23T15:44:21.770948,CPR,SILVERM,BUY_CE_CPR,267000,9900.515782961633,266883.0,Narrow CPR (0.038%) bullish breakout
2026-02-23T15:44:21.770948,CPR,CRUDEOILM,BUY_CE_CPR,5950,193.7617097421579,5963.0,Narrow CPR (0.111%) bullish breakout
2026-02-23T15:44:21.770948,Ghost Zone,CRUDEOILM,BUY_PE_GTZ,5950,180.77327993274653,5963.0,Ghost Zone: Supply retest
2026-02-23T15:45:36.727782,CPR,GOLDM,BUY_CE_CPR,159600,5687.905248689075,159630.0,Narrow CPR (0.058%) bullish breakout
2026-02-23T15:45:36.727782,CPR,SILVERM,BUY_CE_CPR,267000,9919.631443388556,266920.0,Narrow CPR (0.038%) bullish breakout
2026-02-23T15:45:36.727782,CPR,CRUDEOILM,BUY_CE_CPR,5950,193.7617097421579,5963.0,Narrow CPR (0.111%) bullish breakout
2026-02-23T15:45:36.727782,Ghost Zone,CRUDEOILM,BUY_PE_GTZ,5950,180.77327993274653,5963.0,Ghost Zone: Supply retest
2026-02-23T15:46:04.904745,CPR,GOLDM,BUY_CE_CPR,159600,5687.905248689075,159630.0,Narrow CPR (0.058%) bullish breakout
2026-02-23T15:46:04.904745,CPR,SILVERM,BUY_CE_CPR,267000,9919.631443388556,266920.0,Narrow CPR (0.038%) bullish breakout
2026-02-23T15:46:04.904745,CPR,CRUDEOILM,BUY_CE_CPR,5950,193.7617097421579,5963.0,Narrow CPR (0.111%) bullish breakout
2026-02-23T15:46:04.904745,Ghost Zone,CRUDEOILM,BUY_PE_GTZ,5950,180.77327993274653,5963.0,Ghost Zone: Supply retest
2026-02-23T15:46:52.052912,CPR,GOLDM,BUY_CE_CPR,159700,5672.839053893265,159689.0,Narrow CPR (0.058%) bullish breakout
2026-02-23T15:46:52.052912,CPR,SILVERM,BUY_CE_CPR,267000,10054.051561582914,267179.0,Narrow CPR (0.038%) bullish breakout
2026-02-23T15:46:52.052912,CPR,CRUDEOILM,BUY_CE_CPR,5950,193.7617097421579,5963.0,Narrow CPR (0.111%) bullish breakout
2026-02-23T15:46:52.052912,Ghost Zone,CRUDEOILM,BUY_PE_GTZ,5950,180.77327993274653,5963.0,Ghost Zone: Supply retest
2026-02-23T15:48:06.384884,CPR,GOLDM,BUY_CE_CPR,159700,5674.52304640475,159692.0,Narrow CPR (0.058%) bullish breakout
2026-02-23T15:48:06.384884,CPR,SILVERM,BUY_CE_CPR,267500,9876.367108203944,267300.0,Narrow CPR (0.038%) bullish breakout
2026-02-23T15:48:06.384884,CPR,CRUDEOILM,BUY_CE_CPR,5950,193.7617097421579,5963.0,Narrow CPR (0.111%) bullish breakout
2026-02-23T15:48:06.384884,Ghost Zone,CRUDEOILM,BUY_PE_GTZ,5950,180.77327993274653,5963.0,Ghost Zone: Supply retest
2026-02-23T15:49:19.713260,CPR,GOLDM,BUY_CE_CPR,159700,5667.7889114506,159680.0,Narrow CPR (0.058%) bullish breakout
2026-02-23T15:49:19.713260,CPR,SILVERM,BUY_CE_CPR,267000,10074.906605208942,267219.0,Narrow CPR (0.038%) bullish breakout
2026-02-23T15:49:19.713260,CPR,CRUDEOILM,BUY_CE_CPR,5950,193.7617097421579,5963.0,Narrow CPR (0.111%) bullish breakout
2026-02-23T15:49:19.713260,Ghost Zone,CRUDEOILM,BUY_PE_GTZ,5950,180.77327993274653,5963.0,Ghost Zone: Supply retest
2026-02-23T15:50:32.940801,CPR,GOLDM,BUY_CE_CPR,159700,5668.910927418567,159682.0,Narrow CPR (0.058%) bullish breakout
2026-02-23T15:50:32.940801,CPR,SILVERM,BUY_CE_CPR,267500,9870.702767204531,267289.0,Narrow CPR (0.038%) bullish breakout
2026-02-23T15:50:32.940801,CPR,CRUDEOILM,BUY_CE_CPR,5950,193.7617097421579,5963.0,Narrow CPR (0.111%) bullish breakout
2026-02-23T15:50:32.940801,Ghost Zone,CRUDEOILM,BUY_PE_GTZ,5950,180.77327993274653,5963.0,Ghost Zone: Supply retest
2026-02-23T15:51:49.499406,CPR,GOLDM,BUY_CE_CPR,159700,5693.067140109046,159725.0,Narrow CPR (0.058%) bullish breakout
2026-02-23T15:51:49.499406,CPR,SILVERM,BUY_CE_CPR,267500,9953.80023092573,267450.0,Narrow CPR (0.038%) bullish breakout
2026-02-23T15:51:49.499406,CPR,CRUDEOILM,BUY_CE_CPR,5950,193.7617097421579,5963.0,Narrow CPR (0.111%) bullish breakout
2026-02-23T15:51:49.499406,Ghost Zone,CRUDEOILM,BUY_PE_GTZ,5950,180.77327993274653,5963.0,Ghost Zone: Supply retest
2026-02-23T15:52:09.340228,CPR,GOLDM,BUY_CE_CPR,159700,5692.504654620843,159724.0,Narrow CPR (0.058%) bullish breakout
2026-02-23T15:52:09.340228,CPR,SILVERM,BUY_CE_CPR,267500,9903.170057514084,267352.0,Narrow CPR (0.038%) bullish breakout
2026-02-23T15:52:09.340228,CPR,CRUDEOILM,BUY_CE_CPR,5950,193.7617097421579,5963.0,Narrow CPR (0.111%) bullish breakout
2026-02-23T15:52:09.340228,Ghost Zone,CRUDEOILM,BUY_PE_GTZ,5950,180.77327993274653,5963.0,Ghost Zone: Supply retest
2026-02-23T15:53:02.233633,CPR,GOLDM,BUY_CE_CPR,159700,5681.823880573793,159705.0,Narrow CPR (0.058%) bullish breakout
2026-02-23T15:53:02.233633,CPR,SILVERM,BUY_CE_CPR,267500,9934.149991571769,267412.0,Narrow CPR (0.038%) bullish breakout
2026-02-23T15:53:02.233633,CPR,CRUDEOILM,BUY_CE_CPR,5950,193.7617097421579,5963.0,Narrow CPR (0.111%) bullish breakout
2026-02-23T15:53:02.233633,Ghost Zone,CRUDEOILM,BUY_PE_GTZ,5950,180.77327993274653,5963.0,Ghost Zone: Supply retest
2026-02-23T15:54:15.472839,CPR,GOLDM,BUY_CE_CPR,159700,5697.568245786392,159733.0,Narrow CPR (0.058%) bullish breakout
2026-02-23T15:54:15.472839,CPR,SILVERM,BUY_CE_CPR,267500,9934.149991571769,267412.0,Narrow CPR (0.038%) bullish breakout
2026-02-23T15:54:15.472839,CPR,CRUDEOILM,BUY_CE_CPR,5950,193.7617097421579,5963.0,Narrow CPR (0.111%) bullish breakout
2026-02-23T15:54:15.472839,Ghost Zone,CRUDEOILM,BUY_PE_GTZ,5950,180.77327993274653,5963.0,Ghost Zone: Supply retest
2026-02-23T15:55:29.097683,CPR,GOLDM,BUY_CE_CPR,159800,5666.814863834304,159764.0,Narrow CPR (0.058%) bullish breakout
2026-02-23T15:55:29.097683,CPR,SILVERM,BUY_CE_CPR,267500,10083.650318632135,267700.0,Narrow CPR (0.038%) bullish breakout
2026-02-23T15:55:29.097683,CPR,CRUDEOILM,BUY_CE_CPR,5950,193.7617097421579,5963.0,Narrow CPR (0.111%) bullish breakout
2026-02-23T15:55:29.097683,Ghost Zone,CRUDEOILM,BUY_PE_GTZ,5950,180.77327993274653,5963.0,Ghost Zone: Supply retest
2026-02-23T15:56:42.647219,CPR,GOLDM,BUY_CE_CPR,159800,5685.3479338409925,159797.0,Narrow CPR (0.058%) bullish breakout
2026-02-23T15:56:42.647219,CPR,SILVERM,BUY_CE_CPR,267500,10083.650318632135,267700.0,Narrow CPR (0.038%) bullish breakout
2026-02-23T15:56:42.647219,CPR,CRUDEOILM,BUY_CE_CPR,5950,193.7617097421579,5963.0,Narrow CPR (0.111%) bullish breakout
2026-02-23T15:56:42.647219,Ghost Zone,CRUDEOILM,BUY_PE_GTZ,5950,180.77327993274653,5963.0,Ghost Zone: Supply retest
2026-02-23T15:58:00.343745,CPR,GOLDM,BUY_CE_CPR,159800,5671.304335664239,159772.0,Narrow CPR (0.058%) bullish breakout
2026-02-23T15:58:00.343745,CPR,SILVERM,BUY_CE_CPR,267500,9853.206979218823,267255.0,Narrow CPR (0.038%) bullish breakout
2026-02-23T15:58:00.343745,CPR,CRUDEOILM,BUY_CE_CPR,5950,193.7617097421579,5963.0,Narrow CPR (0.111%) bullish breakout
2026-02-23T15:58:00.343745,Ghost Zone,CRUDEOILM,BUY_PE_GTZ,5950,180.77327993274653,5963.0,Ghost Zone: Supply retest
2026-02-23T15:58:09.721729,CPR,GOLDM,BUY_CE_CPR,159700,5697.005488803859,159732.0,Narrow CPR (0.058%) bullish breakout
2026-02-23T15:58:09.721729,CPR,SILVERM,BUY_CE_CPR,267500,9853.206979218823,267255.0,Narrow CPR (0.038%) bullish breakout
2026-02-23T15:58:09.721729,CPR,CRUDEOILM,BUY_CE_CPR,5950,193.7617097421579,5963.0,Narrow CPR (0.111%) bullish breakout
2026-02-23T15:58:09.721729,Ghost Zone,CRUDEOILM,BUY_PE_GTZ,5950,180.77327993274653,5963.0,Ghost Zone: Supply retest
2026-02-23T15:59:14.242250,CPR,GOLDM,BUY_CE_CPR,159800,5661.766805344077,159755.0,Narrow CPR (0.058%) bullish breakout
2026-02-23T15:59:14.242250,CPR,SILVERM,BUY_CE_CPR,267500,10007.17817072045,267553.0,Narrow CPR (0.038%) bullish breakout
2026-02-23T15:59:14.242250,CPR,CRUDEOILM,BUY_CE_CPR,5950,193.7617097421579,5963.0,Narrow CPR (0.111%) bullish breakout
2026-02-23T15:59:14.242250,Ghost Zone,CRUDEOILM,BUY_PE_GTZ,5950,180.77327993274653,5963.0,Ghost Zone: Supply retest
2026-02-23T16:00:27.359396,CPR,GOLDM,BUY_CE_CPR,159800,5687.0345903815405,159800.0,Narrow CPR (0.058%) bullish breakout
2026-02-23T16:00:27.359396,CPR,SILVERM,BUY_CE_CPR,267500,9969.84769535161,267481.0,Narrow CPR (0.038%) bullish breakout
2026-02-23T16:00:27.359396,CPR,CRUDEOILM,BUY_CE_CPR,5950,193.7617097421579,5963.0,Narrow CPR (0.111%) bullish breakout
2026-02-23T16:00:27.359396,Ghost Zone,CRUDEOILM,BUY_PE_GTZ,5950,180.77327993274653,5963.0,Ghost Zone: Supply retest
2026-02-23T16:01:40.278634,CPR,GOLDM,BUY_CE_CPR,159800,5658.963517006093,159750.0,Narrow CPR (0.058%) bullish breakout
2026-02-23T16:01:40.278634,CPR,SILVERM,BUY_CE_CPR,267500,9932.0828811781,267408.0,Narrow CPR (0.038%) bullish breakout
2026-02-23T16:01:40.278634,CPR,CRUDEOILM,BUY_CE_CPR,5950,193.7617097421579,5963.0,Narrow CPR (0.111%) bullish breakout
2026-02-23T16:01:40.278634,Ghost Zone,CRUDEOILM,BUY_PE_GTZ,5950,180.77327993274653,5963.0,Ghost Zone: Supply retest
2026-02-23T16:02:54.769585,CPR,GOLDM,BUY_CE_CPR,159800,5658.963517006093,159750.0,Narrow CPR (0.058%) bullish breakout
2026-02-23T16:02:54.769585,CPR,SILVERM,BUY_CE_CPR,267500,9941.386881818742,267426.0,Narrow CPR (0.038%) bullish breakout
2026-02-23T16:02:54.769585,CPR,CRUDEOILM,BUY_CE_CPR,5950,193.7617097421579,5963.0,Narrow CPR (0.111%) bullish breakout
2026-02-23T16:02:54.769585,Ghost Zone,CRUDEOILM,BUY_PE_GTZ,5950,180.77327993274653,5963.0,Ghost Zone: Supply retest
2026-02-23T16:04:09.833921,CPR,GOLDM,BUY_CE_CPR,159700,5691.379785471093,159722.0,Narrow CPR (0.058%) bullish breakout
2026-02-23T16:04:09.833921,CPR,SILVERM,BUY_CE_CPR,267000,10039.4681766461,267151.0,Narrow CPR (0.038%) bullish breakout
2026-02-23T16:04:09.833921,CPR,CRUDEOILM,BUY_CE_CPR,5950,193.7617097421579,5963.0,Narrow CPR (0.111%) bullish breakout
2026-02-23T16:04:09.833921,Ghost Zone,CRUDEOILM,BUY_PE_GTZ,5950,180.77327993274653,5963.0,Ghost Zone: Supply retest
2026-02-23T16:04:14.491824,CPR,GOLDM,BUY_CE_CPR,159700,5679.015188035514,159700.0,Narrow CPR (0.058%) bullish breakout
2026-02-23T16:04:14.491824,CPR,SILVERM,BUY_CE_CPR,267000,10039.4681766461,267151.0,Narrow CPR (0.038%) bullish breakout
2026-02-23T16:04:14.491824,CPR,CRUDEOILM,BUY_CE_CPR,5950,193.7617097421579,5963.0,Narrow CPR (0.111%) bullish breakout
2026-02-23T16:04:14.491824,Ghost Zone,CRUDEOILM,BUY_PE_GTZ,5950,180.77327993274653,5963.0,Ghost Zone: Supply retest
2026-02-23T16:05:26.663823,CPR,GOLDM,BUY_CE_CPR,159700,5663.862926336165,159673.0,Narrow CPR (0.058%) bullish breakout
2026-02-23T16:05:26.663823,CPR,SILVERM,BUY_CE_CPR,267000,10039.4681766461,267151.0,Narrow CPR (0.038%) bullish breakout
2026-02-23T16:05:26.663823,CPR,CRUDEOILM,BUY_CE_CPR,5950,193.7617097421579,5963.0,Narrow CPR (0.111%) bullish breakout
2026-02-23T16:05:26.663823,Ghost Zone,CRUDEOILM,BUY_PE_GTZ,5950,180.77327993274653,5963.0,Ghost Zone: Supply retest
2026-02-23T16:06:37.593099,CPR,GOLDM,BUY_CE_CPR,159700,5672.839053893265,159689.0,Narrow CPR (0.058%) bullish breakout
2026-02-23T16:06:37.593099,CPR,SILVERM,BUY_CE_CPR,267000,10039.4681766461,267151.0,Narrow CPR (0.038%) bullish breakout
2026-02-23T16:06:37.593099,CPR,CRUDEOILM,BUY_CE_CPR,5950,193.7617097421579,5963.0,Narrow CPR (0.111%) bullish breakout
2026-02-23T16:06:37.593099,Ghost Zone,CRUDEOILM,BUY_PE_GTZ,5950,180.77327993274653,5963.0,Ghost Zone: Supply retest
2026-02-23T16:07:50.909492,CPR,GOLDM,BUY_CE_CPR,159700,5694.192212906483,159727.0,Narrow CPR (0.058%) bullish breakout
2026-02-23T16:07:50.909492,CPR,SILVERM,BUY_CE_CPR,267500,9979.690789760043,267500.0,Narrow CPR (0.038%) bullish breakout
2026-02-23T16:07:50.909492,CPR,CRUDEOILM,BUY_CE_CPR,5950,193.7617097421579,5963.0,Narrow CPR (0.111%) bullish breakout
2026-02-23T16:07:50.909492,Ghost Zone,CRUDEOILM,BUY_PE_GTZ,5950,180.77327993274653,5963.0,Ghost Zone: Supply retest
2026-02-23T16:09:08.051213,CPR,GOLDM,BUY_CE_CPR,159800,5674.111358728459,159777.0,Narrow CPR (0.058%) bullish breakout
2026-02-23T16:09:08.051213,CPR,SILVERM,BUY_CE_CPR,268000,9966.7632147338,267939.0,Narrow CPR (0.038%) bullish breakout
2026-02-23T16:09:08.051213,CPR,CRUDEOILM,BUY_CE_CPR,5950,193.7617097421579,5963.0,Narrow CPR (0.111%) bullish breakout
2026-02-23T16:09:08.051213,Ghost Zone,CRUDEOILM,BUY_PE_GTZ,5950,180.77327993274653,5963.0,Ghost Zone: Supply retest
2026-02-23T16:10:07.376204,CPR,GOLDM,BUY_CE_CPR,159800,5664.570942719818,159760.0,Narrow CPR (0.058%) bullish breakout
2026-02-23T16:10:07.376204,CPR,SILVERM,BUY_CE_CPR,267500,10083.650318632135,267700.0,Narrow CPR (0.038%) bullish breakout
2026-02-23T16:10:07.376204,CPR,CRUDEOILM,BUY_CE_CPR,5950,193.7617097421579,5963.0,Narrow CPR (0.111%) bullish breakout
2026-02-23T16:10:07.376204,Ghost Zone,CRUDEOILM,BUY_PE_GTZ,5950,180.77327993274653,5963.0,Ghost Zone: Supply retest
2026-02-23T16:10:24.834936,CPR,GOLDM,BUY_CE_CPR,159700,5706.576971457099,159749.0,Narrow CPR (0.058%) bullish breakout
2026-02-23T16:10:24.834936,CPR,SILVERM,BUY_CE_CPR,267500,9992.132374566072,267524.0,Narrow CPR (0.038%) bullish breakout
2026-02-23T16:10:24.834936,CPR,CRUDEOILM,BUY_CE_CPR,5950,193.7617097421579,5963.0,Narrow CPR (0.111%) bullish breakout
2026-02-23T16:10:24.834936,Ghost Zone,CRUDEOILM,BUY_PE_GTZ,5950,180.77327993274653,5963.0,Ghost Zone: Supply retest
2026-02-23T16:11:37.821763,CPR,GOLDM,BUY_CE_CPR,159800,5659.524106744018,159751.0,Narrow CPR (0.058%) bullish breakout
2026-02-23T16:11:37.821763,CPR,SILVERM,BUY_CE_CPR,268000,9931.111401823397,267870.0,Narrow CPR (0.038%) bullish breakout
2026-02-23T16:11:37.821763,CPR,CRUDEOILM,BUY_CE_CPR,5950,193.7617097421579,5963.0,Narrow CPR (0.111%) bullish breakout
2026-02-23T16:11:37.821763,Ghost Zone,CRUDEOILM,BUY_PE_GTZ,5950,180.77327993274653,5963.0,Ghost Zone: Supply retest
2026-02-23T16:12:49.400870,CPR,GOLDM,BUY_CE_CPR,159800,5665.131872067293,159761.0,Narrow CPR (0.058%) bullish breakout
2026-02-23T16:12:49.400870,CPR,SILVERM,BUY_CE_CPR,267500,9943.455137257495,267430.0,Narrow CPR (0.038%) bullish breakout
2026-02-23T16:12:49.400870,CPR,CRUDEOILM,BUY_CE_CPR,5950,193.7617097421579,5963.0,Narrow CPR (0.111%) bullish breakout
2026-02-23T16:12:49.400870,Ghost Zone,CRUDEOILM,BUY_PE_GTZ,5950,180.77327993274653,5963.0,Ghost Zone: Supply retest
2026-02-23T16:14:03.362543,CPR,GOLDM,BUY_CE_CPR,159800,5670.18176402891,159770.0,Narrow CPR (0.058%) bullish breakout
2026-02-23T16:14:03.362543,CPR,SILVERM,BUY_CE_CPR,268000,9872.888385149645,267757.0,Narrow CPR (0.038%) bullish breakout
2026-02-23T16:14:03.362543,CPR,CRUDEOILM,BUY_CE_CPR,5950,193.7617097421579,5963.0,Narrow CPR (0.111%) bullish breakout
2026-02-23T16:14:03.362543,Ghost Zone,CRUDEOILM,BUY_PE_GTZ,5950,180.77327993274653,5963.0,Ghost Zone: Supply retest
2026-02-23T16:15:16.804205,CPR,GOLDM,BUY_CE_CPR,159800,5670.18176402891,159770.0,Narrow CPR (0.058%) bullish breakout
2026-02-23T16:15:16.805827,CPR,SILVERM,BUY_CE_CPR,267500,10020.67886769399,267579.0,Narrow CPR (0.038%) bullish breakout
2026-02-23T16:15:16.805827,CPR,CRUDEOILM,BUY_CE_CPR,5950,193.7617097421579,5963.0,Narrow CPR (0.111%) bullish breakout
2026-02-23T16:15:16.805827,Ghost Zone,CRUDEOILM,BUY_PE_GTZ,5950,180.77327993274653,5963.0,Ghost Zone: Supply retest
2026-02-23T16:16:06.851382,CPR,GOLDM,BUY_CE_CPR,159800,5658.963517006093,159750.0,Narrow CPR (0.058%) bullish breakout
2026-02-23T16:16:06.851382,CPR,SILVERM,BUY_CE_CPR,267500,10008.216304496436,267555.0,Narrow CPR (0.038%) bullish breakout
2026-02-23T16:16:06.851382,CPR,CRUDEOILM,BUY_CE_CPR,5950,193.7617097421579,5963.0,Narrow CPR (0.111%) bullish breakout
2026-02-23T16:16:06.851382,Ghost Zone,CRUDEOILM,BUY_PE_GTZ,5950,180.77327993274653,5963.0,Ghost Zone: Supply retest
2026-02-23T16:16:32.197082,CPR,GOLDM,BUY_CE_CPR,159800,5661.766805344077,159755.0,Narrow CPR (0.058%) bullish breakout
2026-02-23T16:16:32.197082,CPR,SILVERM,BUY_CE_CPR,267500,10008.216304496436,267555.0,Narrow CPR (0.038%) bullish breakout
2026-02-23T16:16:32.197082,CPR,CRUDEOILM,BUY_CE_CPR,5950,193.7617097421579,5963.0,Narrow CPR (0.111%) bullish breakout
2026-02-23T16:16:32.197082,Ghost Zone,CRUDEOILM,BUY_PE_GTZ,5950,180.77327993274653,5963.0,Ghost Zone: Supply retest
2026-02-23T16:17:45.974740,CPR,GOLDM,BUY_CE_CPR,159800,5661.766805344077,159755.0,Narrow CPR (0.058%) bullish breakout
2026-02-23T16:17:45.974740,CPR,SILVERM,BUY_CE_CPR,267500,10031.591118155997,267600.0,Narrow CPR (0.038%) bullish breakout
2026-02-23T16:17:45.974740,CPR,CRUDEOILM,BUY_CE_CPR,5950,193.7617097421579,5963.0,Narrow CPR (0.111%) bullish breakout
2026-02-23T16:17:45.974740,Ghost Zone,CRUDEOILM,BUY_PE_GTZ,5950,180.77327993274653,5963.0,Ghost Zone: Supply retest
2026-02-23T16:18:57.586097,CPR,GOLDM,BUY_CE_CPR,159800,5670.18176402891,159770.0,Narrow CPR (0.058%) bullish breakout
2026-02-23T16:18:57.586097,CPR,SILVERM,BUY_CE_CPR,268000,9884.722648052695,267780.0,Narrow CPR (0.038%) bullish breakout
2026-02-23T16:18:57.586097,CPR,CRUDEOILM,BUY_CE_CPR,5950,193.7617097421579,5963.0,Narrow CPR (0.111%) bullish breakout
2026-02-23T16:18:57.586097,Ghost Zone,CRUDEOILM,BUY_PE_GTZ,5950,180.77327993274653,5963.0,Ghost Zone: Supply retest
2026-02-23T16:20:18.806205,CPR,GOLDM,BUY_CE_CPR,159800,5683.661582532077,159794.0,Narrow CPR (0.058%) bullish breakout
2026-02-23T16:20:18.806205,CPR,SILVERM,BUY_CE_CPR,268000,9935.757351848715,267879.0,Narrow CPR (0.038%) bullish breakout
2026-02-23T16:20:18.806205,CPR,CRUDEOILM,BUY_CE_CPR,5950,193.7617097421579,5963.0,Narrow CPR (0.111%) bullish breakout
2026-02-23T16:20:18.806205,Ghost Zone,CRUDEOILM,BUY_PE_GTZ,5950,180.77327993274653,5963.0,Ghost Zone: Supply retest
2026-02-23T16:21:38.994069,CPR,GOLDM,BUY_CE_CPR,159800,5687.0345903815405,159800.0,Narrow CPR (0.058%) bullish breakout
2026-02-23T16:21:38.994069,CPR,SILVERM,BUY_CE_CPR,268000,9958.48939691924,267923.0,Narrow CPR (0.038%) bullish breakout
2026-02-23T16:21:38.994069,CPR,CRUDEOILM,BUY_CE_CPR,5950,193.7617097421579,5963.0,Narrow CPR (0.111%) bullish breakout
2026-02-23T16:21:38.994069,Ghost Zone,CRUDEOILM,BUY_PE_GTZ,5950,180.77327993274653,5963.0,Ghost Zone: Supply retest
2026-02-23T16:22:07.807537,CPR,GOLDM,BUY_CE_CPR,159800,5715.190441749168,159850.0,Narrow CPR (0.058%) bullish breakout
2026-02-23T16:22:07.807537,CPR,SILVERM,BUY_CE_CPR,268000,10051.284218951349,268102.0,Narrow CPR (0.038%) bullish breakout
2026-02-23T16:22:07.807537,CPR,CRUDEOILM,BUY_CE_CPR,5950,193.7617097421579,5963.0,Narrow CPR (0.111%) bullish breakout
2026-02-23T16:22:07.807537,Ghost Zone,CRUDEOILM,BUY_PE_GTZ,5950,180.77327993274653,5963.0,Ghost Zone: Supply retest
2026-02-23T16:22:55.556165,CPR,GOLDM,BUY_CE_CPR,159900,5681.617460805869,159876.0,Narrow CPR (0.058%) bullish breakout
2026-02-23T16:22:55.556165,CPR,SILVERM,BUY_CE_CPR,268000,10102.824741641938,268201.0,Narrow CPR (0.038%) bullish breakout
2026-02-23T16:22:55.556165,CPR,CRUDEOILM,BUY_CE_CPR,5950,193.7617097421579,5963.0,Narrow CPR (0.111%) bullish breakout
2026-02-23T16:22:55.556165,Ghost Zone,CRUDEOILM,BUY_PE_GTZ,5950,180.77327993274653,5963.0,Ghost Zone: Supply retest
2026-02-23T16:24:10.880262,CPR,GOLDM,BUY_CE_CPR,159800,5715.190441749168,159850.0,Narrow CPR (0.058%) bullish breakout
2026-02-23T16:24:10.881188,CPR,SILVERM,BUY_CE_CPR,268000,10087.710922753187,268172.0,Narrow CPR (0.038%) bullish breakout
2026-02-23T16:24:10.881188,CPR,CRUDEOILM,BUY_CE_CPR,5950,193.7617097421579,5963.0,Narrow CPR (0.111%) bullish breakout
2026-02-23T16:24:10.881188,Ghost Zone,CRUDEOILM,BUY_PE_GTZ,5950,180.77327993274653,5963.0,Ghost Zone: Supply retest
2026-02-23T16:25:26.254002,CPR,GOLDM,BUY_CE_CPR,159900,5689.489780265284,159890.0,Narrow CPR (0.058%) bullish breakout
2026-02-23T16:25:26.254002,CPR,SILVERM,BUY_CE_CPR,268500,9939.444968189431,268350.0,Narrow CPR (0.038%) bullish breakout
2026-02-23T16:25:26.254002,CPR,CRUDEOILM,BUY_CE_CPR,5950,193.7617097421579,5963.0,Narrow CPR (0.111%) bullish breakout
2026-02-23T16:25:26.254002,Ghost Zone,CRUDEOILM,BUY_PE_GTZ,5950,180.77327993274653,5963.0,Ghost Zone: Supply retest
2026-02-23T16:26:40.862444,CPR,GOLDM,BUY_CE_CPR,159900,5703.000625677725,159914.0,Narrow CPR (0.058%) bullish breakout
2026-02-23T16:26:40.862444,CPR,SILVERM,BUY_CE_CPR,268500,9963.706580844077,268397.0,Narrow CPR (0.038%) bullish breakout
2026-02-23T16:26:40.862444,CPR,CRUDEOILM,BUY_CE_CPR,5950,193.7617097421579,5963.0,Narrow CPR (0.111%) bullish breakout
2026-02-23T16:26:40.862444,Ghost Zone,CRUDEOILM,BUY_PE_GTZ,5950,180.77327993274653,5963.0,Ghost Zone: Supply retest
2026-02-23T16:28:01.516069,CPR,GOLDM,BUY_CE_CPR,159900,5714.274552743655,159934.0,Narrow CPR (0.058%) bullish breakout
2026-02-23T16:28:01.516069,CPR,SILVERM,BUY_CE_CPR,268500,10016.998045048853,268500.0,Narrow CPR (0.038%) bullish breakout
2026-02-23T16:28:01.516069,CPR,CRUDEOILM,BUY_CE_CPR,5950,193.7617097421579,5963.0,Narrow CPR (0.111%) bullish breakout
2026-02-23T16:28:01.516069,Ghost Zone,CRUDEOILM,BUY_PE_GTZ,5950,180.77327993274653,5963.0,Ghost Zone: Supply retest
2026-02-23T16:28:14.211149,CPR,GOLDM,BUY_CE_CPR,159900,5712.018684962402,159930.0,Narrow CPR (0.058%) bullish breakout
2026-02-23T16:28:14.211149,CPR,SILVERM,BUY_CE_CPR,268500,10016.998045048853,268500.0,Narrow CPR (0.038%) bullish breakout
2026-02-23T16:28:14.211149,CPR,CRUDEOILM,BUY_CE_CPR,5950,193.7617097421579,5963.0,Narrow CPR (0.111%) bullish breakout
2026-02-23T16:28:14.211149,Ghost Zone,CRUDEOILM,BUY_PE_GTZ,5950,180.77327993274653,5963.0,Ghost Zone: Supply retest
2026-02-23T16:29:16.473476,CPR,GOLDM,BUY_CE_CPR,159900,5717.659368839558,159940.0,Narrow CPR (0.058%) bullish breakout
2026-02-23T16:29:16.473476,CPR,SILVERM,BUY_CE_CPR,268500,10016.998045048853,268500.0,Narrow CPR (0.038%) bullish breakout
2026-02-23T16:29:16.473476,CPR,CRUDEOILM,BUY_CE_CPR,5950,193.7617097421579,5963.0,Narrow CPR (0.111%) bullish breakout
2026-02-23T16:29:16.473476,Ghost Zone,CRUDEOILM,BUY_PE_GTZ,5950,180.77327993274653,5963.0,Ghost Zone: Supply retest
2026-02-23T16:30:33.264204,CPR,GOLDM,BUY_CE_CPR,159900,5706.381383030156,159920.0,Narrow CPR (0.058%) bullish breakout
2026-02-23T16:30:33.264204,CPR,SILVERM,BUY_CE_CPR,268000,9999.899114664717,268003.0,Narrow CPR (0.038%) bullish breakout
2026-02-23T16:30:33.264204,CPR,CRUDEOILM,BUY_CE_CPR,5950,193.7617097421579,5963.0,Narrow CPR (0.111%) bullish breakout
2026-02-23T16:30:33.264204,Ghost Zone,CRUDEOILM,BUY_PE_GTZ,5950,180.77327993274653,5963.0,Ghost Zone: Supply retest
2026-02-23T16:31:50.387961,CPR,GOLDM,BUY_CE_CPR,159900,5695.116929548131,159900.0,Narrow CPR (0.058%) bullish breakout
2026-02-23T16:31:50.387961,CPR,SILVERM,BUY_CE_CPR,267500,10032.110923896602,267601.0,Narrow CPR (0.038%) bullish breakout
2026-02-23T16:31:50.387961,CPR,CRUDEOILM,BUY_CE_CPR,5950,193.7617097421579,5963.0,Narrow CPR (0.111%) bullish breakout
2026-02-23T16:31:50.387961,Ghost Zone,CRUDEOILM,BUY_PE_GTZ,5950,180.77327993274653,5963.0,Ghost Zone: Supply retest
2026-02-23T16:33:06.010293,CPR,GOLDM,BUY_CE_CPR,159900,5700.747464180462,159910.0,Narrow CPR (0.058%) bullish breakout
2026-02-23T16:33:06.010293,CPR,SILVERM,BUY_CE_CPR,268000,9941.437481695835,267890.0,Narrow CPR (0.038%) bullish breakout
2026-02-23T16:33:06.010293,CPR,CRUDEOILM,BUY_CE_CPR,5950,193.7617097421579,5963.0,Narrow CPR (0.111%) bullish breakout
2026-02-23T16:33:06.010293,Ghost Zone,CRUDEOILM,BUY_PE_GTZ,5950,180.77327993274653,5963.0,Ghost Zone: Supply retest
2026-02-23T16:34:14.981440,CPR,GOLDM,BUY_CE_CPR,159900,5691.177569521207,159893.0,Narrow CPR (0.058%) bullish breakout
2026-02-23T16:34:14.981440,CPR,SILVERM,BUY_CE_CPR,268000,9998.344417404454,268000.0,Narrow CPR (0.038%) bullish breakout
2026-02-23T16:34:14.981440,CPR,CRUDEOILM,BUY_CE_CPR,5950,193.7617097421579,5963.0,Narrow CPR (0.111%) bullish breakout
2026-02-23T16:34:14.981440,Ghost Zone,CRUDEOILM,BUY_PE_GTZ,5950,180.77327993274653,5963.0,Ghost Zone: Supply retest
2026-02-23T16:34:25.071362,CPR,GOLDM,BUY_CE_CPR,159900,5691.177569521207,159893.0,Narrow CPR (0.058%) bullish breakout
2026-02-23T16:34:25.071362,CPR,SILVERM,BUY_CE_CPR,268000,9998.344417404454,268000.0,Narrow CPR (0.038%) bullish breakout
2026-02-23T16:34:25.071362,CPR,CRUDEOILM,BUY_CE_CPR,5950,193.7617097421579,5963.0,Narrow CPR (0.111%) bullish breakout
2026-02-23T16:34:25.071362,Ghost Zone,CRUDEOILM,BUY_PE_GTZ,5950,180.77327993274653,5963.0,Ghost Zone: Supply retest
2026-02-23T16:35:39.463122,CPR,GOLDM,BUY_CE_CPR,159900,5717.659368839558,159940.0,Narrow CPR (0.058%) bullish breakout
2026-02-23T16:35:39.463122,CPR,SILVERM,BUY_CE_CPR,268000,9998.344417404454,268000.0,Narrow CPR (0.038%) bullish breakout
2026-02-23T16:35:39.463122,CPR,CRUDEOILM,BUY_CE_CPR,5950,193.7617097421579,5963.0,Narrow CPR (0.111%) bullish breakout
2026-02-23T16:35:39.463122,Ghost Zone,CRUDEOILM,BUY_PE_GTZ,5950,180.77327993274653,5963.0,Ghost Zone: Supply retest
2026-02-23T16:36:55.356967,CPR,GOLDM,BUY_CE_CPR,159900,5692.865663529761,159896.0,Narrow CPR (0.058%) bullish breakout
2026-02-23T16:36:55.356967,CPR,SILVERM,BUY_CE_CPR,268000,9998.344417404454,268000.0,Narrow CPR (0.038%) bullish breakout
2026-02-23T16:36:55.356967,CPR,CRUDEOILM,BUY_CE_CPR,5950,193.7617097421579,5963.0,Narrow CPR (0.111%) bullish breakout
2026-02-23T16:36:55.356967,Ghost Zone,CRUDEOILM,BUY_PE_GTZ,5950,180.77327993274653,5963.0,Ghost Zone: Supply retest
2026-02-23T16:38:11.918402,CPR,GOLDM,BUY_CE_CPR,159800,5701.665061691264,159826.0,Narrow CPR (0.058%) bullish breakout
2026-02-23T16:38:11.918402,CPR,SILVERM,BUY_CE_CPR,267500,9954.317652572212,267451.0,Narrow CPR (0.038%) bullish breakout
2026-02-23T16:38:11.918402,CPR,CRUDEOILM,BUY_CE_CPR,5950,193.7617097421579,5963.0,Narrow CPR (0.111%) bullish breakout
2026-02-23T16:38:11.918402,Ghost Zone,CRUDEOILM,BUY_PE_GTZ,5950,180.77327993274653,5963.0,Ghost Zone: Supply retest
2026-02-23T16:39:26.830502,CPR,GOLDM,BUY_CE_CPR,159800,5689.283940521267,159804.0,Narrow CPR (0.058%) bullish breakout
2026-02-23T16:39:26.830502,CPR,SILVERM,BUY_CE_CPR,268000,9935.24107166938,267878.0,Narrow CPR (0.038%) bullish breakout
2026-02-23T16:39:26.830502,CPR,CRUDEOILM,BUY_CE_CPR,5950,193.7617097421579,5963.0,Narrow CPR (0.111%) bullish breakout
2026-02-23T16:39:26.831815,Ghost Zone,CRUDEOILM,BUY_PE_GTZ,5950,180.77327993274653,5963.0,Ghost Zone: Supply retest
2026-02-23T16:40:25.774884,CPR,GOLDM,BUY_CE_CPR,159800,5708.988887661308,159839.0,Narrow CPR (0.058%) bullish breakout
2026-02-23T16:40:25.774884,CPR,SILVERM,BUY_CE_CPR,268000,9935.24107166938,267878.0,Narrow CPR (0.038%) bullish breakout
2026-02-23T16:40:25.774884,CPR,CRUDEOILM,BUY_CE_CPR,5950,193.7617097421579,5963.0,Narrow CPR (0.111%) bullish breakout
2026-02-23T16:40:25.774884,Ghost Zone,CRUDEOILM,BUY_PE_GTZ,5950,180.77327993274653,5963.0,Ghost Zone: Supply retest
2026-02-23T16:40:49.131200,CPR,GOLDM,BUY_CE_CPR,159800,5714.626494808364,159849.0,Narrow CPR (0.058%) bullish breakout
2026-02-23T16:40:49.131200,CPR,SILVERM,BUY_CE_CPR,267500,10009.773624345074,267558.0,Narrow CPR (0.038%) bullish breakout
2026-02-23T16:40:49.131200,CPR,CRUDEOILM,BUY_CE_CPR,5950,193.7617097421579,5963.0,Narrow CPR (0.111%) bullish breakout
2026-02-23T16:40:49.131200,Ghost Zone,CRUDEOILM,BUY_PE_GTZ,5950,180.77327993274653,5963.0,Ghost Zone: Supply retest
2026-02-23T16:42:10.322354,CPR,GOLDM,BUY_CE_CPR,159800,5687.0345903815405,159800.0,Narrow CPR (0.058%) bullish breakout
2026-02-23T16:42:10.322354,CPR,SILVERM,BUY_CE_CPR,267500,9928.982692720218,267402.0,Narrow CPR (0.038%) bullish breakout
2026-02-23T16:42:10.322354,CPR,CRUDEOILM,BUY_CE_CPR,5950,193.7617097421579,5963.0,Narrow CPR (0.111%) bullish breakout
2026-02-23T16:42:10.322354,Ghost Zone,CRUDEOILM,BUY_PE_GTZ,5950,180.77327993274653,5963.0,Ghost Zone: Supply retest
2026-02-23T16:43:27.676753,CPR,GOLDM,BUY_CE_CPR,159800,5672.988447683927,159775.0,Narrow CPR (0.058%) bullish breakout
2026-02-23T16:43:27.676753,CPR,SILVERM,BUY_CE_CPR,267500,9883.579054341342,267314.0,Narrow CPR (0.038%) bullish breakout
2026-02-23T16:43:27.676753,CPR,CRUDEOILM,BUY_CE_CPR,5950,193.7617097421579,5963.0,Narrow CPR (0.111%) bullish breakout
2026-02-23T16:43:27.676753,Ghost Zone,CRUDEOILM,BUY_PE_GTZ,5950,180.77327993274653,5963.0,Ghost Zone: Supply retest
2026-02-23T16:44:44.474053,CPR,GOLDM,BUY_CE_CPR,159800,5672.988447683927,159775.0,Narrow CPR (0.058%) bullish breakout
2026-02-23T16:44:44.474053,CPR,SILVERM,BUY_CE_CPR,267500,9883.579054341342,267314.0,Narrow CPR (0.038%) bullish breakout
2026-02-23T16:44:44.474053,CPR,CRUDEOILM,BUY_CE_CPR,5950,193.7617097421579,5963.0,Narrow CPR (0.111%) bullish breakout
2026-02-23T16:44:44.474053,Ghost Zone,CRUDEOILM,BUY_PE_GTZ,5950,180.77327993274653,5963.0,Ghost Zone: Supply retest
2026-02-23T16:46:09.552977,CPR,GOLDM,BUY_CE_CPR,159700,5693.629659537981,159726.0,Narrow CPR (0.058%) bullish breakout
2026-02-23T16:46:09.552977,CPR,SILVERM,BUY_CE_CPR,267000,9961.037162115616,267000.0,Narrow CPR (0.038%) bullish breakout
2026-02-23T16:46:09.552977,CPR,CRUDEOILM,BUY_CE_CPR,5950,193.7617097421579,5963.0,Narrow CPR (0.111%) bullish breakout
2026-02-23T16:46:09.552977,Ghost Zone,CRUDEOILM,BUY_PE_GTZ,5950,180.77327993274653,5963.0,Ghost Zone: Supply retest
2026-02-23T16:46:32.229317,CPR,GOLDM,BUY_CE_CPR,159700,5664.984466391899,159675.0,Narrow CPR (0.058%) bullish breakout
2026-02-23T16:46:32.229317,CPR,SILVERM,BUY_CE_CPR,267000,9961.037162115616,267000.0,Narrow CPR (0.038%) bullish breakout
2026-02-23T16:46:32.229317,CPR,CRUDEOILM,BUY_CE_CPR,5950,193.7617097421579,5963.0,Narrow CPR (0.111%) bullish breakout
2026-02-23T16:46:32.229317,Ghost Zone,CRUDEOILM,BUY_PE_GTZ,5950,180.77327993274653,5963.0,Ghost Zone: Supply retest
2026-02-23T16:47:23.945988,CPR,GOLDM,BUY_CE_CPR,159700,5653.215079802108,159654.0,Narrow CPR (0.058%) bullish breakout
2026-02-23T16:47:23.947281,CPR,SILVERM,BUY_CE_CPR,267000,9961.037162115616,267000.0,Narrow CPR (0.038%) bullish breakout
2026-02-23T16:47:23.947281,CPR,CRUDEOILM,BUY_CE_CPR,5950,193.7617097421579,5963.0,Narrow CPR (0.111%) bullish breakout
2026-02-23T16:47:23.947281,Ghost Zone,CRUDEOILM,BUY_PE_GTZ,5950,180.77327993274653,5963.0,Ghost Zone: Supply retest
2026-02-23T16:48:36.148348,CPR,GOLDM,BUY_CE_CPR,159700,5673.400350750954,159690.0,Narrow CPR (0.058%) bullish breakout
2026-02-23T16:48:36.148348,CPR,SILVERM,BUY_CE_CPR,267000,9989.043645411675,267054.0,Narrow CPR (0.038%) bullish breakout
2026-02-23T16:48:36.148348,CPR,CRUDEOILM,BUY_CE_CPR,5950,193.7617097421579,5963.0,Narrow CPR (0.111%) bullish breakout
2026-02-23T16:48:36.148348,Ghost Zone,CRUDEOILM,BUY_PE_GTZ,5950,180.77327993274653,5963.0,Ghost Zone: Supply retest
2026-02-23T16:49:45.333470,CPR,GOLDM,BUY_CE_CPR,159700,5679.576858610231,159701.0,Narrow CPR (0.058%) bullish breakout
2026-02-23T16:49:45.338353,CPR,SILVERM,BUY_CE_CPR,267000,9989.043645411675,267054.0,Narrow CPR (0.038%) bullish breakout
2026-02-23T16:49:45.338353,CPR,CRUDEOILM,BUY_CE_CPR,5950,193.7617097421579,5963.0,Narrow CPR (0.111%) bullish breakout
2026-02-23T16:49:45.338353,Ghost Zone,CRUDEOILM,BUY_PE_GTZ,5950,180.77327993274653,5963.0,Ghost Zone: Supply retest
2026-02-23T16:51:01.894880,CPR,GOLDM,BUY_CE_CPR,159700,5663.302207305822,159672.0,Narrow CPR (0.058%) bullish breakout
2026-02-23T16:51:01.894880,CPR,SILVERM,BUY_CE_CPR,266500,9942.383534471206,266500.0,Narrow CPR (0.038%) bullish breakout
2026-02-23T16:51:01.894880,CPR,CRUDEOILM,BUY_CE_CPR,5950,193.7617097421579,5963.0,Narrow CPR (0.111%) bullish breakout
2026-02-23T16:51:01.894880,Ghost Zone,CRUDEOILM,BUY_PE_GTZ,5950,180.77327993274653,5963.0,Ghost Zone: Supply retest
2026-02-23T16:51:53.212370,CPR,GOLDM,BUY_CE_CPR,159700,5661.059671193805,159668.0,Narrow CPR (0.058%) bullish breakout
2026-02-23T16:51:53.212370,CPR,SILVERM,BUY_CE_CPR,266500,10007.284238093333,266625.0,Narrow CPR (0.038%) bullish breakout
2026-02-23T16:51:53.212370,CPR,CRUDEOILM,BUY_CE_CPR,5950,193.7617097421579,5963.0,Narrow CPR (0.111%) bullish breakout
2026-02-23T16:51:53.212370,Ghost Zone,CRUDEOILM,BUY_PE_GTZ,5950,180.77327993274653,5963.0,Ghost Zone: Supply retest
2026-02-23T16:52:15.489698,CPR,GOLDM,BUY_CE_CPR,159700,5661.059671193805,159668.0,Narrow CPR (0.058%) bullish breakout
2026-02-23T16:52:15.489698,CPR,SILVERM,BUY_CE_CPR,266500,10007.284238093333,266625.0,Narrow CPR (0.038%) bullish breakout
2026-02-23T16:52:15.489698,CPR,CRUDEOILM,BUY_CE_CPR,5950,193.7617097421579,5963.0,Narrow CPR (0.111%) bullish breakout
2026-02-23T16:52:15.489698,Ghost Zone,CRUDEOILM,BUY_PE_GTZ,5950,180.77327993274653,5963.0,Ghost Zone: Supply retest
2026-02-23T16:53:32.690046,CPR,GOLDM,BUY_CE_CPR,159700,5692.504654620843,159724.0,Narrow CPR (0.058%) bullish breakout
2026-02-23T16:53:32.690046,CPR,SILVERM,BUY_CE_CPR,266500,10007.284238093333,266625.0,Narrow CPR (0.038%) bullish breakout
2026-02-23T16:53:32.690046,CPR,CRUDEOILM,BUY_CE_CPR,5950,193.7617097421579,5963.0,Narrow CPR (0.111%) bullish breakout
2026-02-23T16:53:32.690046,Ghost Zone,CRUDEOILM,BUY_PE_GTZ,5950,180.77327993274653,5963.0,Ghost Zone: Supply retest
2026-02-23T16:54:47.584671,CPR,GOLDM,BUY_CE_CPR,159700,5679.015188035514,159700.0,Narrow CPR (0.058%) bullish breakout
2026-02-23T16:54:47.584671,CPR,SILVERM,BUY_CE_CPR,266500,10013.527814866911,266637.0,Narrow CPR (0.038%) bullish breakout
2026-02-23T16:54:47.584671,CPR,CRUDEOILM,BUY_CE_CPR,5950,193.7617097421579,5963.0,Narrow CPR (0.111%) bullish breakout
2026-02-23T16:54:47.584671,Ghost Zone,CRUDEOILM,BUY_PE_GTZ,5950,180.77327993274653,5963.0,Ghost Zone: Supply retest
2026-02-23T16:56:01.936028,CPR,GOLDM,BUY_CE_CPR,159800,5658.963517006093,159750.0,Narrow CPR (0.058%) bullish breakout
2026-02-23T16:56:01.936028,CPR,SILVERM,BUY_CE_CPR,266500,10013.527814866911,266637.0,Narrow CPR (0.038%) bullish breakout
2026-02-23T16:56:01.936028,CPR,CRUDEOILM,BUY_CE_CPR,5950,193.7617097421579,5963.0,Narrow CPR (0.111%) bullish breakout
2026-02-23T16:56:01.936028,Ghost Zone,CRUDEOILM,BUY_PE_GTZ,5950,180.77327993274653,5963.0,Ghost Zone: Supply retest
2026-02-23T16:57:15.696707,CPR,GOLDM,BUY_CE_CPR,159800,5709.55249599216,159840.0,Narrow CPR (0.058%) bullish breakout
2026-02-23T16:57:15.696707,CPR,SILVERM,BUY_CE_CPR,267000,9936.181496774096,266952.0,Narrow CPR (0.038%) bullish breakout
2026-02-23T16:57:15.696707,CPR,CRUDEOILM,BUY_CE_CPR,5950,193.7617097421579,5963.0,Narrow CPR (0.111%) bullish breakout
2026-02-23T16:57:15.696707,Ghost Zone,CRUDEOILM,BUY_PE_GTZ,5950,180.77327993274653,5963.0,Ghost Zone: Supply retest
2026-02-23T16:57:19.406098,CPR,GOLDM,BUY_CE_CPR,159800,5670.18176402891,159770.0,Narrow CPR (0.058%) bullish breakout
2026-02-23T16:57:19.406098,CPR,SILVERM,BUY_CE_CPR,267000,9936.181496774096,266952.0,Narrow CPR (0.038%) bullish breakout
2026-02-23T16:57:19.406098,CPR,CRUDEOILM,BUY_CE_CPR,5950,193.7617097421579,5963.0,Narrow CPR (0.111%) bullish breakout
2026-02-23T16:57:19.406098,Ghost Zone,CRUDEOILM,BUY_PE_GTZ,5950,180.77327993274653,5963.0,Ghost Zone: Supply retest
2026-02-23T16:58:36.082874,CPR,GOLDM,BUY_CE_CPR,159800,5687.0345903815405,159800.0,Narrow CPR (0.058%) bullish breakout
2026-02-23T16:58:36.082874,CPR,SILVERM,BUY_CE_CPR,267000,9936.181496774096,266952.0,Narrow CPR (0.038%) bullish breakout
2026-02-23T16:58:36.082874,CPR,CRUDEOILM,BUY_CE_CPR,5950,193.7617097421579,5963.0,Narrow CPR (0.111%) bullish breakout
2026-02-23T16:58:36.082874,Ghost Zone,CRUDEOILM,BUY_PE_GTZ,5950,180.77327993274653,5963.0,Ghost Zone: Supply retest
2026-02-23T16:59:56.329308,CPR,GOLDM,BUY_CE_CPR,159800,5705.607948927816,159833.0,Narrow CPR (0.058%) bullish breakout
2026-02-23T16:59:56.329308,CPR,SILVERM,BUY_CE_CPR,267000,9919.631443388556,266920.0,Narrow CPR (0.038%) bullish breakout
2026-02-23T16:59:56.329308,CPR,CRUDEOILM,BUY_CE_CPR,5950,193.7617097421579,5963.0,Narrow CPR (0.111%) bullish breakout
2026-02-23T16:59:56.329308,Ghost Zone,CRUDEOILM,BUY_PE_GTZ,5950,180.77327993274653,5963.0,Ghost Zone: Supply retest
2026-02-23T17:01:10.487801,CPR,GOLDM,BUY_CE_CPR,159700,5697.568245786392,159733.0,Narrow CPR (0.058%) bullish breakout
2026-02-23T17:01:10.487801,CPR,SILVERM,BUY_CE_CPR,267000,9909.295945057842,266900.0,Narrow CPR (0.038%) bullish breakout
2026-02-23T17:01:10.487801,CPR,CRUDEOILM,BUY_CE_CPR,5950,193.7617097421579,5963.0,Narrow CPR (0.111%) bullish breakout
2026-02-23T17:01:10.487801,Ghost Zone,CRUDEOILM,BUY_PE_GTZ,5950,180.77327993274653,5963.0,Ghost Zone: Supply retest
2026-02-23T17:02:58.174284,CPR,GOLDM,BUY_CE_CPR,159700,5694.192212906483,159727.0,Narrow CPR (0.058%) bullish breakout
2026-02-23T17:02:58.174284,CPR,SILVERM,BUY_CE_CPR,266500,9943.93823213338,266503.0,Narrow CPR (0.038%) bullish breakout
2026-02-23T17:02:58.174284,CPR,CRUDEOILM,BUY_CE_CPR,5950,193.7617097421579,5963.0,Narrow CPR (0.111%) bullish breakout
2026-02-23T17:02:58.174284,Ghost Zone,CRUDEOILM,BUY_PE_GTZ,5950,180.77327993274653,5963.0,Ghost Zone: Supply retest
2026-02-23T17:03:28.585003,CPR,GOLDM,BUY_CE_CPR,152800,5272.937832839898,152778.0,Narrow CPR (0.058%) bullish breakout
2026-02-23T17:03:28.585003,CPR,SILVERM,BUY_CE_CPR,242000,8928.154094560283,241806.0,Narrow CPR (0.038%) bullish breakout
2026-02-23T17:03:28.585003,CPR,CRUDEOILM,BUY_CE_CPR,5700,177.2799495601497,5717.0,Narrow CPR (0.111%) bullish breakout
2026-02-23T17:03:58.766331,CPR,GOLDM,BUY_CE_CPR,152800,5272.937832839898,152778.0,Narrow CPR (0.058%) bullish breakout
2026-02-23T17:03:58.766331,CPR,SILVERM,BUY_CE_CPR,242000,8928.154094560283,241806.0,Narrow CPR (0.038%) bullish breakout
2026-02-23T17:03:58.766331,CPR,CRUDEOILM,BUY_CE_CPR,5700,177.2799495601497,5717.0,Narrow CPR (0.111%) bullish breakout
2026-02-23T17:04:28.928208,CPR,GOLDM,BUY_CE_CPR,152800,5272.937832839898,152778.0,Narrow CPR (0.058%) bullish breakout
2026-02-23T17:04:28.928208,CPR,SILVERM,BUY_CE_CPR,242000,8928.154094560283,241806.0,Narrow CPR (0.038%) bullish breakout
2026-02-23T17:04:28.928208,CPR,CRUDEOILM,BUY_CE_CPR,5700,177.2799495601497,5717.0,Narrow CPR (0.111%) bullish breakout
2026-02-23T17:04:59.093716,CPR,GOLDM,BUY_CE_CPR,152800,5272.937832839898,152778.0,Narrow CPR (0.058%) bullish breakout
2026-02-23T17:04:59.093716,CPR,SILVERM,BUY_CE_CPR,242000,8928.154094560283,241806.0,Narrow CPR (0.038%) bullish breakout
2026-02-23T17:04:59.093716,CPR,CRUDEOILM,BUY_CE_CPR,5700,177.2799495601497,5717.0,Narrow CPR (0.111%) bullish breakout
2026-02-23T17:28:36.221970,CPR,GOLDM,BUY_CE_CPR,159800,5683.661582532077,159794.0,Narrow CPR (0.058%) bullish breakout
2026-02-23T17:28:36.221970,CPR,SILVERM,BUY_CE_CPR,267000,10012.937639296752,267100.0,Narrow CPR (0.038%) bullish breakout
2026-02-23T17:28:36.221970,CPR,CRUDEOILM,BUY_CE_CPR,5950,193.7617097421579,5963.0,Narrow CPR (0.111%) bullish breakout
2026-02-23T17:28:36.221970,Ghost Zone,CRUDEOILM,BUY_PE_GTZ,5950,180.77327993274653,5963.0,Ghost Zone: Supply retest
2026-02-23T17:28:39.693974,CPR,GOLDM,BUY_CE_CPR,159800,5683.661582532077,159794.0,Narrow CPR (0.058%) bullish breakout
2026-02-23T17:28:39.695001,CPR,SILVERM,BUY_CE_CPR,267000,10012.937639296752,267100.0,Narrow CPR (0.038%) bullish breakout
2026-02-23T17:28:39.695001,CPR,CRUDEOILM,BUY_CE_CPR,5950,193.7617097421579,5963.0,Narrow CPR (0.111%) bullish breakout
2026-02-23T17:28:39.695001,Ghost Zone,CRUDEOILM,BUY_PE_GTZ,5950,180.77327993274653,5963.0,Ghost Zone: Supply retest
2026-02-23T17:29:36.913192,CPR,GOLDM,BUY_CE_CPR,159800,5659.524106744018,159751.0,Narrow CPR (0.058%) bullish breakout
2026-02-23T17:29:36.914189,CPR,SILVERM,BUY_CE_CPR,267000,9961.037162115616,267000.0,Narrow CPR (0.038%) bullish breakout
2026-02-23T17:29:36.914189,CPR,CRUDEOILM,BUY_CE_CPR,5950,193.7617097421579,5963.0,Narrow CPR (0.111%) bullish breakout
2026-02-23T17:29:36.914189,Ghost Zone,CRUDEOILM,BUY_PE_GTZ,5950,180.77327993274653,5963.0,Ghost Zone: Supply retest
2026-02-23T17:31:24.159430,CPR,GOLDM,BUY_CE_CPR,159800,5709.55249599216,159840.0,Narrow CPR (0.058%) bullish breakout
2026-02-23T17:31:24.159430,CPR,SILVERM,BUY_CE_CPR,267000,9861.834759801868,266808.0,Narrow CPR (0.038%) bullish breakout
2026-02-23T17:31:24.159430,CPR,CRUDEOILM,BUY_CE_CPR,5950,193.7617097421579,5963.0,Narrow CPR (0.111%) bullish breakout
2026-02-23T17:31:24.159430,Ghost Zone,CRUDEOILM,BUY_PE_GTZ,5950,180.77327993274653,5963.0,Ghost Zone: Supply retest
2026-02-23T17:32:28.677810,CPR,GOLDM,BUY_CE_CPR,159900,5669.260090965572,159854.0,Narrow CPR (0.058%) bullish breakout
2026-02-23T17:32:28.678904,CPR,SILVERM,BUY_CE_CPR,267500,9882.548585367256,267312.0,Narrow CPR (0.038%) bullish breakout
2026-02-23T17:32:28.678904,CPR,CRUDEOILM,BUY_CE_CPR,5950,193.7617097421579,5963.0,Narrow CPR (0.111%) bullish breakout
2026-02-23T17:32:28.678904,Ghost Zone,CRUDEOILM,BUY_PE_GTZ,5950,180.77327993274653,5963.0,Ghost Zone: Supply retest
2026-02-23T17:33:42.536411,CPR,GOLDM,BUY_CE_CPR,159900,5669.260090965572,159854.0,Narrow CPR (0.058%) bullish breakout
2026-02-23T17:33:42.536411,CPR,SILVERM,BUY_CE_CPR,267500,9882.548585367256,267312.0,Narrow CPR (0.038%) bullish breakout
2026-02-23T17:33:42.536411,CPR,CRUDEOILM,BUY_CE_CPR,5950,193.7617097421579,5963.0,Narrow CPR (0.111%) bullish breakout
2026-02-23T17:33:42.536411,Ghost Zone,CRUDEOILM,BUY_PE_GTZ,5950,180.77327993274653,5963.0,Ghost Zone: Supply retest
2026-02-23T17:34:29.622626,CPR,GOLDM,BUY_CE_CPR,159900,5669.821433680083,159855.0,Narrow CPR (0.058%) bullish breakout
2026-02-23T17:34:29.635104,CPR,SILVERM,BUY_CE_CPR,267500,9882.548585367256,267312.0,Narrow CPR (0.038%) bullish breakout
2026-02-23T17:34:29.635104,CPR,CRUDEOILM,BUY_CE_CPR,5950,193.7617097421579,5963.0,Narrow CPR (0.111%) bullish breakout
2026-02-23T17:34:29.635104,Ghost Zone,CRUDEOILM,BUY_PE_GTZ,5950,180.77327993274653,5963.0,Ghost Zone: Supply retest
2026-02-23T17:34:51.090111,CPR,GOLDM,BUY_CE_CPR,159900,5684.990499049532,159882.0,Narrow CPR (0.058%) bullish breakout
2026-02-23T17:34:51.090111,CPR,SILVERM,BUY_CE_CPR,267000,10076.993509386131,267223.0,Narrow CPR (0.038%) bullish breakout
2026-02-23T17:34:51.090111,CPR,CRUDEOILM,BUY_CE_CPR,5950,193.7617097421579,5963.0,Narrow CPR (0.111%) bullish breakout
2026-02-23T17:34:51.090111,Ghost Zone,CRUDEOILM,BUY_PE_GTZ,5950,180.77327993274653,5963.0,Ghost Zone: Supply retest
2026-02-23T17:36:05.119560,CPR,GOLDM,BUY_CE_CPR,159900,5676.560190453324,159867.0,Narrow CPR (0.058%) bullish breakout
2026-02-23T17:36:05.119560,CPR,SILVERM,BUY_CE_CPR,267500,9979.172589087892,267499.0,Narrow CPR (0.038%) bullish breakout
2026-02-23T17:36:05.119560,CPR,CRUDEOILM,BUY_CE_CPR,5950,193.7617097421579,5963.0,Narrow CPR (0.111%) bullish breakout
2026-02-23T17:36:05.119560,Ghost Zone,CRUDEOILM,BUY_PE_GTZ,5950,180.77327993274653,5963.0,Ghost Zone: Supply retest
2026-02-23T17:37:41.290085,CPR,GOLDM,BUY_CE_CPR,159900,5678.807527307624,159871.0,Narrow CPR (0.058%) bullish breakout
2026-02-23T17:37:41.290085,CPR,SILVERM,BUY_CE_CPR,267500,9953.80023092573,267450.0,Narrow CPR (0.038%) bullish breakout
2026-02-23T17:37:41.290085,CPR,CRUDEOILM,BUY_CE_CPR,5950,193.7617097421579,5963.0,Narrow CPR (0.111%) bullish breakout
2026-02-23T17:37:41.290085,Ghost Zone,CRUDEOILM,BUY_PE_GTZ,5950,180.77327993274653,5963.0,Ghost Zone: Supply retest
2026-02-23T17:38:54.552404,CPR,GOLDM,BUY_CE_CPR,159800,5687.0345903815405,159800.0,Narrow CPR (0.058%) bullish breakout
2026-02-23T17:38:54.552404,CPR,SILVERM,BUY_CE_CPR,267500,9953.80023092573,267450.0,Narrow CPR (0.038%) bullish breakout
2026-02-23T17:38:54.552404,CPR,CRUDEOILM,BUY_CE_CPR,5950,193.7617097421579,5963.0,Narrow CPR (0.111%) bullish breakout
2026-02-23T17:38:54.552404,Ghost Zone,CRUDEOILM,BUY_PE_GTZ,5950,180.77327993274653,5963.0,Ghost Zone: Supply retest
2026-02-23T17:40:07.962593,CPR,GOLDM,BUY_CE_CPR,159800,5658.963517006093,159750.0,Narrow CPR (0.058%) bullish breakout
2026-02-23T17:40:07.962593,CPR,SILVERM,BUY_CE_CPR,267000,10023.856965059773,267121.0,Narrow CPR (0.038%) bullish breakout
2026-02-23T17:40:07.962593,CPR,CRUDEOILM,BUY_CE_CPR,5950,193.7617097421579,5963.0,Narrow CPR (0.111%) bullish breakout
2026-02-23T17:40:07.964577,Ghost Zone,CRUDEOILM,BUY_PE_GTZ,5950,180.77327993274653,5963.0,Ghost Zone: Supply retest
2026-02-23T17:40:21.837340,CPR,GOLDM,BUY_CE_CPR,159700,5706.576971457099,159749.0,Narrow CPR (0.058%) bullish breakout
2026-02-23T17:40:21.837340,CPR,SILVERM,BUY_CE_CPR,267000,10023.856965059773,267121.0,Narrow CPR (0.038%) bullish breakout
2026-02-23T17:40:21.837340,CPR,CRUDEOILM,BUY_CE_CPR,5950,193.7617097421579,5963.0,Narrow CPR (0.111%) bullish breakout
2026-02-23T17:40:21.837340,Ghost Zone,CRUDEOILM,BUY_PE_GTZ,5950,180.77327993274653,5963.0,Ghost Zone: Supply retest
2026-02-23T17:41:40.298980,CPR,GOLDM,BUY_CE_CPR,159800,5662.88835841762,159757.0,Narrow CPR (0.058%) bullish breakout
2026-02-23T17:41:40.298980,CPR,SILVERM,BUY_CE_CPR,267000,10044.154332834703,267160.0,Narrow CPR (0.038%) bullish breakout
2026-02-23T17:41:40.298980,CPR,CRUDEOILM,BUY_CE_CPR,5950,193.7617097421579,5963.0,Narrow CPR (0.111%) bullish breakout
2026-02-23T17:41:40.298980,Ghost Zone,CRUDEOILM,BUY_PE_GTZ,5950,180.77327993274653,5963.0,Ghost Zone: Supply retest
2026-02-23T17:43:25.212809,CPR,GOLDM,BUY_CE_CPR,159800,5671.304335664239,159772.0,Narrow CPR (0.058%) bullish breakout
2026-02-23T17:43:25.212809,CPR,SILVERM,BUY_CE_CPR,267000,10023.336838009272,267120.0,Narrow CPR (0.038%) bullish breakout
2026-02-23T17:43:25.212809,CPR,CRUDEOILM,BUY_CE_CPR,5950,193.7617097421579,5963.0,Narrow CPR (0.111%) bullish breakout
2026-02-23T17:43:25.212809,Ghost Zone,CRUDEOILM,BUY_PE_GTZ,5950,180.77327993274653,5963.0,Ghost Zone: Supply retest
2026-02-23T17:44:38.915446,CPR,GOLDM,BUY_CE_CPR,159800,5682.537517914208,159792.0,Narrow CPR (0.058%) bullish breakout
2026-02-23T17:44:38.919957,CPR,SILVERM,BUY_CE_CPR,267000,10012.937639296752,267100.0,Narrow CPR (0.038%) bullish breakout
2026-02-23T17:44:38.919957,CPR,CRUDEOILM,BUY_CE_CPR,5950,193.7617097421579,5963.0,Narrow CPR (0.111%) bullish breakout
2026-02-23T17:44:38.919957,Ghost Zone,CRUDEOILM,BUY_PE_GTZ,5950,180.77327993274653,5963.0,Ghost Zone: Supply retest
2026-02-23T17:45:50.922218,CPR,GOLDM,BUY_CE_CPR,159800,5661.766805344077,159755.0,Narrow CPR (0.058%) bullish breakout
2026-02-23T17:45:50.922218,CPR,SILVERM,BUY_CE_CPR,267000,9961.037162115616,267000.0,Narrow CPR (0.038%) bullish breakout
2026-02-23T17:45:50.922218,CPR,CRUDEOILM,BUY_CE_CPR,5950,193.7617097421579,5963.0,Narrow CPR (0.111%) bullish breakout
2026-02-23T17:45:50.922218,Ghost Zone,CRUDEOILM,BUY_PE_GTZ,5950,180.77327993274653,5963.0,Ghost Zone: Supply retest
2026-02-23T17:46:15.103139,CPR,GOLDM,BUY_CE_CPR,159800,5664.0100473283255,159759.0,Narrow CPR (0.058%) bullish breakout
2026-02-23T17:46:15.103139,CPR,SILVERM,BUY_CE_CPR,267000,9961.037162115616,267000.0,Narrow CPR (0.038%) bullish breakout
2026-02-23T17:46:15.103139,CPR,CRUDEOILM,BUY_CE_CPR,5950,193.7617097421579,5963.0,Narrow CPR (0.111%) bullish breakout
2026-02-23T17:46:15.103139,Ghost Zone,CRUDEOILM,BUY_PE_GTZ,5950,180.77327993274653,5963.0,Ghost Zone: Supply retest
2026-02-23T17:47:03.653207,CPR,GOLDM,BUY_CE_CPR,159800,5687.0345903815405,159800.0,Narrow CPR (0.058%) bullish breakout
2026-02-23T17:47:03.653207,CPR,SILVERM,BUY_CE_CPR,267000,9961.037162115616,267000.0,Narrow CPR (0.038%) bullish breakout
2026-02-23T17:47:03.653207,CPR,CRUDEOILM,BUY_CE_CPR,5950,193.7617097421579,5963.0,Narrow CPR (0.111%) bullish breakout
2026-02-23T17:47:03.653207,Ghost Zone,CRUDEOILM,BUY_PE_GTZ,5950,180.77327993274653,5963.0,Ghost Zone: Supply retest
2026-02-23T17:48:18.737109,CPR,GOLDM,BUY_CE_CPR,159800,5669.059328172863,159768.0,Narrow CPR (0.058%) bullish breakout
2026-02-23T17:48:18.737109,CPR,SILVERM,BUY_CE_CPR,267000,9989.56272186726,267055.0,Narrow CPR (0.038%) bullish breakout
2026-02-23T17:48:18.737109,CPR,CRUDEOILM,BUY_CE_CPR,5950,193.7617097421579,5963.0,Narrow CPR (0.111%) bullish breakout
2026-02-23T17:48:18.737109,Ghost Zone,CRUDEOILM,BUY_PE_GTZ,5950,180.77327993274653,5963.0,Ghost Zone: Supply retest
2026-02-23T17:49:30.186748,CPR,GOLDM,BUY_CE_CPR,159800,5695.472450496651,159815.0,Narrow CPR (0.058%) bullish breakout
2026-02-23T17:49:30.186748,CPR,SILVERM,BUY_CE_CPR,267000,9989.56272186726,267055.0,Narrow CPR (0.038%) bullish breakout
2026-02-23T17:49:30.186748,CPR,CRUDEOILM,BUY_CE_CPR,5950,193.7617097421579,5963.0,Narrow CPR (0.111%) bullish breakout
2026-02-23T17:49:30.186748,Ghost Zone,CRUDEOILM,BUY_PE_GTZ,5950,180.77327993274653,5963.0,Ghost Zone: Supply retest
2026-02-23T17:50:45.800392,CPR,GOLDM,BUY_CE_CPR,159800,5698.286765441531,159820.0,Narrow CPR (0.058%) bullish breakout
2026-02-23T17:50:45.800392,CPR,SILVERM,BUY_CE_CPR,267500,9876.367108203944,267300.0,Narrow CPR (0.038%) bullish breakout
2026-02-23T17:50:45.800392,CPR,CRUDEOILM,BUY_CE_CPR,5950,193.7617097421579,5963.0,Narrow CPR (0.111%) bullish breakout
2026-02-23T17:50:45.800392,Ghost Zone,CRUDEOILM,BUY_PE_GTZ,5950,180.77327993274653,5963.0,Ghost Zone: Supply retest
2026-02-23T17:52:15.384998,CPR,GOLDM,BUY_CE_CPR,159800,5688.159197633404,159802.0,Narrow CPR (0.058%) bullish breakout
2026-02-23T17:52:15.402469,CPR,SILVERM,BUY_CE_CPR,267000,9961.037162115616,267000.0,Narrow CPR (0.038%) bullish breakout
2026-02-23T17:52:15.402469,CPR,CRUDEOILM,BUY_CE_CPR,5950,193.7617097421579,5963.0,Narrow CPR (0.111%) bullish breakout
2026-02-23T17:52:15.402469,Ghost Zone,CRUDEOILM,BUY_PE_GTZ,5950,180.77327993274653,5963.0,Ghost Zone: Supply retest
2026-02-23T17:52:28.944981,CPR,GOLDM,BUY_CE_CPR,159800,5687.596877052409,159801.0,Narrow CPR (0.058%) bullish breakout
2026-02-23T17:52:28.944981,CPR,SILVERM,BUY_CE_CPR,267000,9961.037162115616,267000.0,Narrow CPR (0.038%) bullish breakout
2026-02-23T17:52:28.944981,CPR,CRUDEOILM,BUY_CE_CPR,5950,193.7617097421579,5963.0,Narrow CPR (0.111%) bullish breakout
2026-02-23T17:52:28.944981,Ghost Zone,CRUDEOILM,BUY_PE_GTZ,5950,180.77327993274653,5963.0,Ghost Zone: Supply retest
2026-02-23T17:53:30.027613,CPR,GOLDM,BUY_CE_CPR,159800,5684.223665718559,159795.0,Narrow CPR (0.058%) bullish breakout
2026-02-23T17:53:30.027613,CPR,SILVERM,BUY_CE_CPR,267000,9961.037162115616,267000.0,Narrow CPR (0.038%) bullish breakout
2026-02-23T17:53:30.027613,CPR,CRUDEOILM,BUY_CE_CPR,5950,193.7617097421579,5963.0,Narrow CPR (0.111%) bullish breakout
2026-02-23T17:53:30.027613,Ghost Zone,CRUDEOILM,BUY_PE_GTZ,5950,180.77327993274653,5963.0,Ghost Zone: Supply retest
2026-02-23T17:54:44.360794,CPR,GOLDM,BUY_CE_CPR,159800,5714.626494808364,159849.0,Narrow CPR (0.058%) bullish breakout
2026-02-23T17:54:44.360794,CPR,SILVERM,BUY_CE_CPR,267000,9961.037162115616,267000.0,Narrow CPR (0.038%) bullish breakout
2026-02-23T17:54:44.360794,CPR,CRUDEOILM,BUY_CE_CPR,5950,193.7617097421579,5963.0,Narrow CPR (0.111%) bullish breakout
2026-02-23T17:54:44.360794,Ghost Zone,CRUDEOILM,BUY_PE_GTZ,5950,180.77327993274653,5963.0,Ghost Zone: Supply retest
2026-02-23T17:56:00.096157,CPR,GOLDM,BUY_CE_CPR,159800,5690.971309150981,159807.0,Narrow CPR (0.058%) bullish breakout
2026-02-23T17:56:00.096157,CPR,SILVERM,BUY_CE_CPR,267000,9961.037162115616,267000.0,Narrow CPR (0.038%) bullish breakout
2026-02-23T17:56:00.096157,CPR,CRUDEOILM,BUY_CE_CPR,5950,193.7617097421579,5963.0,Narrow CPR (0.111%) bullish breakout
2026-02-23T17:56:00.096157,Ghost Zone,CRUDEOILM,BUY_PE_GTZ,5950,180.77327993274653,5963.0,Ghost Zone: Supply retest
2026-02-23T17:57:17.830005,CPR,GOLDM,BUY_CE_CPR,159800,5698.286765441531,159820.0,Narrow CPR (0.058%) bullish breakout
2026-02-23T17:57:17.830005,CPR,SILVERM,BUY_CE_CPR,267000,9961.037162115616,267000.0,Narrow CPR (0.038%) bullish breakout
2026-02-23T17:57:17.830005,CPR,CRUDEOILM,BUY_CE_CPR,5950,193.7617097421579,5963.0,Narrow CPR (0.111%) bullish breakout
2026-02-23T17:57:17.830005,Ghost Zone,CRUDEOILM,BUY_PE_GTZ,5950,180.77327993274653,5963.0,Ghost Zone: Supply retest
2026-02-23T17:58:46.429882,CPR,GOLDM,BUY_CE_CPR,159800,5684.223665718559,159795.0,Narrow CPR (0.058%) bullish breakout
2026-02-23T17:58:46.429882,CPR,SILVERM,BUY_CE_CPR,267000,9909.295945057842,266900.0,Narrow CPR (0.038%) bullish breakout
2026-02-23T17:58:46.429882,CPR,CRUDEOILM,BUY_CE_CPR,5950,193.7617097421579,5963.0,Narrow CPR (0.111%) bullish breakout
2026-02-23T17:58:46.429882,Ghost Zone,CRUDEOILM,BUY_PE_GTZ,5950,180.77327993274653,5963.0,Ghost Zone: Supply retest
2026-02-23T17:58:51.727367,CPR,GOLDM,BUY_CE_CPR,159800,5699.975761082327,159823.0,Narrow CPR (0.058%) bullish breakout
2026-02-23T17:58:51.727367,CPR,SILVERM,BUY_CE_CPR,267000,9961.037162115616,267000.0,Narrow CPR (0.038%) bullish breakout
2026-02-23T17:58:51.727367,CPR,CRUDEOILM,BUY_CE_CPR,5950,193.7617097421579,5963.0,Narrow CPR (0.111%) bullish breakout
2026-02-23T17:58:51.727367,Ghost Zone,CRUDEOILM,BUY_PE_GTZ,5950,180.77327993274653,5963.0,Ghost Zone: Supply retest
2026-02-23T18:00:00.115157,CPR,GOLDM,BUY_CE_CPR,159700,5706.576971457099,159749.0,Narrow CPR (0.058%) bullish breakout
2026-02-23T18:00:00.115157,CPR,SILVERM,BUY_CE_CPR,267500,9875.852088543395,267299.0,Narrow CPR (0.038%) bullish breakout
2026-02-23T18:00:00.115157,CPR,CRUDEOILM,BUY_CE_CPR,5950,193.7617097421579,5963.0,Narrow CPR (0.111%) bullish breakout
2026-02-23T18:00:00.115157,Ghost Zone,CRUDEOILM,BUY_PE_GTZ,5950,180.77327993274653,5963.0,Ghost Zone: Supply retest
2026-02-23T18:01:13.649445,CPR,GOLDM,BUY_CE_CPR,159800,5699.975761082327,159823.0,Narrow CPR (0.058%) bullish breakout
2026-02-23T18:01:13.665822,CPR,SILVERM,BUY_CE_CPR,267500,9869.673093908374,267287.0,Narrow CPR (0.038%) bullish breakout
2026-02-23T18:01:13.665822,CPR,CRUDEOILM,BUY_CE_CPR,5950,193.7617097421579,5963.0,Narrow CPR (0.111%) bullish breakout
2026-02-23T18:01:13.665822,Ghost Zone,CRUDEOILM,BUY_PE_GTZ,5950,180.77327993274653,5963.0,Ghost Zone: Supply retest
2026-02-23T18:03:56.599691,CPR,GOLDM,BUY_CE_CPR,159800,5693.221608632747,159811.0,Narrow CPR (0.058%) bullish breakout
2026-02-23T18:03:56.599691,CPR,SILVERM,BUY_CE_CPR,267500,9956.387498163362,267455.0,Narrow CPR (0.038%) bullish breakout
2026-02-23T18:03:56.599691,CPR,CRUDEOILM,BUY_CE_CPR,5950,193.7617097421579,5963.0,Narrow CPR (0.111%) bullish breakout
2026-02-23T18:03:56.599691,Ghost Zone,CRUDEOILM,BUY_PE_GTZ,5950,180.77327993274653,5963.0,Ghost Zone: Supply retest
2026-02-23T18:04:54.115968,CPR,GOLDM,BUY_CE_CPR,159800,5687.0345903815405,159800.0,Narrow CPR (0.058%) bullish breakout
2026-02-23T18:04:54.115968,CPR,SILVERM,BUY_CE_CPR,268000,9920.791673129024,267850.0,Narrow CPR (0.038%) bullish breakout
2026-02-23T18:04:54.115968,CPR,CRUDEOILM,BUY_CE_CPR,5950,193.7617097421579,5963.0,Narrow CPR (0.111%) bullish breakout
2026-02-23T18:04:54.115968,Ghost Zone,CRUDEOILM,BUY_PE_GTZ,5950,180.77327993274653,5963.0,Ghost Zone: Supply retest
2026-02-23T18:05:15.929732,CPR,GOLDM,BUY_CE_CPR,159800,5690.971309150981,159807.0,Narrow CPR (0.058%) bullish breakout
2026-02-23T18:05:15.929732,CPR,SILVERM,BUY_CE_CPR,268000,9920.791673129024,267850.0,Narrow CPR (0.038%) bullish breakout
2026-02-23T18:05:15.929732,CPR,CRUDEOILM,BUY_CE_CPR,5950,193.7617097421579,5963.0,Narrow CPR (0.111%) bullish breakout
2026-02-23T18:05:15.929732,Ghost Zone,CRUDEOILM,BUY_PE_GTZ,5950,180.77327993274653,5963.0,Ghost Zone: Supply retest
2026-02-23T18:06:36.284384,CPR,GOLDM,BUY_CE_CPR,159800,5684.785782821914,159796.0,Narrow CPR (0.058%) bullish breakout
2026-02-23T18:06:36.284384,CPR,SILVERM,BUY_CE_CPR,267500,9876.367108203944,267300.0,Narrow CPR (0.038%) bullish breakout
2026-02-23T18:06:36.284384,CPR,CRUDEOILM,BUY_CE_CPR,5950,193.7617097421579,5963.0,Narrow CPR (0.111%) bullish breakout
2026-02-23T18:06:36.284384,Ghost Zone,CRUDEOILM,BUY_PE_GTZ,5950,180.77327993274653,5963.0,Ghost Zone: Supply retest
2026-02-23T18:08:01.530993,CPR,GOLDM,BUY_CE_CPR,159800,5696.598074799366,159817.0,Narrow CPR (0.058%) bullish breakout
2026-02-23T18:08:01.530993,CPR,SILVERM,BUY_CE_CPR,268000,9938.338990901202,267884.0,Narrow CPR (0.038%) bullish breakout
2026-02-23T18:08:01.530993,CPR,CRUDEOILM,BUY_CE_CPR,5950,193.7617097421579,5963.0,Narrow CPR (0.111%) bullish breakout
2026-02-23T18:08:01.530993,Ghost Zone,CRUDEOILM,BUY_PE_GTZ,5950,180.77327993274653,5963.0,Ghost Zone: Supply retest
2026-02-23T18:09:16.996798,CPR,GOLDM,BUY_CE_CPR,159800,5709.55249599216,159840.0,Narrow CPR (0.058%) bullish breakout
2026-02-23T18:09:16.996798,CPR,SILVERM,BUY_CE_CPR,268000,9971.93641424782,267949.0,Narrow CPR (0.038%) bullish breakout
2026-02-23T18:09:16.996798,CPR,CRUDEOILM,BUY_CE_CPR,5950,193.7617097421579,5963.0,Narrow CPR (0.111%) bullish breakout
2026-02-23T18:09:16.996798,Ghost Zone,CRUDEOILM,BUY_PE_GTZ,5950,180.77327993274653,5963.0,Ghost Zone: Supply retest
2026-02-23T18:10:43.065369,CPR,GOLDM,BUY_CE_CPR,159900,5688.364756750063,159888.0,Narrow CPR (0.058%) bullish breakout
2026-02-23T18:10:43.065369,CPR,SILVERM,BUY_CE_CPR,267500,9979.690789760043,267500.0,Narrow CPR (0.038%) bullish breakout
2026-02-23T18:10:43.065369,CPR,CRUDEOILM,BUY_CE_CPR,5950,193.7617097421579,5963.0,Narrow CPR (0.111%) bullish breakout
2026-02-23T18:10:43.065369,Ghost Zone,CRUDEOILM,BUY_PE_GTZ,5950,180.77327993274653,5963.0,Ghost Zone: Supply retest
2026-02-23T18:11:01.461300,CPR,GOLDM,BUY_CE_CPR,159900,5679.369446239435,159872.0,Narrow CPR (0.058%) bullish breakout
2026-02-23T18:11:01.461300,CPR,SILVERM,BUY_CE_CPR,267500,9979.690789760043,267500.0,Narrow CPR (0.038%) bullish breakout
2026-02-23T18:11:01.461300,CPR,CRUDEOILM,BUY_CE_CPR,5950,193.7617097421579,5963.0,Narrow CPR (0.111%) bullish breakout
2026-02-23T18:11:01.461300,Ghost Zone,CRUDEOILM,BUY_PE_GTZ,5950,180.77327993274653,5963.0,Ghost Zone: Supply retest
2026-02-23T18:11:57.770990,CPR,GOLDM,BUY_CE_CPR,159900,5688.364756750063,159888.0,Narrow CPR (0.058%) bullish breakout
2026-02-23T18:11:57.770990,CPR,SILVERM,BUY_CE_CPR,267500,9979.690789760043,267500.0,Narrow CPR (0.038%) bullish breakout
2026-02-23T18:11:57.770990,CPR,CRUDEOILM,BUY_CE_CPR,5950,193.7617097421579,5963.0,Narrow CPR (0.111%) bullish breakout
2026-02-23T18:11:57.770990,Ghost Zone,CRUDEOILM,BUY_PE_GTZ,5950,180.77327993274653,5963.0,Ghost Zone: Supply retest
2026-02-23T18:13:13.800172,CPR,GOLDM,BUY_CE_CPR,159900,5706.381383030156,159920.0,Narrow CPR (0.058%) bullish breakout
2026-02-23T18:13:13.800172,CPR,SILVERM,BUY_CE_CPR,268000,10102.303353584508,268200.0,Narrow CPR (0.038%) bullish breakout
2026-02-23T18:13:13.800172,CPR,CRUDEOILM,BUY_CE_CPR,5950,193.7617097421579,5963.0,Narrow CPR (0.111%) bullish breakout
2026-02-23T18:13:13.800172,Ghost Zone,CRUDEOILM,BUY_PE_GTZ,5950,180.77327993274653,5963.0,Ghost Zone: Supply retest
2026-02-23T18:15:52.257774,CPR,GOLDM,BUY_CE_CPR,160000,5675.129474378198,159950.0,Narrow CPR (0.058%) bullish breakout
2026-02-23T18:15:52.257774,CPR,SILVERM,BUY_CE_CPR,268000,9998.344417404454,268000.0,Narrow CPR (0.038%) bullish breakout
2026-02-23T18:15:52.257774,CPR,CRUDEOILM,BUY_CE_CPR,5950,193.7617097421579,5963.0,Narrow CPR (0.111%) bullish breakout
2026-02-23T18:15:52.257774,Ghost Zone,CRUDEOILM,BUY_PE_GTZ,5950,180.77327993274653,5963.0,Ghost Zone: Supply retest
2026-02-23T18:16:40.709310,CPR,GOLDM,BUY_CE_CPR,160000,5702.698580075136,159999.0,Narrow CPR (0.058%) bullish breakout
2026-02-23T18:16:40.709310,CPR,SILVERM,BUY_CE_CPR,267500,9980.209006328458,267501.0,Narrow CPR (0.038%) bullish breakout
2026-02-23T18:16:40.709310,CPR,CRUDEOILM,BUY_CE_CPR,5950,193.7617097421579,5963.0,Narrow CPR (0.111%) bullish breakout
2026-02-23T18:16:40.709310,Ghost Zone,CRUDEOILM,BUY_PE_GTZ,5950,180.77327993274653,5963.0,Ghost Zone: Supply retest
2026-02-23T18:16:49.430590,CPR,GOLDM,BUY_CE_CPR,160000,5702.698580075136,159999.0,Narrow CPR (0.058%) bullish breakout
2026-02-23T18:16:49.430590,CPR,SILVERM,BUY_CE_CPR,267500,9980.209006328458,267501.0,Narrow CPR (0.038%) bullish breakout
2026-02-23T18:16:49.430590,CPR,CRUDEOILM,BUY_CE_CPR,5950,193.7617097421579,5963.0,Narrow CPR (0.111%) bullish breakout
2026-02-23T18:16:49.430590,Ghost Zone,CRUDEOILM,BUY_PE_GTZ,5950,180.77327993274653,5963.0,Ghost Zone: Supply retest
2026-02-23T18:17:47.217917,CPR,GOLDM,BUY_CE_CPR,160000,5675.129474378198,159950.0,Narrow CPR (0.058%) bullish breakout
2026-02-23T18:17:47.217917,CPR,SILVERM,BUY_CE_CPR,267500,10057.600865127166,267650.0,Narrow CPR (0.038%) bullish breakout
2026-02-23T18:17:47.217917,CPR,CRUDEOILM,BUY_CE_CPR,5950,193.7617097421579,5963.0,Narrow CPR (0.111%) bullish breakout
2026-02-23T18:17:47.217917,Ghost Zone,CRUDEOILM,BUY_PE_GTZ,5950,180.77327993274653,5963.0,Ghost Zone: Supply retest
2026-02-23T18:18:47.215378,CPR,GOLDM,BUY_CE_CPR,159900,5719.3522333115625,159943.0,Narrow CPR (0.058%) bullish breakout
2026-02-23T18:18:47.215378,CPR,SILVERM,BUY_CE_CPR,267500,10057.600865127166,267650.0,Narrow CPR (0.038%) bullish breakout
2026-02-23T18:18:47.215378,CPR,CRUDEOILM,BUY_CE_CPR,5950,193.7617097421579,5963.0,Narrow CPR (0.111%) bullish breakout
2026-02-23T18:18:47.215378,Ghost Zone,CRUDEOILM,BUY_PE_GTZ,5950,180.77327993274653,5963.0,Ghost Zone: Supply retest
2026-02-23T18:20:10.640426,CPR,GOLDM,BUY_CE_CPR,159900,5703.000625677725,159914.0,Narrow CPR (0.058%) bullish breakout
2026-02-23T18:20:10.640426,CPR,SILVERM,BUY_CE_CPR,268000,9998.344417404454,268000.0,Narrow CPR (0.038%) bullish breakout
2026-02-23T18:20:10.640426,CPR,CRUDEOILM,BUY_CE_CPR,5950,193.7617097421579,5963.0,Narrow CPR (0.111%) bullish breakout
2026-02-23T18:20:10.640426,Ghost Zone,CRUDEOILM,BUY_PE_GTZ,5950,180.77327993274653,5963.0,Ghost Zone: Supply retest
2026-02-23T18:21:06.106336,CPR,GOLDM,BUY_CE_CPR,159900,5706.381383030156,159920.0,Narrow CPR (0.058%) bullish breakout
2026-02-23T18:21:06.106336,CPR,SILVERM,BUY_CE_CPR,267500,10084.69312250358,267702.0,Narrow CPR (0.038%) bullish breakout
2026-02-23T18:21:06.106336,CPR,CRUDEOILM,BUY_CE_CPR,5950,193.7617097421579,5963.0,Narrow CPR (0.111%) bullish breakout
2026-02-23T18:21:06.106336,Ghost Zone,CRUDEOILM,BUY_PE_GTZ,5950,180.77327993274653,5963.0,Ghost Zone: Supply retest
2026-02-23T18:22:05.687206,CPR,GOLDM,BUY_CE_CPR,159900,5697.368737222476,159904.0,Narrow CPR (0.058%) bullish breakout
2026-02-23T18:22:05.687206,CPR,SILVERM,BUY_CE_CPR,267500,10084.69312250358,267702.0,Narrow CPR (0.038%) bullish breakout
2026-02-23T18:22:05.687206,CPR,CRUDEOILM,BUY_CE_CPR,5950,193.7617097421579,5963.0,Narrow CPR (0.111%) bullish breakout
2026-02-23T18:22:05.687206,Ghost Zone,CRUDEOILM,BUY_PE_GTZ,5950,180.77327993274653,5963.0,Ghost Zone: Supply retest
2026-02-23T18:22:17.678232,CPR,GOLDM,BUY_CE_CPR,160000,5688.059961363066,159973.0,Narrow CPR (0.058%) bullish breakout
2026-02-23T18:22:17.678232,CPR,SILVERM,BUY_CE_CPR,267500,10084.69312250358,267702.0,Narrow CPR (0.038%) bullish breakout
2026-02-23T18:22:17.678232,CPR,CRUDEOILM,BUY_CE_CPR,5950,193.7617097421579,5963.0,Narrow CPR (0.111%) bullish breakout
2026-02-23T18:22:17.678232,Ghost Zone,CRUDEOILM,BUY_PE_GTZ,5950,180.77327993274653,5963.0,Ghost Zone: Supply retest
2026-02-23T18:23:06.304304,CPR,GOLDM,BUY_CE_CPR,159900,5715.402689528254,159936.0,Narrow CPR (0.058%) bullish breakout
2026-02-23T18:23:06.304304,CPR,SILVERM,BUY_CE_CPR,268500,9985.934037711171,268440.0,Narrow CPR (0.038%) bullish breakout
2026-02-23T18:23:06.304304,CPR,CRUDEOILM,BUY_CE_CPR,5950,193.7617097421579,5963.0,Narrow CPR (0.111%) bullish breakout
2026-02-23T18:23:06.304304,Ghost Zone,CRUDEOILM,BUY_PE_GTZ,5950,180.77327993274653,5963.0,Ghost Zone: Supply retest
2026-02-23T18:24:07.272300,CPR,GOLDM,BUY_CE_CPR,160000,5691.998879335049,159980.0,Narrow CPR (0.058%) bullish breakout
2026-02-23T18:24:07.272300,CPR,SILVERM,BUY_CE_CPR,268500,9985.934037711171,268440.0,Narrow CPR (0.038%) bullish breakout
2026-02-23T18:24:07.272300,CPR,CRUDEOILM,BUY_CE_CPR,5950,193.7617097421579,5963.0,Narrow CPR (0.111%) bullish breakout
2026-02-23T18:24:07.272300,Ghost Zone,CRUDEOILM,BUY_PE_GTZ,5950,180.77327993274653,5963.0,Ghost Zone: Supply retest
2026-02-23T18:25:04.501377,CPR,GOLDM,BUY_CE_CPR,160000,5702.135133693613,159998.0,Narrow CPR (0.058%) bullish breakout
2026-02-23T18:25:04.501377,CPR,SILVERM,BUY_CE_CPR,268500,9990.590003459394,268449.0,Narrow CPR (0.038%) bullish breakout
2026-02-23T18:25:04.501377,CPR,CRUDEOILM,BUY_CE_CPR,5950,193.7617097421579,5963.0,Narrow CPR (0.111%) bullish breakout
2026-02-23T18:25:04.501377,Ghost Zone,CRUDEOILM,BUY_PE_GTZ,5950,180.77327993274653,5963.0,Ghost Zone: Supply retest
2026-02-23T18:26:11.289643,CPR,GOLDM,BUY_CE_CPR,160000,5684.122700867763,159966.0,Narrow CPR (0.058%) bullish breakout
2026-02-23T18:26:11.289643,CPR,SILVERM,BUY_CE_CPR,268500,9992.14227719304,268452.0,Narrow CPR (0.038%) bullish breakout
2026-02-23T18:26:11.289643,CPR,CRUDEOILM,BUY_CE_CPR,5950,193.7617097421579,5963.0,Narrow CPR (0.111%) bullish breakout
2026-02-23T18:26:11.289643,Ghost Zone,CRUDEOILM,BUY_PE_GTZ,5950,180.77327993274653,5963.0,Ghost Zone: Supply retest
2026-02-23T18:27:12.518005,CPR,GOLDM,BUY_CE_CPR,160000,5701.571721109802,159997.0,Narrow CPR (0.058%) bullish breakout
2026-02-23T18:27:12.518005,CPR,SILVERM,BUY_CE_CPR,268500,10016.998045048853,268500.0,Narrow CPR (0.038%) bullish breakout
2026-02-23T18:27:12.518005,CPR,CRUDEOILM,BUY_CE_CPR,5950,193.7617097421579,5963.0,Narrow CPR (0.111%) bullish breakout
2026-02-23T18:27:12.518005,Ghost Zone,CRUDEOILM,BUY_PE_GTZ,5950,180.77327993274653,5963.0,Ghost Zone: Supply retest
2026-02-23T18:28:25.945973,CPR,GOLDM,BUY_CE_CPR,160000,5702.698580075136,159999.0,Narrow CPR (0.058%) bullish breakout
2026-02-23T18:28:25.945973,CPR,SILVERM,BUY_CE_CPR,268500,10068.898077536573,268600.0,Narrow CPR (0.038%) bullish breakout
2026-02-23T18:28:25.945973,CPR,CRUDEOILM,BUY_CE_CPR,5950,193.7617097421579,5963.0,Narrow CPR (0.111%) bullish breakout
2026-02-23T18:28:25.945973,Ghost Zone,CRUDEOILM,BUY_PE_GTZ,5950,180.77327993274653,5963.0,Ghost Zone: Supply retest
2026-02-23T18:28:47.375265,CPR,GOLDM,BUY_CE_CPR,160000,5703.262060253222,160000.0,Narrow CPR (0.058%) bullish breakout
2026-02-23T18:28:47.375265,CPR,SILVERM,BUY_CE_CPR,268500,10068.898077536573,268600.0,Narrow CPR (0.038%) bullish breakout
2026-02-23T18:28:47.375265,CPR,CRUDEOILM,BUY_CE_CPR,5950,193.7617097421579,5963.0,Narrow CPR (0.111%) bullish breakout
2026-02-23T18:28:47.375265,Ghost Zone,CRUDEOILM,BUY_PE_GTZ,5950,180.77327993274653,5963.0,Ghost Zone: Supply retest
2026-02-23T18:29:51.160091,CPR,GOLDM,BUY_CE_CPR,160000,5703.825574226737,160001.0,Narrow CPR (0.058%) bullish breakout
2026-02-23T18:29:51.160091,CPR,SILVERM,BUY_CE_CPR,268500,10016.998045048853,268500.0,Narrow CPR (0.038%) bullish breakout
2026-02-23T18:29:51.160091,CPR,CRUDEOILM,BUY_CE_CPR,5950,193.7617097421579,5963.0,Narrow CPR (0.111%) bullish breakout
2026-02-23T18:29:51.160091,Ghost Zone,CRUDEOILM,BUY_PE_GTZ,5950,180.77327993274653,5963.0,Ghost Zone: Supply retest
2026-02-23T18:31:10.088988,CPR,GOLDM,BUY_CE_CPR,160000,5686.372361028997,159970.0,Narrow CPR (0.058%) bullish breakout
2026-02-23T18:31:10.088988,CPR,SILVERM,BUY_CE_CPR,268000,10102.303353584508,268200.0,Narrow CPR (0.038%) bullish breakout
2026-02-23T18:31:10.088988,CPR,CRUDEOILM,BUY_CE_CPR,5950,193.7617097421579,5963.0,Narrow CPR (0.111%) bullish breakout
2026-02-23T18:31:10.088988,Ghost Zone,CRUDEOILM,BUY_PE_GTZ,5950,180.77327993274653,5963.0,Ghost Zone: Supply retest
2026-02-23T18:32:12.116374,CPR,GOLDM,BUY_CE_CPR,160000,5714.538759340047,160020.0,Narrow CPR (0.058%) bullish breakout
2026-02-23T18:32:12.116374,CPR,SILVERM,BUY_CE_CPR,268500,10016.998045048853,268500.0,Narrow CPR (0.038%) bullish breakout
2026-02-23T18:32:12.116374,CPR,CRUDEOILM,BUY_CE_CPR,5950,193.7617097421579,5963.0,Narrow CPR (0.111%) bullish breakout
2026-02-23T18:32:12.116374,Ghost Zone,CRUDEOILM,BUY_PE_GTZ,5950,180.77327993274653,5963.0,Ghost Zone: Supply retest
2026-02-23T18:33:10.016663,CPR,GOLDM,BUY_CE_CPR,160000,5677.37696873302,159954.0,Narrow CPR (0.058%) bullish breakout
2026-02-23T18:33:10.016663,CPR,SILVERM,BUY_CE_CPR,268000,9998.862633958057,268001.0,Narrow CPR (0.038%) bullish breakout
2026-02-23T18:33:10.016663,CPR,CRUDEOILM,BUY_CE_CPR,5950,193.7617097421579,5963.0,Narrow CPR (0.111%) bullish breakout
2026-02-23T18:33:10.016663,Ghost Zone,CRUDEOILM,BUY_PE_GTZ,5950,180.77327993274653,5963.0,Ghost Zone: Supply retest
2026-02-23T18:34:10.445578,CPR,GOLDM,BUY_CE_CPR,159900,5719.3522333115625,159943.0,Narrow CPR (0.058%) bullish breakout
2026-02-23T18:34:10.445578,CPR,SILVERM,BUY_CE_CPR,268000,9998.862633958057,268001.0,Narrow CPR (0.038%) bullish breakout
2026-02-23T18:34:10.445578,CPR,CRUDEOILM,BUY_CE_CPR,5950,193.7617097421579,5963.0,Narrow CPR (0.111%) bullish breakout
2026-02-23T18:34:10.445578,Ghost Zone,CRUDEOILM,BUY_PE_GTZ,5950,180.77327993274653,5963.0,Ghost Zone: Supply retest
2026-02-23T18:34:13.987379,CPR,GOLDM,BUY_CE_CPR,159900,5720.480978651244,159945.0,Narrow CPR (0.058%) bullish breakout
2026-02-23T18:34:13.987379,CPR,SILVERM,BUY_CE_CPR,268000,9998.862633958057,268001.0,Narrow CPR (0.038%) bullish breakout
2026-02-23T18:34:13.987379,CPR,CRUDEOILM,BUY_CE_CPR,5950,193.7617097421579,5963.0,Narrow CPR (0.111%) bullish breakout
2026-02-23T18:34:13.987379,Ghost Zone,CRUDEOILM,BUY_PE_GTZ,5950,180.77327993274653,5963.0,Ghost Zone: Supply retest
2026-02-23T18:35:07.179787,CPR,GOLDM,BUY_CE_CPR,159900,5695.116929548131,159900.0,Narrow CPR (0.058%) bullish breakout
2026-02-23T18:35:07.179787,CPR,SILVERM,BUY_CE_CPR,268000,10128.39216873815,268250.0,Narrow CPR (0.038%) bullish breakout
2026-02-23T18:35:07.179787,CPR,CRUDEOILM,BUY_CE_CPR,5950,193.7617097421579,5963.0,Narrow CPR (0.111%) bullish breakout
2026-02-23T18:35:07.179787,Ghost Zone,CRUDEOILM,BUY_PE_GTZ,5950,180.77327993274653,5963.0,Ghost Zone: Supply retest
2026-02-23T18:36:05.559658,CPR,GOLDM,BUY_CE_CPR,159900,5695.116929548131,159900.0,Narrow CPR (0.058%) bullish breakout
2026-02-23T18:36:05.559658,CPR,SILVERM,BUY_CE_CPR,268000,10128.39216873815,268250.0,Narrow CPR (0.038%) bullish breakout
2026-02-23T18:36:05.559658,CPR,CRUDEOILM,BUY_CE_CPR,5950,193.7617097421579,5963.0,Narrow CPR (0.111%) bullish breakout
2026-02-23T18:36:05.559658,Ghost Zone,CRUDEOILM,BUY_PE_GTZ,5950,180.77327993274653,5963.0,Ghost Zone: Supply retest
2026-02-23T18:37:05.825967,CPR,GOLDM,BUY_CE_CPR,159900,5672.067143567848,159859.0,Narrow CPR (0.058%) bullish breakout
2026-02-23T18:37:05.825967,CPR,SILVERM,BUY_CE_CPR,268000,10128.39216873815,268250.0,Narrow CPR (0.038%) bullish breakout
2026-02-23T18:37:05.825967,CPR,CRUDEOILM,BUY_CE_CPR,5950,193.7617097421579,5963.0,Narrow CPR (0.111%) bullish breakout
2026-02-23T18:37:05.825967,Ghost Zone,CRUDEOILM,BUY_PE_GTZ,5950,180.77327993274653,5963.0,Ghost Zone: Supply retest
2026-02-23T18:38:04.846734,CPR,GOLDM,BUY_CE_CPR,159900,5669.821433680083,159855.0,Narrow CPR (0.058%) bullish breakout
2026-02-23T18:38:04.846734,CPR,SILVERM,BUY_CE_CPR,268500,10034.626291379624,268534.0,Narrow CPR (0.038%) bullish breakout
2026-02-23T18:38:04.846734,CPR,CRUDEOILM,BUY_CE_CPR,5950,193.7617097421579,5963.0,Narrow CPR (0.111%) bullish breakout
2026-02-23T18:38:04.846734,Ghost Zone,CRUDEOILM,BUY_PE_GTZ,5950,180.77327993274653,5963.0,Ghost Zone: Supply retest
2026-02-23T18:39:00.699851,CPR,GOLDM,BUY_CE_CPR,159900,5696.242765682852,159902.0,Narrow CPR (0.058%) bullish breakout
2026-02-23T18:39:00.699851,CPR,SILVERM,BUY_CE_CPR,268500,10034.626291379624,268534.0,Narrow CPR (0.038%) bullish breakout
2026-02-23T18:39:00.699851,CPR,CRUDEOILM,BUY_CE_CPR,5950,193.7617097421579,5963.0,Narrow CPR (0.111%) bullish breakout
2026-02-23T18:39:00.699851,Ghost Zone,CRUDEOILM,BUY_PE_GTZ,5950,180.77327993274653,5963.0,Ghost Zone: Supply retest
2026-02-23T18:39:49.446810,CPR,GOLDM,BUY_CE_CPR,159900,5670.9442208202645,159857.0,Narrow CPR (0.058%) bullish breakout
2026-02-23T18:39:49.446810,CPR,SILVERM,BUY_CE_CPR,268500,10034.626291379624,268534.0,Narrow CPR (0.038%) bullish breakout
2026-02-23T18:39:49.446810,CPR,CRUDEOILM,BUY_CE_CPR,5950,193.7617097421579,5963.0,Narrow CPR (0.111%) bullish breakout
2026-02-23T18:39:49.446810,Ghost Zone,CRUDEOILM,BUY_PE_GTZ,5950,180.77327993274653,5963.0,Ghost Zone: Supply retest
2026-02-23T18:39:56.220981,CPR,GOLDM,BUY_CE_CPR,159900,5670.9442208202645,159857.0,Narrow CPR (0.058%) bullish breakout
2026-02-23T18:39:56.220981,CPR,SILVERM,BUY_CE_CPR,268000,10076.25415931778,268150.0,Narrow CPR (0.038%) bullish breakout
2026-02-23T18:39:56.220981,CPR,CRUDEOILM,BUY_CE_CPR,5950,193.7617097421579,5963.0,Narrow CPR (0.111%) bullish breakout
2026-02-23T18:39:56.220981,Ghost Zone,CRUDEOILM,BUY_PE_GTZ,5950,180.77327993274653,5963.0,Ghost Zone: Supply retest
2026-02-23T18:40:53.791332,CPR,GOLDM,BUY_CE_CPR,159900,5671.5056652436815,159858.0,Narrow CPR (0.058%) bullish breakout
2026-02-23T18:40:53.791332,CPR,SILVERM,BUY_CE_CPR,268500,9926.55411956537,268325.0,Narrow CPR (0.038%) bullish breakout
2026-02-23T18:40:53.791332,CPR,CRUDEOILM,BUY_CE_CPR,5950,193.7617097421579,5963.0,Narrow CPR (0.111%) bullish breakout
2026-02-23T18:40:53.791332,Ghost Zone,CRUDEOILM,BUY_PE_GTZ,5950,180.77327993274653,5963.0,Ghost Zone: Supply retest
2026-02-23T18:41:58.093469,CPR,GOLDM,BUY_CE_CPR,159900,5695.116929548131,159900.0,Narrow CPR (0.058%) bullish breakout
2026-02-23T18:41:58.093469,CPR,SILVERM,BUY_CE_CPR,268500,9926.55411956537,268325.0,Narrow CPR (0.038%) bullish breakout
2026-02-23T18:41:58.093469,CPR,CRUDEOILM,BUY_CE_CPR,5950,193.7617097421579,5963.0,Narrow CPR (0.111%) bullish breakout
2026-02-23T18:41:58.093469,Ghost Zone,CRUDEOILM,BUY_PE_GTZ,5950,180.77327993274653,5963.0,Ghost Zone: Supply retest
2026-02-23T18:42:53.814246,CPR,GOLDM,BUY_CE_CPR,159900,5705.817838887724,159919.0,Narrow CPR (0.058%) bullish breakout
2026-02-23T18:42:53.831657,CPR,SILVERM,BUY_CE_CPR,268000,10076.25415931778,268150.0,Narrow CPR (0.038%) bullish breakout
2026-02-23T18:42:53.831657,CPR,CRUDEOILM,BUY_CE_CPR,5950,193.7617097421579,5963.0,Narrow CPR (0.111%) bullish breakout
2026-02-23T18:42:53.831657,Ghost Zone,CRUDEOILM,BUY_PE_GTZ,5950,180.77327993274653,5963.0,Ghost Zone: Supply retest
2026-02-23T18:43:49.485722,CPR,GOLDM,BUY_CE_CPR,159900,5671.5056652436815,159858.0,Narrow CPR (0.058%) bullish breakout
2026-02-23T18:43:49.485722,CPR,SILVERM,BUY_CE_CPR,268000,10076.25415931778,268150.0,Narrow CPR (0.038%) bullish breakout
2026-02-23T18:43:49.485722,CPR,CRUDEOILM,BUY_CE_CPR,5950,193.7617097421579,5963.0,Narrow CPR (0.111%) bullish breakout
2026-02-23T18:43:49.485722,Ghost Zone,CRUDEOILM,BUY_PE_GTZ,5950,180.77327993274653,5963.0,Ghost Zone: Supply retest
2026-02-23T18:44:46.999112,CPR,GOLDM,BUY_CE_CPR,159900,5686.677475482889,159885.0,Narrow CPR (0.058%) bullish breakout
2026-02-23T18:44:46.999112,CPR,SILVERM,BUY_CE_CPR,268500,9936.86600591934,268345.0,Narrow CPR (0.038%) bullish breakout
2026-02-23T18:44:46.999112,CPR,CRUDEOILM,BUY_CE_CPR,5950,193.7617097421579,5963.0,Narrow CPR (0.111%) bullish breakout
2026-02-23T18:44:46.999112,Ghost Zone,CRUDEOILM,BUY_PE_GTZ,5950,180.77327993274653,5963.0,Ghost Zone: Supply retest
2026-02-23T18:45:24.667123,CPR,GOLDM,BUY_CE_CPR,159900,5683.866017461102,159880.0,Narrow CPR (0.058%) bullish breakout
2026-02-23T18:45:24.667123,CPR,SILVERM,BUY_CE_CPR,268500,9936.86600591934,268345.0,Narrow CPR (0.038%) bullish breakout
2026-02-23T18:45:24.667123,CPR,CRUDEOILM,BUY_CE_CPR,5950,193.7617097421579,5963.0,Narrow CPR (0.111%) bullish breakout
2026-02-23T18:45:24.667123,Ghost Zone,CRUDEOILM,BUY_PE_GTZ,5950,180.77327993274653,5963.0,Ghost Zone: Supply retest
2026-02-23T18:45:43.392396,CPR,GOLDM,BUY_CE_CPR,159900,5683.866017461102,159880.0,Narrow CPR (0.058%) bullish breakout
2026-02-23T18:45:43.392396,CPR,SILVERM,BUY_CE_CPR,268500,9936.86600591934,268345.0,Narrow CPR (0.038%) bullish breakout
2026-02-23T18:45:43.392396,CPR,CRUDEOILM,BUY_CE_CPR,5950,193.7617097421579,5963.0,Narrow CPR (0.111%) bullish breakout
2026-02-23T18:45:43.392396,Ghost Zone,CRUDEOILM,BUY_PE_GTZ,5950,180.77327993274653,5963.0,Ghost Zone: Supply retest
2026-02-23T18:46:37.108589,CPR,GOLDM,BUY_CE_CPR,159800,5700.538827401451,159824.0,Narrow CPR (0.058%) bullish breakout
2026-02-23T18:46:37.108589,CPR,SILVERM,BUY_CE_CPR,268000,10076.25415931778,268150.0,Narrow CPR (0.038%) bullish breakout
2026-02-23T18:46:37.108589,CPR,CRUDEOILM,BUY_CE_CPR,5950,193.7617097421579,5963.0,Narrow CPR (0.111%) bullish breakout
2026-02-23T18:46:37.108589,Ghost Zone,CRUDEOILM,BUY_PE_GTZ,5950,180.77327993274653,5963.0,Ghost Zone: Supply retest
2026-02-23T18:47:32.638632,CPR,GOLDM,BUY_CE_CPR,159800,5715.190441749168,159850.0,Narrow CPR (0.058%) bullish breakout
2026-02-23T18:47:32.640441,CPR,SILVERM,BUY_CE_CPR,268000,10076.25415931778,268150.0,Narrow CPR (0.038%) bullish breakout
2026-02-23T18:47:32.640441,CPR,CRUDEOILM,BUY_CE_CPR,5950,193.7617097421579,5963.0,Narrow CPR (0.111%) bullish breakout
2026-02-23T18:47:32.640441,Ghost Zone,CRUDEOILM,BUY_PE_GTZ,5950,180.77327993274653,5963.0,Ghost Zone: Supply retest
2026-02-23T18:48:31.295961,CPR,GOLDM,BUY_CE_CPR,159800,5714.626494808364,159849.0,Narrow CPR (0.058%) bullish breakout
2026-02-23T18:48:31.295961,CPR,SILVERM,BUY_CE_CPR,268000,10076.25415931778,268150.0,Narrow CPR (0.038%) bullish breakout
2026-02-23T18:48:31.295961,CPR,CRUDEOILM,BUY_CE_CPR,5950,193.7617097421579,5963.0,Narrow CPR (0.111%) bullish breakout
2026-02-23T18:48:31.295961,Ghost Zone,CRUDEOILM,BUY_PE_GTZ,5950,180.77327993274653,5963.0,Ghost Zone: Supply retest
2026-02-23T18:49:32.986409,CPR,GOLDM,BUY_CE_CPR,159800,5715.190441749168,159850.0,Narrow CPR (0.058%) bullish breakout
2026-02-23T18:49:32.986409,CPR,SILVERM,BUY_CE_CPR,268000,10076.25415931778,268150.0,Narrow CPR (0.038%) bullish breakout
2026-02-23T18:49:32.986409,CPR,CRUDEOILM,BUY_CE_CPR,5950,193.7617097421579,5963.0,Narrow CPR (0.111%) bullish breakout
2026-02-23T18:49:32.986409,Ghost Zone,CRUDEOILM,BUY_PE_GTZ,5950,180.77327993274653,5963.0,Ghost Zone: Supply retest
2026-02-23T18:50:42.439322,CPR,GOLDM,BUY_CE_CPR,159900,5677.121973833724,159868.0,Narrow CPR (0.058%) bullish breakout
2026-02-23T18:50:42.439322,CPR,SILVERM,BUY_CE_CPR,267500,10065.411532520977,267665.0,Narrow CPR (0.038%) bullish breakout
2026-02-23T18:50:42.439322,CPR,CRUDEOILM,BUY_CE_CPR,5950,193.7617097421579,5963.0,Narrow CPR (0.111%) bullish breakout
2026-02-23T18:50:42.439322,Ghost Zone,CRUDEOILM,BUY_PE_GTZ,5950,180.77327993274653,5963.0,Ghost Zone: Supply retest
2026-02-23T18:51:04.035133,CPR,GOLDM,BUY_CE_CPR,159800,5715.190441749168,159850.0,Narrow CPR (0.058%) bullish breakout
2026-02-23T18:51:04.035133,CPR,SILVERM,BUY_CE_CPR,267500,10065.411532520977,267665.0,Narrow CPR (0.038%) bullish breakout
2026-02-23T18:51:04.035133,CPR,CRUDEOILM,BUY_CE_CPR,5950,193.7617097421579,5963.0,Narrow CPR (0.111%) bullish breakout
2026-02-23T18:51:04.035133,Ghost Zone,CRUDEOILM,BUY_PE_GTZ,5950,180.77327993274653,5963.0,Ghost Zone: Supply retest
2026-02-23T18:51:38.611811,CPR,GOLDM,BUY_CE_CPR,159900,5667.576266257749,159851.0,Narrow CPR (0.058%) bullish breakout
2026-02-23T18:51:38.611811,CPR,SILVERM,BUY_CE_CPR,267500,10034.190305729457,267605.0,Narrow CPR (0.038%) bullish breakout
2026-02-23T18:51:38.611811,CPR,CRUDEOILM,BUY_CE_CPR,5950,193.7617097421579,5963.0,Narrow CPR (0.111%) bullish breakout
2026-02-23T18:51:38.611811,Ghost Zone,CRUDEOILM,BUY_PE_GTZ,5950,180.77327993274653,5963.0,Ghost Zone: Supply retest
2026-02-23T18:52:39.412224,CPR,GOLDM,BUY_CE_CPR,159800,5703.354667237812,159829.0,Narrow CPR (0.058%) bullish breakout
2026-02-23T18:52:39.412224,CPR,SILVERM,BUY_CE_CPR,267500,10034.190305729457,267605.0,Narrow CPR (0.038%) bullish breakout
2026-02-23T18:52:39.412224,CPR,CRUDEOILM,BUY_CE_CPR,5950,193.7617097421579,5963.0,Narrow CPR (0.111%) bullish breakout
2026-02-23T18:52:39.412224,Ghost Zone,CRUDEOILM,BUY_PE_GTZ,5950,180.77327993274653,5963.0,Ghost Zone: Supply retest
2026-02-23T18:53:45.177768,CPR,GOLDM,BUY_CE_CPR,159800,5697.160937789467,159818.0,Narrow CPR (0.058%) bullish breakout
2026-02-23T18:53:45.177768,CPR,SILVERM,BUY_CE_CPR,267500,10034.190305729457,267605.0,Narrow CPR (0.038%) bullish breakout
2026-02-23T18:53:45.177768,CPR,CRUDEOILM,BUY_CE_CPR,5950,193.7617097421579,5963.0,Narrow CPR (0.111%) bullish breakout
2026-02-23T18:53:45.177768,Ghost Zone,CRUDEOILM,BUY_PE_GTZ,5950,180.77327993274653,5963.0,Ghost Zone: Supply retest
2026-02-23T18:54:43.225794,CPR,GOLDM,BUY_CE_CPR,159800,5659.524106744018,159751.0,Narrow CPR (0.058%) bullish breakout
2026-02-23T18:54:43.225794,CPR,SILVERM,BUY_CE_CPR,267500,9876.367108203944,267300.0,Narrow CPR (0.038%) bullish breakout
2026-02-23T18:54:43.225794,CPR,CRUDEOILM,BUY_CE_CPR,5950,193.7617097421579,5963.0,Narrow CPR (0.111%) bullish breakout
2026-02-23T18:54:43.225794,Ghost Zone,CRUDEOILM,BUY_PE_GTZ,5950,180.77327993274653,5963.0,Ghost Zone: Supply retest
2026-02-23T18:55:41.098883,CPR,GOLDM,BUY_CE_CPR,159700,5689.130454509642,159718.0,Narrow CPR (0.058%) bullish breakout
2026-02-23T18:55:41.098883,CPR,SILVERM,BUY_CE_CPR,266500,10071.911887162114,266749.0,Narrow CPR (0.038%) bullish breakout
2026-02-23T18:55:41.098883,CPR,CRUDEOILM,BUY_CE_CPR,5950,193.7617097421579,5963.0,Narrow CPR (0.111%) bullish breakout
2026-02-23T18:55:41.098883,Ghost Zone,CRUDEOILM,BUY_PE_GTZ,5950,180.77327993274653,5963.0,Ghost Zone: Supply retest
2026-02-23T18:56:41.847147,CPR,GOLDM,BUY_CE_CPR,159700,5653.775186666371,159655.0,Narrow CPR (0.058%) bullish breakout
2026-02-23T18:56:41.847147,CPR,SILVERM,BUY_CE_CPR,267000,10038.947572185098,267150.0,Narrow CPR (0.038%) bullish breakout
2026-02-23T18:56:41.847147,CPR,CRUDEOILM,BUY_CE_CPR,5950,193.7617097421579,5963.0,Narrow CPR (0.111%) bullish breakout
2026-02-23T18:56:41.847147,Ghost Zone,CRUDEOILM,BUY_PE_GTZ,5950,180.77327993274653,5963.0,Ghost Zone: Supply retest
2026-02-23T18:56:42.592532,CPR,GOLDM,BUY_CE_CPR,159700,5653.775186666371,159655.0,Narrow CPR (0.058%) bullish breakout
2026-02-23T18:56:42.592532,CPR,SILVERM,BUY_CE_CPR,267000,10038.947572185098,267150.0,Narrow CPR (0.038%) bullish breakout
2026-02-23T18:56:42.592532,CPR,CRUDEOILM,BUY_CE_CPR,5950,193.7617097421579,5963.0,Narrow CPR (0.111%) bullish breakout
2026-02-23T18:56:42.592532,Ghost Zone,CRUDEOILM,BUY_PE_GTZ,5950,180.77327993274653,5963.0,Ghost Zone: Supply retest
2026-02-23T18:57:40.248096,CPR,GOLDM,BUY_CE_CPR,159700,5662.741522275311,159671.0,Narrow CPR (0.058%) bullish breakout
2026-02-23T18:57:40.248096,CPR,SILVERM,BUY_CE_CPR,267000,10038.947572185098,267150.0,Narrow CPR (0.038%) bullish breakout
2026-02-23T18:57:40.248096,CPR,CRUDEOILM,BUY_CE_CPR,5950,193.7617097421579,5963.0,Narrow CPR (0.111%) bullish breakout
2026-02-23T18:57:40.248096,Ghost Zone,CRUDEOILM,BUY_PE_GTZ,5950,180.77327993274653,5963.0,Ghost Zone: Supply retest
2026-02-23T18:58:36.631180,CPR,GOLDM,BUY_CE_CPR,159700,5690.255052097688,159720.0,Narrow CPR (0.058%) bullish breakout
2026-02-23T18:58:36.631180,CPR,SILVERM,BUY_CE_CPR,267000,9978.665459865832,267034.0,Narrow CPR (0.038%) bullish breakout
2026-02-23T18:58:36.631180,CPR,CRUDEOILM,BUY_CE_CPR,5950,193.7617097421579,5963.0,Narrow CPR (0.111%) bullish breakout
2026-02-23T18:58:36.631180,Ghost Zone,CRUDEOILM,BUY_PE_GTZ,5950,180.77327993274653,5963.0,Ghost Zone: Supply retest
2026-02-23T18:59:32.707752,CPR,GOLDM,BUY_CE_CPR,159800,5664.570942719818,159760.0,Narrow CPR (0.058%) bullish breakout
2026-02-23T18:59:32.707752,CPR,SILVERM,BUY_CE_CPR,267000,9978.665459865832,267034.0,Narrow CPR (0.038%) bullish breakout
2026-02-23T18:59:32.707752,CPR,CRUDEOILM,BUY_CE_CPR,5950,193.7617097421579,5963.0,Narrow CPR (0.111%) bullish breakout
2026-02-23T18:59:32.707752,Ghost Zone,CRUDEOILM,BUY_PE_GTZ,5950,180.77327993274653,5963.0,Ghost Zone: Supply retest
2026-02-23T19:00:52.256448,CPR,GOLDM,BUY_CE_CPR,159800,5668.498161164855,159767.0,Narrow CPR (0.058%) bullish breakout
2026-02-23T19:00:52.256448,CPR,SILVERM,BUY_CE_CPR,266000,9820.40801939888,265800.0,Narrow CPR (0.038%) bullish breakout
2026-02-23T19:00:52.256448,CPR,CRUDEOILM,BUY_CE_CPR,5950,193.7617097421579,5963.0,Narrow CPR (0.111%) bullish breakout
2026-02-23T19:00:52.256448,Ghost Zone,CRUDEOILM,BUY_PE_GTZ,5950,180.77327993274653,5963.0,Ghost Zone: Supply retest
2026-02-23T19:01:52.748872,CPR,GOLDM,BUY_CE_CPR,159800,5687.0345903815405,159800.0,Narrow CPR (0.058%) bullish breakout
2026-02-23T19:01:52.748872,CPR,SILVERM,BUY_CE_CPR,266000,10044.906251658467,266233.0,Narrow CPR (0.038%) bullish breakout
2026-02-23T19:01:52.748872,CPR,CRUDEOILM,BUY_CE_CPR,5950,193.7617097421579,5963.0,Narrow CPR (0.111%) bullish breakout
2026-02-23T19:01:52.748872,Ghost Zone,CRUDEOILM,BUY_PE_GTZ,5950,180.77327993274653,5963.0,Ghost Zone: Supply retest
2026-02-23T19:02:20.942250,CPR,GOLDM,BUY_CE_CPR,159800,5693.784268253219,159812.0,Narrow CPR (0.058%) bullish breakout
2026-02-23T19:02:20.942250,CPR,SILVERM,BUY_CE_CPR,265500,10034.60649313998,265749.0,Narrow CPR (0.038%) bullish breakout
2026-02-23T19:02:20.942250,CPR,CRUDEOILM,BUY_CE_CPR,5950,193.7617097421579,5963.0,Narrow CPR (0.111%) bullish breakout
2026-02-23T19:02:20.942250,Ghost Zone,CRUDEOILM,BUY_PE_GTZ,5950,180.77327993274653,5963.0,Ghost Zone: Supply retest
2026-02-23T19:02:49.831415,CPR,GOLDM,BUY_CE_CPR,159800,5704.481240330203,159831.0,Narrow CPR (0.058%) bullish breakout
2026-02-23T19:02:49.831415,CPR,SILVERM,BUY_CE_CPR,266500,9993.764365210684,266599.0,Narrow CPR (0.038%) bullish breakout
2026-02-23T19:02:49.831415,CPR,CRUDEOILM,BUY_CE_CPR,5950,193.7617097421579,5963.0,Narrow CPR (0.111%) bullish breakout
2026-02-23T19:02:49.831415,Ghost Zone,CRUDEOILM,BUY_PE_GTZ,5950,180.77327993274653,5963.0,Ghost Zone: Supply retest
2026-02-23T19:03:44.874389,CPR,GOLDM,BUY_CE_CPR,159800,5696.035245701392,159816.0,Narrow CPR (0.058%) bullish breakout
2026-02-23T19:03:44.874389,CPR,SILVERM,BUY_CE_CPR,266000,9872.505606822328,265901.0,Narrow CPR (0.038%) bullish breakout
2026-02-23T19:03:44.874389,CPR,CRUDEOILM,BUY_CE_CPR,5950,193.7617097421579,5963.0,Narrow CPR (0.111%) bullish breakout
2026-02-23T19:03:44.874389,Ghost Zone,CRUDEOILM,BUY_PE_GTZ,5950,180.77327993274653,5963.0,Ghost Zone: Supply retest
2026-02-23T19:04:43.537248,CPR,GOLDM,BUY_CE_CPR,159800,5712.93485712578,159846.0,Narrow CPR (0.058%) bullish breakout
2026-02-23T19:04:43.537248,CPR,SILVERM,BUY_CE_CPR,266000,10001.64099007471,266150.0,Narrow CPR (0.038%) bullish breakout
2026-02-23T19:04:43.537248,CPR,CRUDEOILM,BUY_CE_CPR,5950,193.7617097421579,5963.0,Narrow CPR (0.111%) bullish breakout
2026-02-23T19:04:43.537248,Ghost Zone,CRUDEOILM,BUY_PE_GTZ,5950,180.77327993274653,5963.0,Ghost Zone: Supply retest
2026-02-23T19:05:44.559274,CPR,GOLDM,BUY_CE_CPR,159800,5679.727949993192,159787.0,Narrow CPR (0.058%) bullish breakout
2026-02-23T19:05:44.559274,CPR,SILVERM,BUY_CE_CPR,266500,9994.284160995676,266600.0,Narrow CPR (0.038%) bullish breakout
2026-02-23T19:05:44.559274,CPR,CRUDEOILM,BUY_CE_CPR,5950,193.7617097421579,5963.0,Narrow CPR (0.111%) bullish breakout
2026-02-23T19:05:44.559274,Ghost Zone,CRUDEOILM,BUY_PE_GTZ,5950,180.77327993274653,5963.0,Ghost Zone: Supply retest
2026-02-23T19:06:42.212090,CPR,GOLDM,BUY_CE_CPR,159800,5692.658982911164,159810.0,Narrow CPR (0.058%) bullish breakout
2026-02-23T19:06:42.212090,CPR,SILVERM,BUY_CE_CPR,267000,9853.594413301034,266792.0,Narrow CPR (0.038%) bullish breakout
2026-02-23T19:06:42.212090,CPR,CRUDEOILM,BUY_CE_CPR,5950,193.7617097421579,5963.0,Narrow CPR (0.111%) bullish breakout
2026-02-23T19:06:42.212090,Ghost Zone,CRUDEOILM,BUY_PE_GTZ,5950,180.77327993274653,5963.0,Ghost Zone: Supply retest
2026-02-23T19:07:41.268823,CPR,GOLDM,BUY_CE_CPR,159800,5674.111358728459,159777.0,Narrow CPR (0.058%) bullish breakout
2026-02-23T19:07:41.268823,CPR,SILVERM,BUY_CE_CPR,267000,9853.594413301034,266792.0,Narrow CPR (0.038%) bullish breakout
2026-02-23T19:07:41.268823,CPR,CRUDEOILM,BUY_CE_CPR,5950,193.7617097421579,5963.0,Narrow CPR (0.111%) bullish breakout
2026-02-23T19:07:41.268823,Ghost Zone,CRUDEOILM,BUY_PE_GTZ,5950,180.77327993274653,5963.0,Ghost Zone: Supply retest
2026-02-23T19:07:59.594671,CPR,GOLDM,BUY_CE_CPR,159800,5675.795979820078,159780.0,Narrow CPR (0.058%) bullish breakout
2026-02-23T19:07:59.594671,CPR,SILVERM,BUY_CE_CPR,267000,9853.594413301034,266792.0,Narrow CPR (0.038%) bullish breakout
2026-02-23T19:07:59.594671,CPR,CRUDEOILM,BUY_CE_CPR,5950,193.7617097421579,5963.0,Narrow CPR (0.111%) bullish breakout
2026-02-23T19:07:59.594671,Ghost Zone,CRUDEOILM,BUY_PE_GTZ,5950,180.77327993274653,5963.0,Ghost Zone: Supply retest
2026-02-23T19:08:40.053111,CPR,GOLDM,BUY_CE_CPR,159700,5695.880076638467,159730.0,Narrow CPR (0.058%) bullish breakout
2026-02-23T19:08:40.053111,CPR,SILVERM,BUY_CE_CPR,266500,9864.83179543763,266350.0,Narrow CPR (0.038%) bullish breakout
2026-02-23T19:08:40.053111,CPR,CRUDEOILM,BUY_CE_CPR,5950,193.7617097421579,5963.0,Narrow CPR (0.111%) bullish breakout
2026-02-23T19:08:40.053111,Ghost Zone,CRUDEOILM,BUY_PE_GTZ,5950,180.77327993274653,5963.0,Ghost Zone: Supply retest
2026-02-23T19:09:40.153845,CPR,GOLDM,BUY_CE_CPR,159700,5701.508494689711,159740.0,Narrow CPR (0.058%) bullish breakout
2026-02-23T19:09:40.153845,CPR,SILVERM,BUY_CE_CPR,266500,9903.562770234505,266425.0,Narrow CPR (0.038%) bullish breakout
2026-02-23T19:09:40.153845,CPR,CRUDEOILM,BUY_CE_CPR,5950,193.7617097421579,5963.0,Narrow CPR (0.111%) bullish breakout
2026-02-23T19:09:40.153845,Ghost Zone,CRUDEOILM,BUY_PE_GTZ,5950,180.77327993274653,5963.0,Ghost Zone: Supply retest
2026-02-23T19:10:38.380192,CPR,GOLDM,BUY_CE_CPR,159700,5688.005992715909,159716.0,Narrow CPR (0.058%) bullish breakout
2026-02-23T19:10:38.380192,CPR,SILVERM,BUY_CE_CPR,266500,9903.045766539832,266424.0,Narrow CPR (0.038%) bullish breakout
2026-02-23T19:10:38.380192,CPR,CRUDEOILM,BUY_CE_CPR,5950,193.7617097421579,5963.0,Narrow CPR (0.111%) bullish breakout
2026-02-23T19:10:38.380192,Ghost Zone,CRUDEOILM,BUY_PE_GTZ,5950,180.77327993274653,5963.0,Ghost Zone: Supply retest
2026-02-23T19:11:37.330354,CPR,GOLDM,BUY_CE_CPR,159700,5684.633422190088,159710.0,Narrow CPR (0.058%) bullish breakout
2026-02-23T19:11:37.330354,CPR,SILVERM,BUY_CE_CPR,266500,9833.911688692027,266290.0,Narrow CPR (0.038%) bullish breakout
2026-02-23T19:11:37.330354,CPR,CRUDEOILM,BUY_CE_CPR,5950,193.7617097421579,5963.0,Narrow CPR (0.111%) bullish breakout
2026-02-23T19:11:37.330354,Ghost Zone,CRUDEOILM,BUY_PE_GTZ,5950,180.77327993274653,5963.0,Ghost Zone: Supply retest
2026-02-23T19:12:36.357012,CPR,GOLDM,BUY_CE_CPR,159700,5681.823880573793,159705.0,Narrow CPR (0.058%) bullish breakout
2026-02-23T19:12:36.357012,CPR,SILVERM,BUY_CE_CPR,266500,9903.562770234505,266425.0,Narrow CPR (0.038%) bullish breakout
2026-02-23T19:12:36.357012,CPR,CRUDEOILM,BUY_CE_CPR,5950,193.7617097421579,5963.0,Narrow CPR (0.111%) bullish breakout
2026-02-23T19:12:36.357012,Ghost Zone,CRUDEOILM,BUY_PE_GTZ,5950,180.77327993274653,5963.0,Ghost Zone: Supply retest
2026-02-23T19:13:42.110333,CPR,GOLDM,BUY_CE_CPR,159800,5674.111358728459,159777.0,Narrow CPR (0.058%) bullish breakout
2026-02-23T19:13:42.110333,CPR,SILVERM,BUY_CE_CPR,266500,9898.393451618049,266415.0,Narrow CPR (0.038%) bullish breakout
2026-02-23T19:13:42.110333,CPR,CRUDEOILM,BUY_CE_CPR,5950,193.7617097421579,5963.0,Narrow CPR (0.111%) bullish breakout
2026-02-23T19:13:42.110333,Ghost Zone,CRUDEOILM,BUY_PE_GTZ,5950,180.77327993274653,5963.0,Ghost Zone: Supply retest
2026-02-23T19:13:45.311809,CPR,GOLDM,BUY_CE_CPR,159800,5674.111358728459,159777.0,Narrow CPR (0.058%) bullish breakout
2026-02-23T19:13:45.311809,CPR,SILVERM,BUY_CE_CPR,266500,9898.393451618049,266415.0,Narrow CPR (0.038%) bullish breakout
2026-02-23T19:13:45.311809,CPR,CRUDEOILM,BUY_CE_CPR,5950,193.7617097421579,5963.0,Narrow CPR (0.111%) bullish breakout
2026-02-23T19:13:45.311809,Ghost Zone,CRUDEOILM,BUY_PE_GTZ,5950,180.77327993274653,5963.0,Ghost Zone: Supply retest
2026-02-23T19:14:43.508848,CPR,GOLDM,BUY_CE_CPR,159700,5690.255052097688,159720.0,Narrow CPR (0.058%) bullish breakout
2026-02-23T19:14:43.508848,CPR,SILVERM,BUY_CE_CPR,266500,9898.393451618049,266415.0,Narrow CPR (0.038%) bullish breakout
2026-02-23T19:14:43.508848,CPR,CRUDEOILM,BUY_CE_CPR,5950,193.7617097421579,5963.0,Narrow CPR (0.111%) bullish breakout
2026-02-23T19:14:43.508848,Ghost Zone,CRUDEOILM,BUY_PE_GTZ,5950,180.77327993274653,5963.0,Ghost Zone: Supply retest
2026-02-23T19:15:42.315061,CPR,GOLDM,BUY_CE_CPR,159800,5681.413588977281,159790.0,Narrow CPR (0.058%) bullish breakout
2026-02-23T19:15:42.315061,CPR,SILVERM,BUY_CE_CPR,266500,9898.393451618049,266415.0,Narrow CPR (0.038%) bullish breakout
2026-02-23T19:15:42.315061,CPR,CRUDEOILM,BUY_CE_CPR,5950,193.7617097421579,5963.0,Narrow CPR (0.111%) bullish breakout
2026-02-23T19:15:42.315061,Ghost Zone,CRUDEOILM,BUY_PE_GTZ,5950,180.77327993274653,5963.0,Ghost Zone: Supply retest
2026-02-23T19:16:41.068977,CPR,GOLDM,BUY_CE_CPR,159700,5680.700301661299,159703.0,Narrow CPR (0.058%) bullish breakout
2026-02-23T19:16:41.068977,CPR,SILVERM,BUY_CE_CPR,266500,9821.559746983685,266266.0,Narrow CPR (0.038%) bullish breakout
2026-02-23T19:16:41.068977,CPR,CRUDEOILM,BUY_CE_CPR,5950,193.7617097421579,5963.0,Narrow CPR (0.111%) bullish breakout
2026-02-23T19:16:41.068977,Ghost Zone,CRUDEOILM,BUY_PE_GTZ,5950,180.77327993274653,5963.0,Ghost Zone: Supply retest
2026-02-23T19:17:39.882075,CPR,GOLDM,BUY_CE_CPR,159700,5681.823880573793,159705.0,Narrow CPR (0.058%) bullish breakout
2026-02-23T19:17:39.882075,CPR,SILVERM,BUY_CE_CPR,266000,10035.514082893951,266215.0,Narrow CPR (0.038%) bullish breakout
2026-02-23T19:17:39.882075,CPR,CRUDEOILM,BUY_CE_CPR,5950,193.7617097421579,5963.0,Narrow CPR (0.111%) bullish breakout
2026-02-23T19:17:39.882075,Ghost Zone,CRUDEOILM,BUY_PE_GTZ,5950,180.77327993274653,5963.0,Ghost Zone: Supply retest
2026-02-23T19:18:43.660633,CPR,GOLDM,BUY_CE_CPR,159800,5670.18176402891,159770.0,Narrow CPR (0.058%) bullish breakout
2026-02-23T19:18:43.660633,CPR,SILVERM,BUY_CE_CPR,266000,10035.514082893951,266215.0,Narrow CPR (0.038%) bullish breakout
2026-02-23T19:18:43.660633,CPR,CRUDEOILM,BUY_CE_CPR,5950,193.7617097421579,5963.0,Narrow CPR (0.111%) bullish breakout
2026-02-23T19:18:43.660633,Ghost Zone,CRUDEOILM,BUY_PE_GTZ,5950,180.77327993274653,5963.0,Ghost Zone: Supply retest
2026-02-23T19:19:23.899676,CPR,GOLDM,BUY_CE_CPR,159800,5667.937028105008,159766.0,Narrow CPR (0.058%) bullish breakout
2026-02-23T19:19:23.899676,CPR,SILVERM,BUY_CE_CPR,267000,9857.714076361575,266800.0,Narrow CPR (0.038%) bullish breakout
2026-02-23T19:19:23.899676,CPR,CRUDEOILM,BUY_CE_CPR,5950,193.7617097421579,5963.0,Narrow CPR (0.111%) bullish breakout
2026-02-23T19:19:23.899676,Ghost Zone,CRUDEOILM,BUY_PE_GTZ,5950,180.77327993274653,5963.0,Ghost Zone: Supply retest
2026-02-23T19:19:42.672893,CPR,GOLDM,BUY_CE_CPR,159800,5658.963517006093,159750.0,Narrow CPR (0.058%) bullish breakout
2026-02-23T19:19:42.672893,CPR,SILVERM,BUY_CE_CPR,267000,9842.785152859344,266771.0,Narrow CPR (0.038%) bullish breakout
2026-02-23T19:19:42.672893,CPR,CRUDEOILM,BUY_CE_CPR,5950,193.7617097421579,5963.0,Narrow CPR (0.111%) bullish breakout
2026-02-23T19:19:42.672893,Ghost Zone,CRUDEOILM,BUY_PE_GTZ,5950,180.77327993274653,5963.0,Ghost Zone: Supply retest
2026-02-23T19:20:42.257708,CPR,GOLDM,BUY_CE_CPR,159800,5672.427043069967,159774.0,Narrow CPR (0.058%) bullish breakout
2026-02-23T19:20:42.257708,CPR,SILVERM,BUY_CE_CPR,267000,9857.714076361575,266800.0,Narrow CPR (0.038%) bullish breakout
2026-02-23T19:20:42.257708,CPR,CRUDEOILM,BUY_CE_CPR,5950,193.7617097421579,5963.0,Narrow CPR (0.111%) bullish breakout
2026-02-23T19:20:42.257708,Ghost Zone,CRUDEOILM,BUY_PE_GTZ,5950,180.77327993274653,5963.0,Ghost Zone: Supply retest
2026-02-23T19:21:46.734160,CPR,GOLDM,BUY_CE_CPR,159800,5681.413588977281,159790.0,Narrow CPR (0.058%) bullish breakout
2026-02-23T19:21:46.734160,CPR,SILVERM,BUY_CE_CPR,267000,9961.037162115616,267000.0,Narrow CPR (0.038%) bullish breakout
2026-02-23T19:21:46.734160,CPR,CRUDEOILM,BUY_CE_CPR,5950,193.7617097421579,5963.0,Narrow CPR (0.111%) bullish breakout
2026-02-23T19:21:46.734160,Ghost Zone,CRUDEOILM,BUY_PE_GTZ,5950,180.77327993274653,5963.0,Ghost Zone: Supply retest
2026-02-23T19:22:48.858463,CPR,GOLDM,BUY_CE_CPR,159800,5687.0345903815405,159800.0,Narrow CPR (0.058%) bullish breakout
2026-02-23T19:22:48.858463,CPR,SILVERM,BUY_CE_CPR,267000,10066.040101723169,267202.0,Narrow CPR (0.038%) bullish breakout
2026-02-23T19:22:48.858463,CPR,CRUDEOILM,BUY_CE_CPR,5950,193.7617097421579,5963.0,Narrow CPR (0.111%) bullish breakout
2026-02-23T19:22:48.858463,Ghost Zone,CRUDEOILM,BUY_PE_GTZ,5950,180.77327993274653,5963.0,Ghost Zone: Supply retest
2026-02-23T19:23:47.593034,CPR,GOLDM,BUY_CE_CPR,159800,5689.846362825911,159805.0,Narrow CPR (0.058%) bullish breakout
2026-02-23T19:23:47.593034,CPR,SILVERM,BUY_CE_CPR,267000,9862.34991697518,266809.0,Narrow CPR (0.038%) bullish breakout
2026-02-23T19:23:47.593034,CPR,CRUDEOILM,BUY_CE_CPR,5950,193.7617097421579,5963.0,Narrow CPR (0.111%) bullish breakout
2026-02-23T19:23:47.593034,Ghost Zone,CRUDEOILM,BUY_PE_GTZ,5950,180.77327993274653,5963.0,Ghost Zone: Supply retest
2026-02-23T19:24:49.552530,CPR,GOLDM,BUY_CE_CPR,159800,5690.971309150981,159807.0,Narrow CPR (0.058%) bullish breakout
2026-02-23T19:24:49.568390,CPR,SILVERM,BUY_CE_CPR,267000,9909.295945057842,266900.0,Narrow CPR (0.038%) bullish breakout
2026-02-23T19:24:49.568390,CPR,CRUDEOILM,BUY_CE_CPR,5950,193.7617097421579,5963.0,Narrow CPR (0.111%) bullish breakout
2026-02-23T19:24:49.568390,Ghost Zone,CRUDEOILM,BUY_PE_GTZ,5950,180.77327993274653,5963.0,Ghost Zone: Supply retest
2026-02-23T19:25:03.044548,CPR,GOLDM,BUY_CE_CPR,159800,5690.971309150981,159807.0,Narrow CPR (0.058%) bullish breakout
2026-02-23T19:25:03.044548,CPR,SILVERM,BUY_CE_CPR,267000,9909.295945057842,266900.0,Narrow CPR (0.038%) bullish breakout
2026-02-23T19:25:03.044548,CPR,CRUDEOILM,BUY_CE_CPR,5950,193.7617097421579,5963.0,Narrow CPR (0.111%) bullish breakout
2026-02-23T19:25:03.044548,Ghost Zone,CRUDEOILM,BUY_PE_GTZ,5950,180.77327993274653,5963.0,Ghost Zone: Supply retest
2026-02-23T19:25:50.846828,CPR,GOLDM,BUY_CE_CPR,159800,5666.814863834304,159764.0,Narrow CPR (0.058%) bullish breakout
2026-02-23T19:25:50.846828,CPR,SILVERM,BUY_CE_CPR,266500,9864.83179543763,266350.0,Narrow CPR (0.038%) bullish breakout
2026-02-23T19:25:50.846828,CPR,CRUDEOILM,BUY_CE_CPR,5950,193.7617097421579,5963.0,Narrow CPR (0.111%) bullish breakout
2026-02-23T19:25:50.846828,Ghost Zone,CRUDEOILM,BUY_PE_GTZ,5950,180.77327993274653,5963.0,Ghost Zone: Supply retest
2026-02-23T19:26:54.346755,CPR,GOLDM,BUY_CE_CPR,159700,5701.508494689711,159740.0,Narrow CPR (0.058%) bullish breakout
2026-02-23T19:26:54.346755,CPR,SILVERM,BUY_CE_CPR,266500,9873.086867216203,266366.0,Narrow CPR (0.038%) bullish breakout
2026-02-23T19:26:54.346755,CPR,CRUDEOILM,BUY_CE_CPR,5950,193.7617097421579,5963.0,Narrow CPR (0.111%) bullish breakout
2026-02-23T19:26:54.346755,Ghost Zone,CRUDEOILM,BUY_PE_GTZ,5950,180.77327993274653,5963.0,Ghost Zone: Supply retest
2026-02-23T19:27:51.205908,CPR,GOLDM,BUY_CE_CPR,159700,5665.54528741508,159676.0,Narrow CPR (0.058%) bullish breakout
2026-02-23T19:27:51.205908,CPR,SILVERM,BUY_CE_CPR,266000,9813.199452399527,265786.0,Narrow CPR (0.038%) bullish breakout
2026-02-23T19:27:51.205908,CPR,CRUDEOILM,BUY_CE_CPR,5950,193.7617097421579,5963.0,Narrow CPR (0.111%) bullish breakout
2026-02-23T19:27:51.205908,Ghost Zone,CRUDEOILM,BUY_PE_GTZ,5950,180.77327993274653,5963.0,Ghost Zone: Supply retest
2026-02-23T19:28:56.393598,CPR,GOLDM,BUY_CE_CPR,159700,5666.667031446457,159678.0,Narrow CPR (0.058%) bullish breakout
2026-02-23T19:28:56.393598,CPR,SILVERM,BUY_CE_CPR,265500,9998.09211914855,265679.0,Narrow CPR (0.038%) bullish breakout
2026-02-23T19:28:56.393598,CPR,CRUDEOILM,BUY_CE_CPR,5950,193.7617097421579,5963.0,Narrow CPR (0.111%) bullish breakout
2026-02-23T19:28:56.393598,Ghost Zone,CRUDEOILM,BUY_PE_GTZ,5950,180.77327993274653,5963.0,Ghost Zone: Supply retest
2026-02-23T19:30:01.179364,CPR,GOLDM,BUY_CE_CPR,159600,5682.848120372,159621.0,Narrow CPR (0.058%) bullish breakout
2026-02-23T19:30:01.179364,CPR,SILVERM,BUY_CE_CPR,265500,9827.525216622122,265350.0,Narrow CPR (0.038%) bullish breakout
2026-02-23T19:30:01.179364,CPR,CRUDEOILM,BUY_CE_CPR,5950,193.7617097421579,5963.0,Narrow CPR (0.111%) bullish breakout
2026-02-23T19:30:01.179364,Ghost Zone,CRUDEOILM,BUY_PE_GTZ,5950,180.77327993274653,5963.0,Ghost Zone: Supply retest
2026-02-23T19:30:41.919007,CPR,GOLDM,BUY_CE_CPR,159600,5666.0109219976,159591.0,Narrow CPR (0.058%) bullish breakout
2026-02-23T19:30:41.919007,CPR,SILVERM,BUY_CE_CPR,265500,9827.525216622122,265350.0,Narrow CPR (0.038%) bullish breakout
2026-02-23T19:30:41.919007,CPR,CRUDEOILM,BUY_CE_CPR,5950,193.7617097421579,5963.0,Narrow CPR (0.111%) bullish breakout
2026-02-23T19:30:41.919007,Ghost Zone,CRUDEOILM,BUY_PE_GTZ,5950,180.77327993274653,5963.0,Ghost Zone: Supply retest
2026-02-23T19:31:01.341223,CPR,GOLDM,BUY_CE_CPR,159500,5663.72620194387,159501.0,Narrow CPR (0.058%) bullish breakout
2026-02-23T19:31:01.341223,CPR,SILVERM,BUY_CE_CPR,265500,9827.525216622122,265350.0,Narrow CPR (0.038%) bullish breakout
2026-02-23T19:31:01.341223,CPR,CRUDEOILM,BUY_CE_CPR,5950,193.7617097421579,5963.0,Narrow CPR (0.111%) bullish breakout
2026-02-23T19:31:01.341223,Ghost Zone,CRUDEOILM,BUY_PE_GTZ,5950,180.77327993274653,5963.0,Ghost Zone: Supply retest
2026-02-23T19:31:59.802395,CPR,GOLDM,BUY_CE_CPR,159600,5643.608979387295,159551.0,Narrow CPR (0.058%) bullish breakout
2026-02-23T19:31:59.802395,CPR,SILVERM,BUY_CE_CPR,265500,9827.525216622122,265350.0,Narrow CPR (0.038%) bullish breakout
2026-02-23T19:31:59.802395,CPR,CRUDEOILM,BUY_CE_CPR,5950,193.7617097421579,5963.0,Narrow CPR (0.111%) bullish breakout
2026-02-23T19:31:59.802395,Ghost Zone,CRUDEOILM,BUY_PE_GTZ,5950,180.77327993274653,5963.0,Ghost Zone: Supply retest
2026-02-23T19:32:59.301285,CPR,GOLDM,BUY_CE_CPR,159600,5665.450209440629,159590.0,Narrow CPR (0.058%) bullish breakout
2026-02-23T19:32:59.301285,CPR,SILVERM,BUY_CE_CPR,265500,9989.75698293605,265663.0,Narrow CPR (0.038%) bullish breakout
2026-02-23T19:32:59.301285,CPR,CRUDEOILM,BUY_CE_CPR,5950,193.7617097421579,5963.0,Narrow CPR (0.111%) bullish breakout
2026-02-23T19:32:59.301285,Ghost Zone,CRUDEOILM,BUY_PE_GTZ,5950,180.77327993274653,5963.0,Ghost Zone: Supply retest
2026-02-23T19:33:58.726610,CPR,GOLDM,BUY_CE_CPR,159600,5693.5275094012,159640.0,Narrow CPR (0.058%) bullish breakout
2026-02-23T19:33:58.726610,CPR,SILVERM,BUY_CE_CPR,266000,9847.210156860983,265852.0,Narrow CPR (0.038%) bullish breakout
2026-02-23T19:33:58.726610,CPR,CRUDEOILM,BUY_CE_CPR,5950,193.7617097421579,5963.0,Narrow CPR (0.111%) bullish breakout
2026-02-23T19:33:58.726610,Ghost Zone,CRUDEOILM,BUY_PE_GTZ,5950,180.77327993274653,5963.0,Ghost Zone: Supply retest
2026-02-23T19:35:00.392937,CPR,GOLDM,BUY_CE_CPR,159600,5644.168363689249,159552.0,Narrow CPR (0.058%) bullish breakout
2026-02-23T19:35:00.392937,CPR,SILVERM,BUY_CE_CPR,265500,9958.53670740532,265603.0,Narrow CPR (0.038%) bullish breakout
2026-02-23T19:35:00.392937,CPR,CRUDEOILM,BUY_CE_CPR,5950,193.7617097421579,5963.0,Narrow CPR (0.111%) bullish breakout
2026-02-23T19:35:00.392937,Ghost Zone,CRUDEOILM,BUY_PE_GTZ,5950,180.77327993274653,5963.0,Ghost Zone: Supply retest
2026-02-23T19:35:59.684483,CPR,GOLDM,BUY_CE_CPR,159600,5681.724688078254,159619.0,Narrow CPR (0.058%) bullish breakout
2026-02-23T19:35:59.684483,CPR,SILVERM,BUY_CE_CPR,266000,10042.81865602616,266229.0,Narrow CPR (0.038%) bullish breakout
2026-02-23T19:35:59.684483,CPR,CRUDEOILM,BUY_CE_CPR,5950,193.7617097421579,5963.0,Narrow CPR (0.111%) bullish breakout
2026-02-23T19:35:59.684483,Ghost Zone,CRUDEOILM,BUY_PE_GTZ,5950,180.77327993274653,5963.0,Ghost Zone: Supply retest
2026-02-23T19:36:19.289593,CPR,GOLDM,BUY_CE_CPR,159600,5697.465113852751,159647.0,Narrow CPR (0.058%) bullish breakout
2026-02-23T19:36:19.289593,CPR,SILVERM,BUY_CE_CPR,266000,10042.81865602616,266229.0,Narrow CPR (0.038%) bullish breakout
2026-02-23T19:36:19.289593,CPR,CRUDEOILM,BUY_CE_CPR,5950,193.7617097421579,5963.0,Narrow CPR (0.111%) bullish breakout
2026-02-23T19:36:19.289593,Ghost Zone,CRUDEOILM,BUY_PE_GTZ,5950,180.77327993274653,5963.0,Ghost Zone: Supply retest
2026-02-23T19:37:02.950476,CPR,GOLDM,BUY_CE_CPR,159700,5697.005488803859,159732.0,Narrow CPR (0.058%) bullish breakout
2026-02-23T19:37:02.950476,CPR,SILVERM,BUY_CE_CPR,266000,10025.60573901784,266196.0,Narrow CPR (0.038%) bullish breakout
2026-02-23T19:37:02.950476,CPR,CRUDEOILM,BUY_CE_CPR,5950,193.7617097421579,5963.0,Narrow CPR (0.111%) bullish breakout
2026-02-23T19:37:02.950476,Ghost Zone,CRUDEOILM,BUY_PE_GTZ,5950,180.77327993274653,5963.0,Ghost Zone: Supply retest
2026-02-23T19:38:09.974400,CPR,GOLDM,BUY_CE_CPR,159700,5702.07152309462,159741.0,Narrow CPR (0.058%) bullish breakout
2026-02-23T19:38:09.974400,CPR,SILVERM,BUY_CE_CPR,266500,9993.764365210684,266599.0,Narrow CPR (0.038%) bullish breakout
2026-02-23T19:38:09.974400,CPR,CRUDEOILM,BUY_CE_CPR,5950,193.7617097421579,5963.0,Narrow CPR (0.111%) bullish breakout
2026-02-23T19:38:09.974400,Ghost Zone,CRUDEOILM,BUY_PE_GTZ,5950,180.77327993274653,5963.0,Ghost Zone: Supply retest
2026-02-23T19:39:08.983329,CPR,GOLDM,BUY_CE_CPR,159700,5700.382539652625,159738.0,Narrow CPR (0.058%) bullish breakout
2026-02-23T19:39:08.983329,CPR,SILVERM,BUY_CE_CPR,266500,9993.764365210684,266599.0,Narrow CPR (0.038%) bullish breakout
2026-02-23T19:39:08.983329,CPR,CRUDEOILM,BUY_CE_CPR,5950,193.7617097421579,5963.0,Narrow CPR (0.111%) bullish breakout
2026-02-23T19:39:08.983329,Ghost Zone,CRUDEOILM,BUY_PE_GTZ,5950,180.77327993274653,5963.0,Ghost Zone: Supply retest
2026-02-23T19:40:10.293909,CPR,GOLDM,BUY_CE_CPR,159700,5701.508494689711,159740.0,Narrow CPR (0.058%) bullish breakout
2026-02-23T19:40:10.293909,CPR,SILVERM,BUY_CE_CPR,266500,9993.764365210684,266599.0,Narrow CPR (0.038%) bullish breakout
2026-02-23T19:40:10.293909,CPR,CRUDEOILM,BUY_CE_CPR,5950,193.7617097421579,5963.0,Narrow CPR (0.111%) bullish breakout
2026-02-23T19:40:10.293909,Ghost Zone,CRUDEOILM,BUY_PE_GTZ,5950,180.77327993274653,5963.0,Ghost Zone: Supply retest
2026-02-23T19:41:12.465670,CPR,GOLDM,BUY_CE_CPR,159700,5679.015188035514,159700.0,Narrow CPR (0.058%) bullish breakout
2026-02-23T19:41:12.465670,CPR,SILVERM,BUY_CE_CPR,266500,9993.764365210684,266599.0,Narrow CPR (0.038%) bullish breakout
2026-02-23T19:41:12.465670,CPR,CRUDEOILM,BUY_CE_CPR,5950,193.7617097421579,5963.0,Narrow CPR (0.111%) bullish breakout
2026-02-23T19:41:12.465670,Ghost Zone,CRUDEOILM,BUY_PE_GTZ,5950,180.77327993274653,5963.0,Ghost Zone: Supply retest
2026-02-23T19:42:00.422289,CPR,GOLDM,BUY_CE_CPR,159700,5670.594206283253,159685.0,Narrow CPR (0.058%) bullish breakout
2026-02-23T19:42:00.422289,CPR,SILVERM,BUY_CE_CPR,266500,9943.419983623562,266502.0,Narrow CPR (0.038%) bullish breakout
2026-02-23T19:42:00.422289,CPR,CRUDEOILM,BUY_CE_CPR,5950,193.7617097421579,5963.0,Narrow CPR (0.111%) bullish breakout
2026-02-23T19:42:00.422289,Ghost Zone,CRUDEOILM,BUY_PE_GTZ,5950,180.77327993274653,5963.0,Ghost Zone: Supply retest
2026-02-23T19:42:13.234227,CPR,GOLDM,BUY_CE_CPR,159700,5657.696887175533,159662.0,Narrow CPR (0.058%) bullish breakout
2026-02-23T19:42:13.234227,CPR,SILVERM,BUY_CE_CPR,266500,9943.419983623562,266502.0,Narrow CPR (0.038%) bullish breakout
2026-02-23T19:42:13.234227,CPR,CRUDEOILM,BUY_CE_CPR,5950,193.7617097421579,5963.0,Narrow CPR (0.111%) bullish breakout
2026-02-23T19:42:13.234227,Ghost Zone,CRUDEOILM,BUY_PE_GTZ,5950,180.77327993274653,5963.0,Ghost Zone: Supply retest
2026-02-23T19:43:14.449758,CPR,GOLDM,BUY_CE_CPR,159700,5688.005992715909,159716.0,Narrow CPR (0.058%) bullish breakout
2026-02-23T19:43:14.449758,CPR,SILVERM,BUY_CE_CPR,266500,9947.048058257582,266509.0,Narrow CPR (0.038%) bullish breakout
2026-02-23T19:43:14.449758,CPR,CRUDEOILM,BUY_CE_CPR,5950,193.7617097421579,5963.0,Narrow CPR (0.111%) bullish breakout
2026-02-23T19:43:14.449758,Ghost Zone,CRUDEOILM,BUY_PE_GTZ,5950,180.77327993274653,5963.0,Ghost Zone: Supply retest
2026-02-23T19:44:14.362721,CPR,GOLDM,BUY_CE_CPR,159800,5675.234405521057,159779.0,Narrow CPR (0.058%) bullish breakout
2026-02-23T19:44:14.362721,CPR,SILVERM,BUY_CE_CPR,266500,9942.901751069498,266501.0,Narrow CPR (0.038%) bullish breakout
2026-02-23T19:44:14.362721,CPR,CRUDEOILM,BUY_CE_CPR,5950,193.7617097421579,5963.0,Narrow CPR (0.111%) bullish breakout
2026-02-23T19:44:14.362721,Ghost Zone,CRUDEOILM,BUY_PE_GTZ,5950,180.77327993274653,5963.0,Ghost Zone: Supply retest
2026-02-23T19:45:15.626050,CPR,GOLDM,BUY_CE_CPR,159800,5683.099533263587,159793.0,Narrow CPR (0.058%) bullish breakout
2026-02-23T19:45:15.626050,CPR,SILVERM,BUY_CE_CPR,266500,9864.83179543763,266350.0,Narrow CPR (0.038%) bullish breakout
2026-02-23T19:45:15.626050,CPR,CRUDEOILM,BUY_CE_CPR,5950,193.7617097421579,5963.0,Narrow CPR (0.111%) bullish breakout
2026-02-23T19:45:15.626050,Ghost Zone,CRUDEOILM,BUY_PE_GTZ,5950,180.77327993274653,5963.0,Ghost Zone: Supply retest
2026-02-23T19:46:18.350780,CPR,GOLDM,BUY_CE_CPR,159800,5705.607948927816,159833.0,Narrow CPR (0.058%) bullish breakout
2026-02-23T19:46:18.350780,CPR,SILVERM,BUY_CE_CPR,266500,9942.901751069498,266501.0,Narrow CPR (0.038%) bullish breakout
2026-02-23T19:46:18.350780,CPR,CRUDEOILM,BUY_CE_CPR,5950,193.7617097421579,5963.0,Narrow CPR (0.111%) bullish breakout
2026-02-23T19:46:18.350780,Ghost Zone,CRUDEOILM,BUY_PE_GTZ,5950,180.77327993274653,5963.0,Ghost Zone: Supply retest
2026-02-23T19:47:19.086253,CPR,GOLDM,BUY_CE_CPR,159900,5668.698782156273,159853.0,Narrow CPR (0.058%) bullish breakout
2026-02-23T19:47:19.086253,CPR,SILVERM,BUY_CE_CPR,266500,10007.284238093333,266625.0,Narrow CPR (0.038%) bullish breakout
2026-02-23T19:47:19.086253,CPR,CRUDEOILM,BUY_CE_CPR,5950,193.7617097421579,5963.0,Narrow CPR (0.111%) bullish breakout
2026-02-23T19:47:19.086253,Ghost Zone,CRUDEOILM,BUY_PE_GTZ,5950,180.77327993274653,5963.0,Ghost Zone: Supply retest
2026-02-23T19:47:35.330527,CPR,GOLDM,BUY_CE_CPR,159900,5668.698782156273,159853.0,Narrow CPR (0.058%) bullish breakout
2026-02-23T19:47:35.330527,CPR,SILVERM,BUY_CE_CPR,266500,10060.949645796749,266728.0,Narrow CPR (0.038%) bullish breakout
2026-02-23T19:47:35.330527,CPR,CRUDEOILM,BUY_CE_CPR,5950,193.7617097421579,5963.0,Narrow CPR (0.111%) bullish breakout
2026-02-23T19:47:35.330527,Ghost Zone,CRUDEOILM,BUY_PE_GTZ,5950,180.77327993274653,5963.0,Ghost Zone: Supply retest
2026-02-23T19:48:19.677795,CPR,GOLDM,BUY_CE_CPR,159900,5673.7517819335735,159862.0,Narrow CPR (0.058%) bullish breakout
2026-02-23T19:48:19.677795,CPR,SILVERM,BUY_CE_CPR,266500,10007.284238093333,266625.0,Narrow CPR (0.038%) bullish breakout
2026-02-23T19:48:19.677795,CPR,CRUDEOILM,BUY_CE_CPR,5950,193.7617097421579,5963.0,Narrow CPR (0.111%) bullish breakout
2026-02-23T19:48:19.677795,Ghost Zone,CRUDEOILM,BUY_PE_GTZ,5950,180.77327993274653,5963.0,Ghost Zone: Supply retest
2026-02-23T19:49:25.062966,CPR,GOLDM,BUY_CE_CPR,159900,5678.245642262008,159870.0,Narrow CPR (0.058%) bullish breakout
2026-02-23T19:49:25.062966,CPR,SILVERM,BUY_CE_CPR,266500,10007.284238093333,266625.0,Narrow CPR (0.038%) bullish breakout
2026-02-23T19:49:25.062966,CPR,CRUDEOILM,BUY_CE_CPR,5950,193.7617097421579,5963.0,Narrow CPR (0.111%) bullish breakout
2026-02-23T19:49:25.062966,Ghost Zone,CRUDEOILM,BUY_PE_GTZ,5950,180.77327993274653,5963.0,Ghost Zone: Supply retest
2026-02-23T19:50:26.982082,CPR,GOLDM,BUY_CE_CPR,159900,5698.494844158003,159906.0,Narrow CPR (0.058%) bullish breakout
2026-02-23T19:50:26.982082,CPR,SILVERM,BUY_CE_CPR,266500,10007.284238093333,266625.0,Narrow CPR (0.038%) bullish breakout
2026-02-23T19:50:26.982082,CPR,CRUDEOILM,BUY_CE_CPR,5950,193.7617097421579,5963.0,Narrow CPR (0.111%) bullish breakout
2026-02-23T19:50:26.982082,Ghost Zone,CRUDEOILM,BUY_PE_GTZ,5950,180.77327993274653,5963.0,Ghost Zone: Supply retest
2026-02-23T19:51:23.913405,CPR,GOLDM,BUY_CE_CPR,160000,5675.129474378198,159950.0,Narrow CPR (0.058%) bullish breakout
2026-02-23T19:51:23.913405,CPR,SILVERM,BUY_CE_CPR,267000,9883.4850867461,266850.0,Narrow CPR (0.038%) bullish breakout
2026-02-23T19:51:23.913405,CPR,CRUDEOILM,BUY_CE_CPR,5950,193.7617097421579,5963.0,Narrow CPR (0.111%) bullish breakout
2026-02-23T19:51:23.913405,Ghost Zone,CRUDEOILM,BUY_PE_GTZ,5950,180.77327993274653,5963.0,Ghost Zone: Supply retest
2026-02-23T19:52:22.045648,CPR,GOLDM,BUY_CE_CPR,160000,5675.129474378198,159950.0,Narrow CPR (0.058%) bullish breakout
2026-02-23T19:52:22.045648,CPR,SILVERM,BUY_CE_CPR,267000,9935.146640498597,266950.0,Narrow CPR (0.038%) bullish breakout
2026-02-23T19:52:22.045648,CPR,CRUDEOILM,BUY_CE_CPR,5950,193.7617097421579,5963.0,Narrow CPR (0.111%) bullish breakout
2026-02-23T19:52:22.045648,Ghost Zone,CRUDEOILM,BUY_PE_GTZ,5950,180.77327993274653,5963.0,Ghost Zone: Supply retest
2026-02-23T19:53:17.314738,CPR,GOLDM,BUY_CE_CPR,159900,5712.5826011814015,159931.0,Narrow CPR (0.058%) bullish breakout
2026-02-23T19:53:17.314738,CPR,SILVERM,BUY_CE_CPR,267000,9909.295945057842,266900.0,Narrow CPR (0.038%) bullish breakout
2026-02-23T19:53:17.314738,CPR,CRUDEOILM,BUY_CE_CPR,5950,193.7617097421579,5963.0,Narrow CPR (0.111%) bullish breakout
2026-02-23T19:53:17.314738,Ghost Zone,CRUDEOILM,BUY_PE_GTZ,5950,180.77327993274653,5963.0,Ghost Zone: Supply retest
2026-02-23T19:53:24.632117,CPR,GOLDM,BUY_CE_CPR,159900,5712.5826011814015,159931.0,Narrow CPR (0.058%) bullish breakout
2026-02-23T19:53:24.632117,CPR,SILVERM,BUY_CE_CPR,267000,9961.037162115616,267000.0,Narrow CPR (0.038%) bullish breakout
2026-02-23T19:53:24.632117,CPR,CRUDEOILM,BUY_CE_CPR,5950,193.7617097421579,5963.0,Narrow CPR (0.111%) bullish breakout
2026-02-23T19:53:24.632117,Ghost Zone,CRUDEOILM,BUY_PE_GTZ,5950,180.77327993274653,5963.0,Ghost Zone: Supply retest
2026-02-23T19:54:27.174063,CPR,GOLDM,BUY_CE_CPR,159900,5714.838604229088,159935.0,Narrow CPR (0.058%) bullish breakout
2026-02-23T19:54:27.174063,CPR,SILVERM,BUY_CE_CPR,267000,10028.538824679456,267130.0,Narrow CPR (0.038%) bullish breakout
2026-02-23T19:54:27.174063,CPR,CRUDEOILM,BUY_CE_CPR,5950,193.7617097421579,5963.0,Narrow CPR (0.111%) bullish breakout
2026-02-23T19:54:27.174063,Ghost Zone,CRUDEOILM,BUY_PE_GTZ,5950,180.77327993274653,5963.0,Ghost Zone: Supply retest
2026-02-23T19:55:30.205376,CPR,GOLDM,BUY_CE_CPR,159900,5718.22362319038,159941.0,Narrow CPR (0.058%) bullish breakout
2026-02-23T19:55:30.205376,CPR,SILVERM,BUY_CE_CPR,266500,9993.24458537258,266598.0,Narrow CPR (0.038%) bullish breakout
2026-02-23T19:55:30.205376,CPR,CRUDEOILM,BUY_CE_CPR,5950,193.7617097421579,5963.0,Narrow CPR (0.111%) bullish breakout
2026-02-23T19:55:30.205376,Ghost Zone,CRUDEOILM,BUY_PE_GTZ,5950,180.77327993274653,5963.0,Ghost Zone: Supply retest
2026-02-23T19:56:28.845131,CPR,GOLDM,BUY_CE_CPR,160000,5691.998879335049,159980.0,Narrow CPR (0.058%) bullish breakout
2026-02-23T19:56:28.845131,CPR,SILVERM,BUY_CE_CPR,267000,9838.669189036968,266763.0,Narrow CPR (0.038%) bullish breakout
2026-02-23T19:56:28.845131,CPR,CRUDEOILM,BUY_CE_CPR,5950,193.7617097421579,5963.0,Narrow CPR (0.111%) bullish breakout
2026-02-23T19:56:28.845131,Ghost Zone,CRUDEOILM,BUY_PE_GTZ,5950,180.77327993274653,5963.0,Ghost Zone: Supply retest
2026-02-23T19:57:27.651525,CPR,GOLDM,BUY_CE_CPR,160000,5688.622562461373,159974.0,Narrow CPR (0.058%) bullish breakout
2026-02-23T19:57:27.651525,CPR,SILVERM,BUY_CE_CPR,266500,10065.124909184222,266736.0,Narrow CPR (0.038%) bullish breakout
2026-02-23T19:57:27.651525,CPR,CRUDEOILM,BUY_CE_CPR,5950,193.7617097421579,5963.0,Narrow CPR (0.111%) bullish breakout
2026-02-23T19:57:27.651525,Ghost Zone,CRUDEOILM,BUY_PE_GTZ,5950,180.77327993274653,5963.0,Ghost Zone: Supply retest
2026-02-23T19:58:31.202532,CPR,GOLDM,BUY_CE_CPR,160000,5675.129474378198,159950.0,Narrow CPR (0.058%) bullish breakout
2026-02-23T19:58:31.202532,CPR,SILVERM,BUY_CE_CPR,266500,9942.383534471206,266500.0,Narrow CPR (0.038%) bullish breakout
2026-02-23T19:58:31.202532,CPR,CRUDEOILM,BUY_CE_CPR,5950,193.7617097421579,5963.0,Narrow CPR (0.111%) bullish breakout
2026-02-23T19:58:31.202532,Ghost Zone,CRUDEOILM,BUY_PE_GTZ,5950,180.77327993274653,5963.0,Ghost Zone: Supply retest
2026-02-23T19:58:57.142828,CPR,GOLDM,BUY_CE_CPR,159900,5722.738874949465,159949.0,Narrow CPR (0.058%) bullish breakout
2026-02-23T19:58:57.142828,CPR,SILVERM,BUY_CE_CPR,266500,9942.383534471206,266500.0,Narrow CPR (0.038%) bullish breakout
2026-02-23T19:58:57.142828,CPR,CRUDEOILM,BUY_CE_CPR,5950,193.7617097421579,5963.0,Narrow CPR (0.111%) bullish breakout
2026-02-23T19:58:57.142828,Ghost Zone,CRUDEOILM,BUY_PE_GTZ,5950,180.77327993274653,5963.0,Ghost Zone: Supply retest
2026-02-23T19:59:27.567204,CPR,GOLDM,BUY_CE_CPR,159900,5712.5826011814015,159931.0,Narrow CPR (0.058%) bullish breakout
2026-02-23T19:59:27.567204,CPR,SILVERM,BUY_CE_CPR,266500,9988.567284455306,266589.0,Narrow CPR (0.038%) bullish breakout
2026-02-23T19:59:27.567204,CPR,CRUDEOILM,BUY_CE_CPR,5950,193.7617097421579,5963.0,Narrow CPR (0.111%) bullish breakout
2026-02-23T19:59:27.567204,Ghost Zone,CRUDEOILM,BUY_PE_GTZ,5950,180.77327993274653,5963.0,Ghost Zone: Supply retest
2026-02-23T20:00:28.741908,CPR,GOLDM,BUY_CE_CPR,160000,5691.998879335049,159980.0,Narrow CPR (0.058%) bullish breakout
2026-02-23T20:00:28.741908,CPR,SILVERM,BUY_CE_CPR,266500,9988.567284455306,266589.0,Narrow CPR (0.038%) bullish breakout
2026-02-23T20:00:28.741908,CPR,CRUDEOILM,BUY_CE_CPR,5950,193.7617097421579,5963.0,Narrow CPR (0.111%) bullish breakout
2026-02-23T20:00:28.741908,Ghost Zone,CRUDEOILM,BUY_PE_GTZ,5950,180.77327993274653,5963.0,Ghost Zone: Supply retest
2026-02-23T20:01:31.488188,CPR,GOLDM,BUY_CE_CPR,160100,5712.033961092096,160101.0,Narrow CPR (0.058%) bullish breakout
2026-02-23T20:01:31.488188,CPR,SILVERM,BUY_CE_CPR,267000,10064.997285898717,267200.0,Narrow CPR (0.038%) bullish breakout
2026-02-23T20:01:31.488188,CPR,CRUDEOILM,BUY_CE_CPR,5950,193.7617097421579,5963.0,Narrow CPR (0.111%) bullish breakout
2026-02-23T20:01:31.488188,Ghost Zone,CRUDEOILM,BUY_PE_GTZ,5950,180.77327993274653,5963.0,Ghost Zone: Supply retest
2026-02-23T20:02:37.189549,CPR,GOLDM,BUY_CE_CPR,160200,5697.178350239916,160160.0,Narrow CPR (0.058%) bullish breakout
2026-02-23T20:02:37.189549,CPR,SILVERM,BUY_CE_CPR,267500,9979.690789760043,267500.0,Narrow CPR (0.038%) bullish breakout
2026-02-23T20:02:37.189549,CPR,CRUDEOILM,BUY_CE_CPR,5950,193.7617097421579,5963.0,Narrow CPR (0.111%) bullish breakout
2026-02-23T20:02:37.189549,Ghost Zone,CRUDEOILM,BUY_PE_GTZ,5950,180.77327993274653,5963.0,Ghost Zone: Supply retest
2026-02-23T20:03:36.433012,CPR,GOLDM,BUY_CE_CPR,160200,5744.054096195239,160243.0,Narrow CPR (0.058%) bullish breakout
2026-02-23T20:03:36.433012,CPR,SILVERM,BUY_CE_CPR,268000,9946.602903109282,267900.0,Narrow CPR (0.038%) bullish breakout
2026-02-23T20:03:36.433012,CPR,CRUDEOILM,BUY_CE_CPR,5950,193.7617097421579,5963.0,Narrow CPR (0.111%) bullish breakout
2026-02-23T20:03:36.433012,Ghost Zone,CRUDEOILM,BUY_PE_GTZ,5950,180.77327993274653,5963.0,Ghost Zone: Supply retest
2026-02-23T20:04:36.650099,CPR,GOLDM,BUY_CE_CPR,160200,5748.018074612005,160250.0,Narrow CPR (0.058%) bullish breakout
2026-02-23T20:04:36.650099,CPR,SILVERM,BUY_CE_CPR,268000,9998.344417404454,268000.0,Narrow CPR (0.038%) bullish breakout
2026-02-23T20:04:36.650099,CPR,CRUDEOILM,BUY_CE_CPR,5950,193.7617097421579,5963.0,Narrow CPR (0.111%) bullish breakout
2026-02-23T20:04:36.650099,Ghost Zone,CRUDEOILM,BUY_PE_GTZ,5950,180.77327993274653,5963.0,Ghost Zone: Supply retest
2026-02-23T20:04:37.365575,CPR,GOLDM,BUY_CE_CPR,160200,5748.018074612005,160250.0,Narrow CPR (0.058%) bullish breakout
2026-02-23T20:04:37.365575,CPR,SILVERM,BUY_CE_CPR,268000,9998.344417404454,268000.0,Narrow CPR (0.038%) bullish breakout
2026-02-23T20:04:37.365575,CPR,CRUDEOILM,BUY_CE_CPR,5950,193.7617097421579,5963.0,Narrow CPR (0.111%) bullish breakout
2026-02-23T20:04:37.365575,Ghost Zone,CRUDEOILM,BUY_PE_GTZ,5950,180.77327993274653,5963.0,Ghost Zone: Supply retest
2026-02-23T20:05:41.625732,CPR,GOLDM,BUY_CE_CPR,160300,5727.507420843944,160299.0,Narrow CPR (0.058%) bullish breakout
2026-02-23T20:05:41.625732,CPR,SILVERM,BUY_CE_CPR,268000,10007.156256601766,268017.0,Narrow CPR (0.038%) bullish breakout
2026-02-23T20:05:41.625732,CPR,CRUDEOILM,BUY_CE_CPR,5950,193.7617097421579,5963.0,Narrow CPR (0.111%) bullish breakout
2026-02-23T20:05:41.625732,Ghost Zone,CRUDEOILM,BUY_PE_GTZ,5950,180.77327993274653,5963.0,Ghost Zone: Supply retest
2026-02-23T20:06:47.487228,CPR,GOLDM,BUY_CE_CPR,160300,5753.546409003362,160345.0,Narrow CPR (0.058%) bullish breakout
2026-02-23T20:06:47.487228,CPR,SILVERM,BUY_CE_CPR,268000,10050.244597570334,268100.0,Narrow CPR (0.038%) bullish breakout
2026-02-23T20:06:47.487228,CPR,CRUDEOILM,BUY_CE_CPR,5950,193.7617097421579,5963.0,Narrow CPR (0.111%) bullish breakout
2026-02-23T20:06:47.487228,Ghost Zone,CRUDEOILM,BUY_PE_GTZ,5950,180.77327993274653,5963.0,Ghost Zone: Supply retest
2026-02-23T20:07:50.041092,CPR,GOLDM,BUY_CE_CPR,160400,5756.2957127195605,160435.0,Narrow CPR (0.058%) bullish breakout
2026-02-23T20:07:50.041092,CPR,SILVERM,BUY_CE_CPR,268500,10100.634826927166,268661.0,Narrow CPR (0.038%) bullish breakout
2026-02-23T20:07:50.041092,CPR,CRUDEOILM,BUY_CE_CPR,5950,193.7617097421579,5963.0,Narrow CPR (0.111%) bullish breakout
2026-02-23T20:07:50.041092,Ghost Zone,CRUDEOILM,BUY_PE_GTZ,5950,180.77327993274653,5963.0,Ghost Zone: Supply retest
2026-02-23T20:08:58.327534,CPR,GOLDM,BUY_CE_CPR,160500,5725.681547035781,160466.0,Narrow CPR (0.058%) bullish breakout
2026-02-23T20:08:58.327534,CPR,SILVERM,BUY_CE_CPR,269000,9969.96668832637,268873.0,Narrow CPR (0.038%) bullish breakout
2026-02-23T20:08:58.327534,CPR,CRUDEOILM,BUY_CE_CPR,5950,193.7617097421579,5963.0,Narrow CPR (0.111%) bullish breakout
2026-02-23T20:08:58.327534,Ghost Zone,CRUDEOILM,BUY_PE_GTZ,5950,180.77327993274653,5963.0,Ghost Zone: Supply retest
2026-02-23T20:10:02.251319,CPR,GOLDM,BUY_CE_CPR,160500,5733.600387399214,160480.0,Narrow CPR (0.058%) bullish breakout
2026-02-23T20:10:02.251319,CPR,SILVERM,BUY_CE_CPR,269000,10013.900854049503,268958.0,Narrow CPR (0.038%) bullish breakout
2026-02-23T20:10:02.251319,CPR,CRUDEOILM,BUY_CE_CPR,5950,193.7617097421579,5963.0,Narrow CPR (0.111%) bullish breakout
2026-02-23T20:10:02.251319,Ghost Zone,CRUDEOILM,BUY_PE_GTZ,5950,180.77327993274653,5963.0,Ghost Zone: Supply retest
2026-02-23T20:10:18.140857,CPR,GOLDM,BUY_CE_CPR,160500,5743.224955417561,160497.0,Narrow CPR (0.058%) bullish breakout
2026-02-23T20:10:18.140857,CPR,SILVERM,BUY_CE_CPR,269000,10013.900854049503,268958.0,Narrow CPR (0.038%) bullish breakout
2026-02-23T20:10:18.140857,CPR,CRUDEOILM,BUY_CE_CPR,5950,193.7617097421579,5963.0,Narrow CPR (0.111%) bullish breakout
2026-02-23T20:10:18.140857,Ghost Zone,CRUDEOILM,BUY_PE_GTZ,5950,180.77327993274653,5963.0,Ghost Zone: Supply retest
2026-02-23T20:11:04.720782,CPR,GOLDM,BUY_CE_CPR,160500,5736.9961877591,160486.0,Narrow CPR (0.058%) bullish breakout
2026-02-23T20:11:04.720782,CPR,SILVERM,BUY_CE_CPR,269500,10027.897182310444,269449.0,Narrow CPR (0.038%) bullish breakout
2026-02-23T20:11:04.720782,CPR,CRUDEOILM,BUY_CE_CPR,5950,193.7617097421579,5963.0,Narrow CPR (0.111%) bullish breakout
2026-02-23T20:11:04.720782,Ghost Zone,CRUDEOILM,BUY_PE_GTZ,5950,180.77327993274653,5963.0,Ghost Zone: Supply retest
2026-02-23T20:12:09.068066,CPR,GOLDM,BUY_CE_CPR,160400,5754.59454615834,160432.0,Narrow CPR (0.058%) bullish breakout
2026-02-23T20:12:09.068066,CPR,SILVERM,BUY_CE_CPR,269500,10002.56334432312,269400.0,Narrow CPR (0.038%) bullish breakout
2026-02-23T20:12:09.068066,CPR,CRUDEOILM,BUY_CE_CPR,5950,193.7617097421579,5963.0,Narrow CPR (0.111%) bullish breakout
2026-02-23T20:12:09.068066,Ghost Zone,CRUDEOILM,BUY_PE_GTZ,5950,180.77327993274653,5963.0,Ghost Zone: Supply retest
2026-02-23T20:13:12.142379,CPR,GOLDM,BUY_CE_CPR,160500,5755.69465119891,160519.0,Narrow CPR (0.058%) bullish breakout
2026-02-23T20:13:12.142379,CPR,SILVERM,BUY_CE_CPR,269500,10046.015982094455,269484.0,Narrow CPR (0.038%) bullish breakout
2026-02-23T20:13:12.142379,CPR,CRUDEOILM,BUY_CE_CPR,5950,193.7617097421579,5963.0,Narrow CPR (0.111%) bullish breakout
2026-02-23T20:13:12.142379,Ghost Zone,CRUDEOILM,BUY_PE_GTZ,5950,180.77327993274653,5963.0,Ghost Zone: Supply retest
2026-02-23T20:14:19.821422,CPR,GOLDM,BUY_CE_CPR,160600,5743.806639769106,160583.0,Narrow CPR (0.058%) bullish breakout
2026-02-23T20:14:19.821422,CPR,SILVERM,BUY_CE_CPR,269500,9989.13629131883,269374.0,Narrow CPR (0.038%) bullish breakout
2026-02-23T20:14:19.821422,CPR,CRUDEOILM,BUY_CE_CPR,5950,193.7617097421579,5963.0,Narrow CPR (0.111%) bullish breakout
2026-02-23T20:14:19.821422,Ghost Zone,CRUDEOILM,BUY_PE_GTZ,5950,180.77327993274653,5963.0,Ghost Zone: Supply retest
2026-02-23T20:15:25.442875,CPR,GOLDM,BUY_CE_CPR,160700,5756.347938810536,160690.0,Narrow CPR (0.058%) bullish breakout
2026-02-23T20:15:25.442875,CPR,SILVERM,BUY_CE_CPR,268500,10080.337329132564,268622.0,Narrow CPR (0.038%) bullish breakout
2026-02-23T20:15:25.442875,CPR,CRUDEOILM,BUY_CE_CPR,5950,193.7617097421579,5963.0,Narrow CPR (0.111%) bullish breakout
2026-02-23T20:15:25.442875,Ghost Zone,CRUDEOILM,BUY_PE_GTZ,5950,180.77327993274653,5963.0,Ghost Zone: Supply retest
2026-02-23T20:16:06.265420,CPR,GOLDM,BUY_CE_CPR,160700,5785.898191464342,160742.0,Narrow CPR (0.058%) bullish breakout
2026-02-23T20:16:06.265420,CPR,SILVERM,BUY_CE_CPR,269500,10183.828152064578,269749.0,Narrow CPR (0.038%) bullish breakout
2026-02-23T20:16:06.265420,CPR,CRUDEOILM,BUY_CE_CPR,5950,193.7617097421579,5963.0,Narrow CPR (0.111%) bullish breakout
2026-02-23T20:16:06.265420,Ghost Zone,CRUDEOILM,BUY_PE_GTZ,5950,180.77327993274653,5963.0,Ghost Zone: Supply retest
2026-02-23T20:16:30.990966,CPR,GOLDM,BUY_CE_CPR,160800,5751.36147654767,160766.0,Narrow CPR (0.058%) bullish breakout
2026-02-23T20:16:30.990966,CPR,SILVERM,BUY_CE_CPR,269500,10183.828152064578,269749.0,Narrow CPR (0.038%) bullish breakout
2026-02-23T20:16:30.990966,CPR,CRUDEOILM,BUY_CE_CPR,5950,193.7617097421579,5963.0,Narrow CPR (0.111%) bullish breakout
2026-02-23T20:16:30.990966,Ghost Zone,CRUDEOILM,BUY_PE_GTZ,5950,180.77327993274653,5963.0,Ghost Zone: Supply retest
2026-02-23T20:17:37.559471,CPR,GOLDM,BUY_CE_CPR,160700,5762.023672394189,160700.0,Narrow CPR (0.058%) bullish breakout
2026-02-23T20:17:37.559471,CPR,SILVERM,BUY_CE_CPR,269000,10147.953344691468,269216.0,Narrow CPR (0.038%) bullish breakout
2026-02-23T20:17:37.559471,CPR,CRUDEOILM,BUY_CE_CPR,5950,193.7617097421579,5963.0,Narrow CPR (0.111%) bullish breakout
2026-02-23T20:17:37.559471,Ghost Zone,CRUDEOILM,BUY_PE_GTZ,5950,180.77327993274653,5963.0,Ghost Zone: Supply retest
2026-02-23T20:18:40.959842,CPR,GOLDM,BUY_CE_CPR,160700,5775.090525709416,160723.0,Narrow CPR (0.058%) bullish breakout
2026-02-23T20:18:40.959842,CPR,SILVERM,BUY_CE_CPR,269000,10152.648572828082,269225.0,Narrow CPR (0.038%) bullish breakout
2026-02-23T20:18:40.959842,CPR,CRUDEOILM,BUY_CE_CPR,5950,193.7617097421579,5963.0,Narrow CPR (0.111%) bullish breakout
2026-02-23T20:18:40.959842,Ghost Zone,CRUDEOILM,BUY_PE_GTZ,5950,180.77327993274653,5963.0,Ghost Zone: Supply retest
2026-02-23T20:19:42.080092,CPR,GOLDM,BUY_CE_CPR,160700,5758.617831598081,160694.0,Narrow CPR (0.058%) bullish breakout
2026-02-23T20:19:42.080092,CPR,SILVERM,BUY_CE_CPR,268500,10068.898077536573,268600.0,Narrow CPR (0.038%) bullish breakout
2026-02-23T20:19:42.080092,CPR,CRUDEOILM,BUY_CE_CPR,5950,193.7617097421579,5963.0,Narrow CPR (0.111%) bullish breakout
2026-02-23T20:19:42.080092,Ghost Zone,CRUDEOILM,BUY_PE_GTZ,5950,180.77327993274653,5963.0,Ghost Zone: Supply retest
2026-02-23T20:20:47.657640,CPR,GOLDM,BUY_CE_CPR,160600,5754.010328980336,160601.0,Narrow CPR (0.058%) bullish breakout
2026-02-23T20:20:47.657640,CPR,SILVERM,BUY_CE_CPR,268000,10003.52729692314,268010.0,Narrow CPR (0.038%) bullish breakout
2026-02-23T20:20:47.657640,CPR,CRUDEOILM,BUY_CE_CPR,5950,193.7617097421579,5963.0,Narrow CPR (0.111%) bullish breakout
2026-02-23T20:20:47.657640,Ghost Zone,CRUDEOILM,BUY_PE_GTZ,5950,180.77327993274653,5963.0,Ghost Zone: Supply retest
2026-02-23T20:21:53.663826,CPR,GOLDM,BUY_CE_CPR,160700,5764.2949005574565,160704.0,Narrow CPR (0.058%) bullish breakout
2026-02-23T20:21:53.663826,CPR,SILVERM,BUY_CE_CPR,268000,9998.344417404454,268000.0,Narrow CPR (0.038%) bullish breakout
2026-02-23T20:21:53.663826,CPR,CRUDEOILM,BUY_CE_CPR,5950,193.7617097421579,5963.0,Narrow CPR (0.111%) bullish breakout
2026-02-23T20:21:53.663826,Ghost Zone,CRUDEOILM,BUY_PE_GTZ,5950,180.77327993274653,5963.0,Ghost Zone: Supply retest
2026-02-23T20:21:56.148061,CPR,GOLDM,BUY_CE_CPR,160700,5762.023672394189,160700.0,Narrow CPR (0.058%) bullish breakout
2026-02-23T20:21:56.148061,CPR,SILVERM,BUY_CE_CPR,268000,9998.344417404454,268000.0,Narrow CPR (0.038%) bullish breakout
2026-02-23T20:21:56.148061,CPR,CRUDEOILM,BUY_CE_CPR,5950,193.7617097421579,5963.0,Narrow CPR (0.111%) bullish breakout
2026-02-23T20:21:56.148061,Ghost Zone,CRUDEOILM,BUY_PE_GTZ,5950,180.77327993274653,5963.0,Ghost Zone: Supply retest
2026-02-23T20:23:02.680241,CPR,GOLDM,BUY_CE_CPR,160600,5737.576388495793,160572.0,Narrow CPR (0.058%) bullish breakout
2026-02-23T20:23:02.680241,CPR,SILVERM,BUY_CE_CPR,267500,9979.690789760043,267500.0,Narrow CPR (0.038%) bullish breakout
2026-02-23T20:23:02.680241,CPR,CRUDEOILM,BUY_CE_CPR,5950,193.7617097421579,5963.0,Narrow CPR (0.111%) bullish breakout
2026-02-23T20:23:02.680241,Ghost Zone,CRUDEOILM,BUY_PE_GTZ,5950,180.77327993274653,5963.0,Ghost Zone: Supply retest
2026-02-23T20:24:07.542731,CPR,GOLDM,BUY_CE_CPR,160700,5785.329066902178,160741.0,Narrow CPR (0.058%) bullish breakout
2026-02-23T20:24:07.542731,CPR,SILVERM,BUY_CE_CPR,269000,10019.594801463456,268969.0,Narrow CPR (0.038%) bullish breakout
2026-02-23T20:24:07.542731,CPR,CRUDEOILM,BUY_CE_CPR,5950,193.7617097421579,5963.0,Narrow CPR (0.111%) bullish breakout
2026-02-23T20:24:07.542731,Ghost Zone,CRUDEOILM,BUY_PE_GTZ,5950,180.77327993274653,5963.0,Ghost Zone: Supply retest
2026-02-23T20:25:16.973357,CPR,GOLDM,BUY_CE_CPR,160700,5753.511324170451,160685.0,Narrow CPR (0.058%) bullish breakout
2026-02-23T20:25:16.973357,CPR,SILVERM,BUY_CE_CPR,269000,10019.594801463456,268969.0,Narrow CPR (0.038%) bullish breakout
2026-02-23T20:25:16.973357,CPR,CRUDEOILM,BUY_CE_CPR,5950,193.7617097421579,5963.0,Narrow CPR (0.111%) bullish breakout
2026-02-23T20:25:16.973357,Ghost Zone,CRUDEOILM,BUY_PE_GTZ,5950,180.77327993274653,5963.0,Ghost Zone: Supply retest
2026-02-23T20:26:27.310340,CPR,GOLDM,BUY_CE_CPR,160700,5762.023672394189,160700.0,Narrow CPR (0.058%) bullish breakout
2026-02-23T20:26:27.310340,CPR,SILVERM,BUY_CE_CPR,268000,9905.323990039496,267820.0,Narrow CPR (0.038%) bullish breakout
2026-02-23T20:26:27.310340,CPR,CRUDEOILM,BUY_CE_CPR,5950,193.7617097421579,5963.0,Narrow CPR (0.111%) bullish breakout
2026-02-23T20:26:27.310340,Ghost Zone,CRUDEOILM,BUY_PE_GTZ,5950,180.77327993274653,5963.0,Ghost Zone: Supply retest
2026-02-23T20:27:34.227918,CPR,GOLDM,BUY_CE_CPR,160800,5759.305630077156,160780.0,Narrow CPR (0.058%) bullish breakout
2026-02-23T20:27:34.227918,CPR,SILVERM,BUY_CE_CPR,268500,9902.860845651565,268279.0,Narrow CPR (0.038%) bullish breakout
2026-02-23T20:27:34.227918,CPR,CRUDEOILM,BUY_CE_CPR,5950,193.7617097421579,5963.0,Narrow CPR (0.111%) bullish breakout
2026-02-23T20:27:34.227918,Ghost Zone,CRUDEOILM,BUY_PE_GTZ,5950,180.77327993274653,5963.0,Ghost Zone: Supply retest
2026-02-23T20:27:39.269785,CPR,GOLDM,BUY_CE_CPR,160800,5758.737973762696,160779.0,Narrow CPR (0.058%) bullish breakout
2026-02-23T20:27:39.269785,CPR,SILVERM,BUY_CE_CPR,268500,9902.860845651565,268279.0,Narrow CPR (0.038%) bullish breakout
2026-02-23T20:27:39.269785,CPR,CRUDEOILM,BUY_CE_CPR,5950,193.7617097421579,5963.0,Narrow CPR (0.111%) bullish breakout
2026-02-23T20:27:39.269785,Ghost Zone,CRUDEOILM,BUY_PE_GTZ,5950,180.77327993274653,5963.0,Ghost Zone: Supply retest
2026-02-23T20:28:45.059282,CPR,GOLDM,BUY_CE_CPR,160800,5742.857139565582,160751.0,Narrow CPR (0.058%) bullish breakout
2026-02-23T20:28:45.059282,CPR,SILVERM,BUY_CE_CPR,268000,10049.724810666165,268099.0,Narrow CPR (0.038%) bullish breakout
2026-02-23T20:28:45.059282,CPR,CRUDEOILM,BUY_CE_CPR,5950,193.7617097421579,5963.0,Narrow CPR (0.111%) bullish breakout
2026-02-23T20:28:45.059282,Ghost Zone,CRUDEOILM,BUY_PE_GTZ,5950,180.77327993274653,5963.0,Ghost Zone: Supply retest
2026-02-23T20:29:49.215428,CPR,GOLDM,BUY_CE_CPR,160500,5760.233104089571,160527.0,Narrow CPR (0.058%) bullish breakout
2026-02-23T20:29:49.215428,CPR,SILVERM,BUY_CE_CPR,268000,9946.602903109282,267900.0,Narrow CPR (0.038%) bullish breakout
2026-02-23T20:29:49.215428,CPR,CRUDEOILM,BUY_CE_CPR,5950,193.7617097421579,5963.0,Narrow CPR (0.111%) bullish breakout
2026-02-23T20:29:49.215428,Ghost Zone,CRUDEOILM,BUY_PE_GTZ,5950,180.77327993274653,5963.0,Ghost Zone: Supply retest
2026-02-23T20:30:55.319275,CPR,GOLDM,BUY_CE_CPR,160600,5776.155481307736,160640.0,Narrow CPR (0.058%) bullish breakout
2026-02-23T20:30:55.319275,CPR,SILVERM,BUY_CE_CPR,268000,9961.59160241766,267929.0,Narrow CPR (0.038%) bullish breakout
2026-02-23T20:30:55.319275,CPR,CRUDEOILM,BUY_CE_CPR,5950,193.7617097421579,5963.0,Narrow CPR (0.111%) bullish breakout
2026-02-23T20:30:55.319275,Ghost Zone,CRUDEOILM,BUY_PE_GTZ,5950,180.77327993274653,5963.0,Ghost Zone: Supply retest
2026-02-23T20:31:59.641278,CPR,GOLDM,BUY_CE_CPR,160600,5781.273116635414,160649.0,Narrow CPR (0.058%) bullish breakout
2026-02-23T20:31:59.641278,CPR,SILVERM,BUY_CE_CPR,268000,10081.460827939658,268160.0,Narrow CPR (0.038%) bullish breakout
2026-02-23T20:31:59.641278,CPR,CRUDEOILM,BUY_CE_CPR,5950,193.7617097421579,5963.0,Narrow CPR (0.111%) bullish breakout
2026-02-23T20:31:59.641278,Ghost Zone,CRUDEOILM,BUY_PE_GTZ,5950,180.77327993274653,5963.0,Ghost Zone: Supply retest
2026-02-23T20:33:08.120133,CPR,GOLDM,BUY_CE_CPR,160500,5755.127495227784,160518.0,Narrow CPR (0.058%) bullish breakout
2026-02-23T20:33:08.120133,CPR,SILVERM,BUY_CE_CPR,267500,9949.661430185935,267442.0,Narrow CPR (0.038%) bullish breakout
2026-02-23T20:33:08.120133,CPR,CRUDEOILM,BUY_CE_CPR,5950,193.7617097421579,5963.0,Narrow CPR (0.111%) bullish breakout
2026-02-23T20:33:08.120133,Ghost Zone,CRUDEOILM,BUY_PE_GTZ,5950,180.77327993274653,5963.0,Ghost Zone: Supply retest
2026-02-23T20:33:25.087687,CPR,GOLDM,BUY_CE_CPR,160500,5737.562271802374,160487.0,Narrow CPR (0.058%) bullish breakout
2026-02-23T20:33:25.087687,CPR,SILVERM,BUY_CE_CPR,267500,10018.601138227938,267575.0,Narrow CPR (0.038%) bullish breakout
2026-02-23T20:33:25.087687,CPR,CRUDEOILM,BUY_CE_CPR,5950,193.7617097421579,5963.0,Narrow CPR (0.111%) bullish breakout
2026-02-23T20:33:25.087687,Ghost Zone,CRUDEOILM,BUY_PE_GTZ,5950,180.77327993274653,5963.0,Ghost Zone: Supply retest
2026-02-23T20:34:15.990128,CPR,GOLDM,BUY_CE_CPR,160500,5753.993283725304,160516.0,Narrow CPR (0.058%) bullish breakout
2026-02-23T20:34:15.990128,CPR,SILVERM,BUY_CE_CPR,267500,9905.233604827374,267356.0,Narrow CPR (0.038%) bullish breakout
2026-02-23T20:34:15.990128,CPR,CRUDEOILM,BUY_CE_CPR,5950,193.7617097421579,5963.0,Narrow CPR (0.111%) bullish breakout
2026-02-23T20:34:15.990128,Ghost Zone,CRUDEOILM,BUY_PE_GTZ,5950,180.77327993274653,5963.0,Ghost Zone: Supply retest
2026-02-23T20:35:22.060761,CPR,GOLDM,BUY_CE_CPR,160600,5725.128038507404,160550.0,Narrow CPR (0.058%) bullish breakout
2026-02-23T20:35:22.060761,CPR,SILVERM,BUY_CE_CPR,268000,9878.54720150569,267768.0,Narrow CPR (0.038%) bullish breakout
2026-02-23T20:35:22.060761,CPR,CRUDEOILM,BUY_CE_CPR,5950,193.7617097421579,5963.0,Narrow CPR (0.111%) bullish breakout
2026-02-23T20:35:22.060761,Ghost Zone,CRUDEOILM,BUY_PE_GTZ,5950,180.77327993274653,5963.0,Ghost Zone: Supply retest
2026-02-23T20:36:28.045710,CPR,GOLDM,BUY_CE_CPR,160600,5726.824586318507,160553.0,Narrow CPR (0.058%) bullish breakout
2026-02-23T20:36:28.045710,CPR,SILVERM,BUY_CE_CPR,264500,9991.035763519483,264737.0,Narrow CPR (0.038%) bullish breakout
2026-02-23T20:36:28.045710,CPR,CRUDEOILM,BUY_CE_CPR,5950,193.7617097421579,5963.0,Narrow CPR (0.111%) bullish breakout
2026-02-23T20:36:28.045710,Ghost Zone,CRUDEOILM,BUY_PE_GTZ,5950,180.77327993274653,5963.0,Ghost Zone: Supply retest
2026-02-23T20:37:39.885237,CPR,GOLDM,BUY_CE_CPR,160600,5767.632100351632,160625.0,Narrow CPR (0.058%) bullish breakout
2026-02-23T20:37:39.885237,CPR,SILVERM,BUY_CE_CPR,267000,9908.77933745152,266899.0,Narrow CPR (0.038%) bullish breakout
2026-02-23T20:37:39.885237,CPR,CRUDEOILM,BUY_CE_CPR,5950,193.7617097421579,5963.0,Narrow CPR (0.111%) bullish breakout
2026-02-23T20:37:39.885237,Ghost Zone,CRUDEOILM,BUY_PE_GTZ,5950,180.77327993274653,5963.0,Ghost Zone: Supply retest
2026-02-23T20:38:49.195985,CPR,GOLDM,BUY_CE_CPR,160800,5755.900192396718,160774.0,Narrow CPR (0.058%) bullish breakout
2026-02-23T20:38:49.195985,CPR,SILVERM,BUY_CE_CPR,267500,9900.590981329902,267347.0,Narrow CPR (0.038%) bullish breakout
2026-02-23T20:38:49.195985,CPR,CRUDEOILM,BUY_CE_CPR,5950,193.7617097421579,5963.0,Narrow CPR (0.111%) bullish breakout
2026-02-23T20:38:49.195985,Ghost Zone,CRUDEOILM,BUY_PE_GTZ,5950,180.77327993274653,5963.0,Ghost Zone: Supply retest
2026-02-23T20:39:14.851071,CPR,GOLDM,BUY_CE_CPR,160700,5780.777270456388,160733.0,Narrow CPR (0.058%) bullish breakout
2026-02-23T20:39:14.851071,CPR,SILVERM,BUY_CE_CPR,266500,9848.33391650443,266318.0,Narrow CPR (0.038%) bullish breakout
2026-02-23T20:39:14.851071,CPR,CRUDEOILM,BUY_CE_CPR,5950,193.7617097421579,5963.0,Narrow CPR (0.111%) bullish breakout
2026-02-23T20:39:14.851071,Ghost Zone,CRUDEOILM,BUY_PE_GTZ,5950,180.77327993274653,5963.0,Ghost Zone: Supply retest
2026-02-23T20:40:04.219325,CPR,GOLDM,BUY_CE_CPR,160800,5748.525863333412,160761.0,Narrow CPR (0.058%) bullish breakout
2026-02-23T20:40:04.219325,CPR,SILVERM,BUY_CE_CPR,267500,9918.65286656833,267382.0,Narrow CPR (0.038%) bullish breakout
2026-02-23T20:40:04.219325,CPR,CRUDEOILM,BUY_CE_CPR,5950,193.7617097421579,5963.0,Narrow CPR (0.111%) bullish breakout
2026-02-23T20:40:04.219325,Ghost Zone,CRUDEOILM,BUY_PE_GTZ,5950,180.77327993274653,5963.0,Ghost Zone: Supply retest
2026-02-23T20:41:17.428701,CPR,GOLDM,BUY_CE_CPR,160700,5781.915019542513,160735.0,Narrow CPR (0.058%) bullish breakout
2026-02-23T20:41:17.428701,CPR,SILVERM,BUY_CE_CPR,267500,9927.432813206007,267399.0,Narrow CPR (0.038%) bullish breakout
2026-02-23T20:41:17.428701,CPR,CRUDEOILM,BUY_CE_CPR,5950,193.7617097421579,5963.0,Narrow CPR (0.111%) bullish breakout
2026-02-23T20:41:17.428701,Ghost Zone,CRUDEOILM,BUY_PE_GTZ,5950,180.77327993274653,5963.0,Ghost Zone: Supply retest
2026-02-23T20:42:30.403440,CPR,GOLDM,BUY_CE_CPR,160700,5745.006490631368,160670.0,Narrow CPR (0.058%) bullish breakout
2026-02-23T20:42:30.403440,CPR,SILVERM,BUY_CE_CPR,267000,9949.122576465232,266977.0,Narrow CPR (0.038%) bullish breakout
2026-02-23T20:42:30.403440,CPR,CRUDEOILM,BUY_CE_CPR,5950,193.7617097421579,5963.0,Narrow CPR (0.111%) bullish breakout
2026-02-23T20:42:30.403440,Ghost Zone,CRUDEOILM,BUY_PE_GTZ,5950,180.77327993274653,5963.0,Ghost Zone: Supply retest
2026-02-23T20:43:33.704298,CPR,GOLDM,BUY_CE_CPR,160600,5737.010202835921,160571.0,Narrow CPR (0.058%) bullish breakout
2026-02-23T20:43:33.704298,CPR,SILVERM,BUY_CE_CPR,266000,10008.931031989076,266164.0,Narrow CPR (0.038%) bullish breakout
2026-02-23T20:43:33.704298,CPR,CRUDEOILM,BUY_CE_CPR,5950,193.7617097421579,5963.0,Narrow CPR (0.111%) bullish breakout
2026-02-23T20:43:33.704298,Ghost Zone,CRUDEOILM,BUY_PE_GTZ,5950,180.77327993274653,5963.0,Ghost Zone: Supply retest
2026-02-23T20:44:41.030956,CPR,GOLDM,BUY_CE_CPR,160700,5760.888258592838,160698.0,Narrow CPR (0.058%) bullish breakout
2026-02-23T20:44:41.030956,CPR,SILVERM,BUY_CE_CPR,266500,9944.974777019812,266505.0,Narrow CPR (0.038%) bullish breakout
2026-02-23T20:44:41.030956,CPR,CRUDEOILM,BUY_CE_CPR,5950,193.7617097421579,5963.0,Narrow CPR (0.111%) bullish breakout
2026-02-23T20:44:41.030956,Ghost Zone,CRUDEOILM,BUY_PE_GTZ,5950,180.77327993274653,5963.0,Ghost Zone: Supply retest
2026-02-23T20:45:06.346672,CPR,GOLDM,BUY_CE_CPR,160700,5781.915019542513,160735.0,Narrow CPR (0.058%) bullish breakout
2026-02-23T20:45:06.346672,CPR,SILVERM,BUY_CE_CPR,267000,9898.45053177854,266879.0,Narrow CPR (0.038%) bullish breakout
2026-02-23T20:45:06.346672,CPR,CRUDEOILM,BUY_CE_CPR,5950,193.7617097421579,5963.0,Narrow CPR (0.111%) bullish breakout
2026-02-23T20:45:06.346672,Ghost Zone,CRUDEOILM,BUY_PE_GTZ,5950,180.77327993274653,5963.0,Ghost Zone: Supply retest
2026-02-23T20:45:51.463320,CPR,GOLDM,BUY_CE_CPR,160800,5783.177290511656,160822.0,Narrow CPR (0.058%) bullish breakout
2026-02-23T20:45:51.463320,CPR,SILVERM,BUY_CE_CPR,267000,9857.714076361575,266800.0,Narrow CPR (0.038%) bullish breakout
2026-02-23T20:45:51.463320,CPR,CRUDEOILM,BUY_CE_CPR,5950,193.7617097421579,5963.0,Narrow CPR (0.111%) bullish breakout
2026-02-23T20:45:51.463320,Ghost Zone,CRUDEOILM,BUY_PE_GTZ,5950,180.77327993274653,5963.0,Ghost Zone: Supply retest
2026-02-23T20:47:00.678149,CPR,GOLDM,BUY_CE_CPR,160800,5767.824475446522,160795.0,Narrow CPR (0.058%) bullish breakout
2026-02-23T20:47:00.678149,CPR,SILVERM,BUY_CE_CPR,267000,9857.714076361575,266800.0,Narrow CPR (0.038%) bullish breakout
2026-02-23T20:47:00.678149,CPR,CRUDEOILM,BUY_CE_CPR,5950,193.7617097421579,5963.0,Narrow CPR (0.111%) bullish breakout
2026-02-23T20:47:00.678149,Ghost Zone,CRUDEOILM,BUY_PE_GTZ,5950,180.77327993274653,5963.0,Ghost Zone: Supply retest
2026-02-23T20:48:11.756006,CPR,GOLDM,BUY_CE_CPR,160800,5742.290450751892,160750.0,Narrow CPR (0.058%) bullish breakout
2026-02-23T20:48:11.756006,CPR,SILVERM,BUY_CE_CPR,266000,9846.694323127913,265851.0,Narrow CPR (0.038%) bullish breakout
2026-02-23T20:48:11.756006,CPR,CRUDEOILM,BUY_CE_CPR,5950,193.7617097421579,5963.0,Narrow CPR (0.111%) bullish breakout
2026-02-23T20:48:11.756006,Ghost Zone,CRUDEOILM,BUY_PE_GTZ,5950,180.77327993274653,5963.0,Ghost Zone: Supply retest
2026-02-23T20:49:23.727323,CPR,GOLDM,BUY_CE_CPR,160800,5780.901267288646,160818.0,Narrow CPR (0.058%) bullish breakout
2026-02-23T20:49:23.727323,CPR,SILVERM,BUY_CE_CPR,267500,9942.938049543924,267429.0,Narrow CPR (0.038%) bullish breakout
2026-02-23T20:49:23.727323,CPR,CRUDEOILM,BUY_CE_CPR,5950,193.7617097421579,5963.0,Narrow CPR (0.111%) bullish breakout
2026-02-23T20:49:23.727323,Ghost Zone,CRUDEOILM,BUY_PE_GTZ,5950,180.77327993274653,5963.0,Ghost Zone: Supply retest
2026-02-23T20:50:35.271922,CPR,GOLDM,BUY_CE_CPR,160800,5776.350819271005,160810.0,Narrow CPR (0.058%) bullish breakout
2026-02-23T20:50:35.271922,CPR,SILVERM,BUY_CE_CPR,267500,9942.938049543924,267429.0,Narrow CPR (0.038%) bullish breakout
2026-02-23T20:50:35.271922,CPR,CRUDEOILM,BUY_CE_CPR,5950,193.7617097421579,5963.0,Narrow CPR (0.111%) bullish breakout
2026-02-23T20:50:35.271922,Ghost Zone,CRUDEOILM,BUY_PE_GTZ,5950,180.77327993274653,5963.0,Ghost Zone: Supply retest
2026-02-23T20:51:01.973798,CPR,GOLDM,BUY_CE_CPR,160900,5756.638401859848,160860.0,Narrow CPR (0.058%) bullish breakout
2026-02-23T20:51:01.973798,CPR,SILVERM,BUY_CE_CPR,267000,9881.421939369638,266846.0,Narrow CPR (0.038%) bullish breakout
2026-02-23T20:51:01.973798,CPR,CRUDEOILM,BUY_CE_CPR,5950,193.7617097421579,5963.0,Narrow CPR (0.111%) bullish breakout
2026-02-23T20:51:01.973798,Ghost Zone,CRUDEOILM,BUY_PE_GTZ,5950,180.77327993274653,5963.0,Ghost Zone: Supply retest
2026-02-23T20:51:41.319864,CPR,GOLDM,BUY_CE_CPR,161000,5762.538699681167,160955.0,Narrow CPR (0.058%) bullish breakout
2026-02-23T20:51:41.319864,CPR,SILVERM,BUY_CE_CPR,267000,9981.25940916894,267039.0,Narrow CPR (0.038%) bullish breakout
2026-02-23T20:51:41.319864,CPR,CRUDEOILM,BUY_CE_CPR,5950,193.7617097421579,5963.0,Narrow CPR (0.111%) bullish breakout
2026-02-23T20:51:41.319864,Ghost Zone,CRUDEOILM,BUY_PE_GTZ,5950,180.77327993274653,5963.0,Ghost Zone: Supply retest
2026-02-23T20:52:48.571558,CPR,GOLDM,BUY_CE_CPR,160800,5787.730935002693,160830.0,Narrow CPR (0.058%) bullish breakout
2026-02-23T20:52:48.571558,CPR,SILVERM,BUY_CE_CPR,267000,9981.25940916894,267039.0,Narrow CPR (0.038%) bullish breakout
2026-02-23T20:52:48.571558,CPR,CRUDEOILM,BUY_CE_CPR,5950,193.7617097421579,5963.0,Narrow CPR (0.111%) bullish breakout
2026-02-23T20:52:48.571558,Ghost Zone,CRUDEOILM,BUY_PE_GTZ,5950,180.77327993274653,5963.0,Ghost Zone: Supply retest
2026-02-23T20:53:55.123546,CPR,GOLDM,BUY_CE_CPR,160800,5778.056987496228,160813.0,Narrow CPR (0.058%) bullish breakout
2026-02-23T20:53:55.123546,CPR,SILVERM,BUY_CE_CPR,267000,9981.25940916894,267039.0,Narrow CPR (0.038%) bullish breakout
2026-02-23T20:53:55.123546,CPR,CRUDEOILM,BUY_CE_CPR,5950,193.7617097421579,5963.0,Narrow CPR (0.111%) bullish breakout
2026-02-23T20:53:55.123546,Ghost Zone,CRUDEOILM,BUY_PE_GTZ,5950,180.77327993274653,5963.0,Ghost Zone: Supply retest
2026-02-23T20:55:07.350590,CPR,GOLDM,BUY_CE_CPR,160700,5762.591429366722,160701.0,Narrow CPR (0.058%) bullish breakout
2026-02-23T20:55:07.350590,CPR,SILVERM,BUY_CE_CPR,266500,9850.910632059242,266323.0,Narrow CPR (0.038%) bullish breakout
2026-02-23T20:55:07.350590,CPR,CRUDEOILM,BUY_CE_CPR,5950,193.7617097421579,5963.0,Narrow CPR (0.111%) bullish breakout
2026-02-23T20:55:07.350590,Ghost Zone,CRUDEOILM,BUY_PE_GTZ,5950,180.77327993274653,5963.0,Ghost Zone: Supply retest
2026-02-23T20:56:10.521452,CPR,GOLDM,BUY_CE_CPR,160800,5770.6657570916495,160800.0,Narrow CPR (0.058%) bullish breakout
2026-02-23T20:56:10.521452,CPR,SILVERM,BUY_CE_CPR,265500,9982.98770092061,265650.0,Narrow CPR (0.038%) bullish breakout
2026-02-23T20:56:10.521452,CPR,CRUDEOILM,BUY_CE_CPR,5950,193.7617097421579,5963.0,Narrow CPR (0.111%) bullish breakout
2026-02-23T20:56:10.521452,Ghost Zone,CRUDEOILM,BUY_PE_GTZ,5950,180.77327993274653,5963.0,Ghost Zone: Supply retest
2026-02-23T20:56:47.001826,CPR,GOLDM,BUY_CE_CPR,160800,5787.730935002693,160830.0,Narrow CPR (0.058%) bullish breakout
2026-02-23T20:56:47.001826,CPR,SILVERM,BUY_CE_CPR,265500,10019.46960007892,265720.0,Narrow CPR (0.038%) bullish breakout
2026-02-23T20:56:47.001826,CPR,CRUDEOILM,BUY_CE_CPR,5950,193.7617097421579,5963.0,Narrow CPR (0.111%) bullish breakout
2026-02-23T20:56:47.001826,Ghost Zone,CRUDEOILM,BUY_PE_GTZ,5950,180.77327993274653,5963.0,Ghost Zone: Supply retest
2026-02-23T20:57:21.969024,CPR,GOLDM,BUY_CE_CPR,160800,5793.425986158903,160840.0,Narrow CPR (0.058%) bullish breakout
2026-02-23T20:57:21.969024,CPR,SILVERM,BUY_CE_CPR,265500,10019.46960007892,265720.0,Narrow CPR (0.038%) bullish breakout
2026-02-23T20:57:21.969024,CPR,CRUDEOILM,BUY_CE_CPR,5950,193.7617097421579,5963.0,Narrow CPR (0.111%) bullish breakout
2026-02-23T20:57:21.969024,Ghost Zone,CRUDEOILM,BUY_PE_GTZ,5950,180.77327993274653,5963.0,Ghost Zone: Supply retest
2026-02-23T20:58:34.958022,CPR,GOLDM,BUY_CE_CPR,160800,5792.286709708483,160838.0,Narrow CPR (0.058%) bullish breakout
2026-02-23T20:58:34.958022,CPR,SILVERM,BUY_CE_CPR,266500,10057.818867514794,266722.0,Narrow CPR (0.038%) bullish breakout
2026-02-23T20:58:34.958022,CPR,CRUDEOILM,BUY_CE_CPR,5950,193.7617097421579,5963.0,Narrow CPR (0.111%) bullish breakout
2026-02-23T20:58:34.958022,Ghost Zone,CRUDEOILM,BUY_PE_GTZ,5950,180.77327993274653,5963.0,Ghost Zone: Supply retest
2026-02-23T20:59:47.288307,CPR,GOLDM,BUY_CE_CPR,160900,5756.638401859848,160860.0,Narrow CPR (0.058%) bullish breakout
2026-02-23T20:59:47.288307,CPR,SILVERM,BUY_CE_CPR,266500,10057.818867514794,266722.0,Narrow CPR (0.038%) bullish breakout
2026-02-23T20:59:47.288307,CPR,CRUDEOILM,BUY_CE_CPR,5950,193.7617097421579,5963.0,Narrow CPR (0.111%) bullish breakout
2026-02-23T20:59:47.288307,Ghost Zone,CRUDEOILM,BUY_PE_GTZ,5950,180.77327993274653,5963.0,Ghost Zone: Supply retest
2026-02-23T21:00:58.663089,CPR,GOLDM,BUY_CE_CPR,160900,5758.909091904297,160864.0,Narrow CPR (0.058%) bullish breakout
2026-02-23T21:00:58.663089,CPR,SILVERM,BUY_CE_CPR,268500,10016.998045048853,268500.0,Narrow CPR (0.038%) bullish breakout
2026-02-23T21:00:58.663089,CPR,CRUDEOILM,BUY_CE_CPR,5950,193.7617097421579,5963.0,Narrow CPR (0.111%) bullish breakout
2026-02-23T21:00:58.663089,Ghost Zone,CRUDEOILM,BUY_PE_GTZ,5950,180.77327993274653,5963.0,Ghost Zone: Supply retest
2026-02-23T21:02:12.600552,CPR,GOLDM,BUY_CE_CPR,160800,5775.213540328344,160808.0,Narrow CPR (0.058%) bullish breakout
2026-02-23T21:02:12.600552,CPR,SILVERM,BUY_CE_CPR,266500,9933.576293628745,266483.0,Narrow CPR (0.038%) bullish breakout
2026-02-23T21:02:12.600552,CPR,CRUDEOILM,BUY_CE_CPR,5950,193.7617097421579,5963.0,Narrow CPR (0.111%) bullish breakout
2026-02-23T21:02:12.600552,Ghost Zone,CRUDEOILM,BUY_PE_GTZ,5950,180.77327993274653,5963.0,Ghost Zone: Supply retest
2026-02-23T21:02:38.052783,CPR,GOLDM,BUY_CE_CPR,160800,5793.425986158903,160840.0,Narrow CPR (0.058%) bullish breakout
2026-02-23T21:02:38.052783,CPR,SILVERM,BUY_CE_CPR,267000,9857.199062676118,266799.0,Narrow CPR (0.038%) bullish breakout
2026-02-23T21:02:38.052783,CPR,CRUDEOILM,BUY_CE_CPR,5950,193.7617097421579,5963.0,Narrow CPR (0.111%) bullish breakout
2026-02-23T21:02:38.052783,Ghost Zone,CRUDEOILM,BUY_PE_GTZ,5950,180.77327993274653,5963.0,Ghost Zone: Supply retest
2026-02-23T21:03:21.192600,CPR,GOLDM,BUY_CE_CPR,160800,5796.274759534148,160845.0,Narrow CPR (0.058%) bullish breakout
2026-02-23T21:03:21.192600,CPR,SILVERM,BUY_CE_CPR,267000,9857.199062676118,266799.0,Narrow CPR (0.038%) bullish breakout
2026-02-23T21:03:21.192600,CPR,CRUDEOILM,BUY_CE_CPR,5950,193.7617097421579,5963.0,Narrow CPR (0.111%) bullish breakout
2026-02-23T21:03:21.192600,Ghost Zone,CRUDEOILM,BUY_PE_GTZ,5950,180.77327993274653,5963.0,Ghost Zone: Supply retest
2026-02-23T21:04:30.680837,CPR,GOLDM,BUY_CE_CPR,160800,5771.234113387008,160801.0,Narrow CPR (0.058%) bullish breakout
2026-02-23T21:04:30.680837,CPR,SILVERM,BUY_CE_CPR,267000,9857.199062676118,266799.0,Narrow CPR (0.038%) bullish breakout
2026-02-23T21:04:30.680837,CPR,CRUDEOILM,BUY_CE_CPR,5950,193.7617097421579,5963.0,Narrow CPR (0.111%) bullish breakout
2026-02-23T21:04:30.680837,Ghost Zone,CRUDEOILM,BUY_PE_GTZ,5950,180.77327993274653,5963.0,Ghost Zone: Supply retest
2026-02-23T21:05:38.564678,CPR,GOLDM,BUY_CE_CPR,160700,5763.72704344954,160703.0,Narrow CPR (0.058%) bullish breakout
2026-02-23T21:05:38.564678,CPR,SILVERM,BUY_CE_CPR,266500,10018.212004104997,266646.0,Narrow CPR (0.038%) bullish breakout
2026-02-23T21:05:38.564678,CPR,CRUDEOILM,BUY_CE_CPR,5950,193.7617097421579,5963.0,Narrow CPR (0.111%) bullish breakout
2026-02-23T21:05:38.564678,Ghost Zone,CRUDEOILM,BUY_PE_GTZ,5950,180.77327993274653,5963.0,Ghost Zone: Supply retest
2026-02-23T21:06:50.250530,CPR,GOLDM,BUY_CE_CPR,160700,5737.641716522594,160657.0,Narrow CPR (0.058%) bullish breakout
2026-02-23T21:06:50.250530,CPR,SILVERM,BUY_CE_CPR,266500,10018.212004104997,266646.0,Narrow CPR (0.038%) bullish breakout
2026-02-23T21:06:50.250530,CPR,CRUDEOILM,BUY_CE_CPR,5950,193.7617097421579,5963.0,Narrow CPR (0.111%) bullish breakout
2026-02-23T21:06:50.250530,Ghost Zone,CRUDEOILM,BUY_PE_GTZ,5950,180.77327993274653,5963.0,Ghost Zone: Supply retest
2026-02-23T21:08:01.105770,CPR,GOLDM,BUY_CE_CPR,160700,5773.385152623874,160720.0,Narrow CPR (0.058%) bullish breakout
2026-02-23T21:08:01.105770,CPR,SILVERM,BUY_CE_CPR,266500,9942.383534471206,266500.0,Narrow CPR (0.038%) bullish breakout
2026-02-23T21:08:01.105770,CPR,CRUDEOILM,BUY_CE_CPR,5950,193.7617097421579,5963.0,Narrow CPR (0.111%) bullish breakout
2026-02-23T21:08:01.105770,Ghost Zone,CRUDEOILM,BUY_PE_GTZ,5950,180.77327993274653,5963.0,Ghost Zone: Supply retest
2026-02-23T21:08:24.868947,CPR,GOLDM,BUY_CE_CPR,160800,5770.6657570916495,160800.0,Narrow CPR (0.058%) bullish breakout
2026-02-23T21:08:24.868947,CPR,SILVERM,BUY_CE_CPR,266000,9923.72990682681,266000.0,Narrow CPR (0.038%) bullish breakout
2026-02-23T21:08:24.868947,CPR,CRUDEOILM,BUY_CE_CPR,5950,193.7617097421579,5963.0,Narrow CPR (0.111%) bullish breakout
2026-02-23T21:08:24.868947,Ghost Zone,CRUDEOILM,BUY_PE_GTZ,5950,180.77327993274653,5963.0,Ghost Zone: Supply retest
2026-02-23T21:09:13.926326,CPR,GOLDM,BUY_CE_CPR,160800,5771.234113387008,160801.0,Narrow CPR (0.058%) bullish breakout
2026-02-23T21:09:13.926326,CPR,SILVERM,BUY_CE_CPR,266000,9923.72990682681,266000.0,Narrow CPR (0.038%) bullish breakout
2026-02-23T21:09:13.926326,CPR,CRUDEOILM,BUY_CE_CPR,5950,193.7617097421579,5963.0,Narrow CPR (0.111%) bullish breakout
2026-02-23T21:09:13.926326,Ghost Zone,CRUDEOILM,BUY_PE_GTZ,5950,180.77327993274653,5963.0,Ghost Zone: Supply retest
2026-02-23T21:10:29.734736,CPR,GOLDM,BUY_CE_CPR,160800,5787.161612932601,160829.0,Narrow CPR (0.058%) bullish breakout
2026-02-23T21:10:29.734736,CPR,SILVERM,BUY_CE_CPR,266000,9924.248123440062,266001.0,Narrow CPR (0.038%) bullish breakout
2026-02-23T21:10:29.734736,CPR,CRUDEOILM,BUY_CE_CPR,5950,193.7617097421579,5963.0,Narrow CPR (0.111%) bullish breakout
2026-02-23T21:10:29.734736,Ghost Zone,CRUDEOILM,BUY_PE_GTZ,5950,180.77327993274653,5963.0,Ghost Zone: Supply retest
2026-02-23T21:11:39.891138,CPR,GOLDM,BUY_CE_CPR,160900,5778.800350638288,160899.0,Narrow CPR (0.058%) bullish breakout
2026-02-23T21:11:39.891138,CPR,SILVERM,BUY_CE_CPR,266000,9850.305495234656,265858.0,Narrow CPR (0.038%) bullish breakout
2026-02-23T21:11:39.891138,CPR,CRUDEOILM,BUY_CE_CPR,5950,193.7617097421579,5963.0,Narrow CPR (0.111%) bullish breakout
2026-02-23T21:11:39.891138,Ghost Zone,CRUDEOILM,BUY_PE_GTZ,5950,180.77327993274653,5963.0,Ghost Zone: Supply retest
2026-02-23T21:12:53.014214,CPR,GOLDM,BUY_CE_CPR,160800,5799.124364573598,160850.0,Narrow CPR (0.058%) bullish breakout
2026-02-23T21:12:53.014214,CPR,SILVERM,BUY_CE_CPR,265500,9905.076279182398,265500.0,Narrow CPR (0.038%) bullish breakout
2026-02-23T21:12:53.014214,CPR,CRUDEOILM,BUY_CE_CPR,5950,193.7617097421579,5963.0,Narrow CPR (0.111%) bullish breakout
2026-02-23T21:12:53.014214,Ghost Zone,CRUDEOILM,BUY_PE_GTZ,5950,180.77327993274653,5963.0,Ghost Zone: Supply retest
2026-02-23T21:14:06.845896,CPR,GOLDM,BUY_CE_CPR,160900,5754.935734053115,160857.0,Narrow CPR (0.058%) bullish breakout
2026-02-23T21:14:06.845896,CPR,SILVERM,BUY_CE_CPR,265500,9905.076279182398,265500.0,Narrow CPR (0.038%) bullish breakout
2026-02-23T21:14:06.845896,CPR,CRUDEOILM,BUY_CE_CPR,5950,193.7617097421579,5963.0,Narrow CPR (0.111%) bullish breakout
2026-02-23T21:14:06.845896,Ghost Zone,CRUDEOILM,BUY_PE_GTZ,5950,180.77327993274653,5963.0,Ghost Zone: Supply retest
2026-02-23T21:14:18.528957,CPR,GOLDM,BUY_CE_CPR,160900,5773.112973972613,160889.0,Narrow CPR (0.058%) bullish breakout
2026-02-23T21:14:18.528957,CPR,SILVERM,BUY_CE_CPR,264500,9921.74964524009,264604.0,Narrow CPR (0.038%) bullish breakout
2026-02-23T21:14:18.528957,CPR,CRUDEOILM,BUY_CE_CPR,5950,193.7617097421579,5963.0,Narrow CPR (0.111%) bullish breakout
2026-02-23T21:14:18.528957,Ghost Zone,CRUDEOILM,BUY_PE_GTZ,5950,180.77327993274653,5963.0,Ghost Zone: Supply retest
2026-02-23T21:15:22.190183,CPR,GOLDM,BUY_CE_CPR,160900,5785.060306584147,160910.0,Narrow CPR (0.058%) bullish breakout
2026-02-23T21:15:22.190183,CPR,SILVERM,BUY_CE_CPR,265000,9803.199093291492,264839.0,Narrow CPR (0.038%) bullish breakout
2026-02-23T21:15:22.190183,CPR,CRUDEOILM,BUY_CE_CPR,5950,193.7617097421579,5963.0,Narrow CPR (0.111%) bullish breakout
2026-02-23T21:15:22.190183,Ghost Zone,CRUDEOILM,BUY_PE_GTZ,5950,180.77327993274653,5963.0,Ghost Zone: Supply retest
2026-02-23T21:16:35.522590,CPR,GOLDM,BUY_CE_CPR,160900,5751.531297875808,160851.0,Narrow CPR (0.058%) bullish breakout
2026-02-23T21:16:35.522590,CPR,SILVERM,BUY_CE_CPR,264500,9972.253586060677,264701.0,Narrow CPR (0.038%) bullish breakout
2026-02-23T21:16:35.522590,CPR,CRUDEOILM,BUY_CE_CPR,5950,193.7617097421579,5963.0,Narrow CPR (0.111%) bullish breakout
2026-02-23T21:16:35.522590,Ghost Zone,CRUDEOILM,BUY_PE_GTZ,5950,180.77327993274653,5963.0,Ghost Zone: Supply retest
2026-02-23T21:17:43.952984,CPR,GOLDM,BUY_CE_CPR,160800,5776.919508705782,160811.0,Narrow CPR (0.058%) bullish breakout
2026-02-23T21:17:43.952984,CPR,SILVERM,BUY_CE_CPR,265500,9938.274427701012,265564.0,Narrow CPR (0.038%) bullish breakout
2026-02-23T21:17:43.952984,CPR,CRUDEOILM,BUY_CE_CPR,5950,193.7617097421579,5963.0,Narrow CPR (0.111%) bullish breakout
2026-02-23T21:17:43.952984,Ghost Zone,CRUDEOILM,BUY_PE_GTZ,5950,180.77327993274653,5963.0,Ghost Zone: Supply retest
2026-02-23T21:18:57.946879,CPR,GOLDM,BUY_CE_CPR,160900,5758.909091904297,160864.0,Narrow CPR (0.058%) bullish breakout
2026-02-23T21:18:57.946879,CPR,SILVERM,BUY_CE_CPR,265500,9884.878324058263,265461.0,Narrow CPR (0.038%) bullish breakout
2026-02-23T21:18:57.946879,CPR,CRUDEOILM,BUY_CE_CPR,5950,193.7617097421579,5963.0,Narrow CPR (0.111%) bullish breakout
2026-02-23T21:18:57.946879,Ghost Zone,CRUDEOILM,BUY_PE_GTZ,5950,180.77327993274653,5963.0,Ghost Zone: Supply retest
2026-02-23T21:20:08.733399,CPR,GOLDM,BUY_CE_CPR,160900,5790.75466669935,160920.0,Narrow CPR (0.058%) bullish breakout
2026-02-23T21:20:08.733399,CPR,SILVERM,BUY_CE_CPR,265500,9956.977206080726,265600.0,Narrow CPR (0.038%) bullish breakout
2026-02-23T21:20:08.733399,CPR,CRUDEOILM,BUY_CE_CPR,5950,193.7617097421579,5963.0,Narrow CPR (0.111%) bullish breakout
2026-02-23T21:20:08.733399,Ghost Zone,CRUDEOILM,BUY_PE_GTZ,5950,180.77327993274653,5963.0,Ghost Zone: Supply retest
2026-02-23T21:20:12.400709,CPR,GOLDM,BUY_CE_CPR,160900,5790.75466669935,160920.0,Narrow CPR (0.058%) bullish breakout
2026-02-23T21:20:12.400709,CPR,SILVERM,BUY_CE_CPR,265500,9956.977206080726,265600.0,Narrow CPR (0.038%) bullish breakout
2026-02-23T21:20:12.400709,CPR,CRUDEOILM,BUY_CE_CPR,5950,193.7617097421579,5963.0,Narrow CPR (0.111%) bullish breakout
2026-02-23T21:20:12.400709,Ghost Zone,CRUDEOILM,BUY_PE_GTZ,5950,180.77327993274653,5963.0,Ghost Zone: Supply retest
2026-02-23T21:21:20.931325,CPR,GOLDM,BUY_CE_CPR,160900,5803.864306000519,160943.0,Narrow CPR (0.058%) bullish breakout
2026-02-23T21:21:20.931325,CPR,SILVERM,BUY_CE_CPR,265500,9917.517898472115,265524.0,Narrow CPR (0.038%) bullish breakout
2026-02-23T21:21:20.931325,CPR,CRUDEOILM,BUY_CE_CPR,5950,193.7617097421579,5963.0,Narrow CPR (0.111%) bullish breakout
2026-02-23T21:21:20.931325,Ghost Zone,CRUDEOILM,BUY_PE_GTZ,5950,180.77327993274653,5963.0,Ghost Zone: Supply retest
2026-02-23T21:22:36.951164,CPR,GOLDM,BUY_CE_CPR,161000,5815.509871032457,161048.0,Narrow CPR (0.058%) bullish breakout
2026-02-23T21:22:36.951164,CPR,SILVERM,BUY_CE_CPR,265500,9917.517898472115,265524.0,Narrow CPR (0.038%) bullish breakout
2026-02-23T21:22:36.951164,CPR,CRUDEOILM,BUY_CE_CPR,5950,193.7617097421579,5963.0,Narrow CPR (0.111%) bullish breakout
2026-02-23T21:22:36.951164,Ghost Zone,CRUDEOILM,BUY_PE_GTZ,5950,180.77327993274653,5963.0,Ghost Zone: Supply retest
2026-02-23T21:23:44.947058,CPR,GOLDM,BUY_CE_CPR,160900,5805.575554383835,160946.0,Narrow CPR (0.058%) bullish breakout
2026-02-23T21:23:44.947058,CPR,SILVERM,BUY_CE_CPR,265000,9944.56263753074,265112.0,Narrow CPR (0.038%) bullish breakout
2026-02-23T21:23:44.947058,CPR,CRUDEOILM,BUY_CE_CPR,5950,193.7617097421579,5963.0,Narrow CPR (0.111%) bullish breakout
2026-02-23T21:23:44.947058,Ghost Zone,CRUDEOILM,BUY_PE_GTZ,5950,180.77327993274653,5963.0,Ghost Zone: Supply retest
2026-02-23T21:24:56.877817,CPR,GOLDM,BUY_CE_CPR,161000,5775.043579686254,160977.0,Narrow CPR (0.058%) bullish breakout
2026-02-23T21:24:56.877817,CPR,SILVERM,BUY_CE_CPR,265000,9799.074615093525,264831.0,Narrow CPR (0.038%) bullish breakout
2026-02-23T21:24:56.877817,CPR,CRUDEOILM,BUY_CE_CPR,5950,193.7617097421579,5963.0,Narrow CPR (0.111%) bullish breakout
2026-02-23T21:24:56.877817,Ghost Zone,CRUDEOILM,BUY_PE_GTZ,5950,180.77327993274653,5963.0,Ghost Zone: Supply retest
2026-02-23T21:26:06.227406,CPR,GOLDM,BUY_CE_CPR,160900,5786.198912662297,160912.0,Narrow CPR (0.058%) bullish breakout
2026-02-23T21:26:06.227406,CPR,SILVERM,BUY_CE_CPR,265000,9785.162090359772,264804.0,Narrow CPR (0.038%) bullish breakout
2026-02-23T21:26:06.227406,CPR,CRUDEOILM,BUY_CE_CPR,5950,193.7617097421579,5963.0,Narrow CPR (0.111%) bullish breakout
2026-02-23T21:26:06.227406,Ghost Zone,CRUDEOILM,BUY_PE_GTZ,5950,180.77327993274653,5963.0,Ghost Zone: Supply retest
2026-02-23T21:26:09.529558,CPR,GOLDM,BUY_CE_CPR,160900,5786.198912662297,160912.0,Narrow CPR (0.058%) bullish breakout
2026-02-23T21:26:09.529558,CPR,SILVERM,BUY_CE_CPR,265000,9785.162090359772,264804.0,Narrow CPR (0.038%) bullish breakout
2026-02-23T21:26:09.529558,CPR,CRUDEOILM,BUY_CE_CPR,5950,193.7617097421579,5963.0,Narrow CPR (0.111%) bullish breakout
2026-02-23T21:26:09.529558,Ghost Zone,CRUDEOILM,BUY_PE_GTZ,5950,180.77327993274653,5963.0,Ghost Zone: Supply retest
2026-02-23T21:27:22.398524,CPR,GOLDM,BUY_CE_CPR,160900,5754.935734053115,160857.0,Narrow CPR (0.058%) bullish breakout
2026-02-23T21:27:22.398524,CPR,SILVERM,BUY_CE_CPR,263500,9883.402979173776,263602.0,Narrow CPR (0.038%) bullish breakout
2026-02-23T21:27:22.398524,CPR,CRUDEOILM,BUY_CE_CPR,5950,193.7617097421579,5963.0,Narrow CPR (0.111%) bullish breakout
2026-02-23T21:27:22.398524,Ghost Zone,CRUDEOILM,BUY_PE_GTZ,5950,180.77327993274653,5963.0,Ghost Zone: Supply retest
2026-02-23T21:28:38.097471,CPR,GOLDM,BUY_CE_CPR,160900,5779.369271260822,160900.0,Narrow CPR (0.058%) bullish breakout
2026-02-23T21:28:38.097471,CPR,SILVERM,BUY_CE_CPR,264500,9851.194579740311,264468.0,Narrow CPR (0.038%) bullish breakout
2026-02-23T21:28:38.097471,CPR,CRUDEOILM,BUY_CE_CPR,5950,193.7617097421579,5963.0,Narrow CPR (0.111%) bullish breakout
2026-02-23T21:28:38.097471,Ghost Zone,CRUDEOILM,BUY_PE_GTZ,5950,180.77327993274653,5963.0,Ghost Zone: Supply retest
2026-02-23T21:29:50.161354,CPR,GOLDM,BUY_CE_CPR,160900,5782.214373248406,160905.0,Narrow CPR (0.058%) bullish breakout
2026-02-23T21:29:50.161354,CPR,SILVERM,BUY_CE_CPR,264000,9946.30193023429,264187.0,Narrow CPR (0.038%) bullish breakout
2026-02-23T21:29:50.161354,CPR,CRUDEOILM,BUY_CE_CPR,5950,193.7617097421579,5963.0,Narrow CPR (0.111%) bullish breakout
2026-02-23T21:29:50.161354,Ghost Zone,CRUDEOILM,BUY_PE_GTZ,5950,180.77327993274653,5963.0,Ghost Zone: Supply retest
2026-02-23T21:31:04.412470,CPR,GOLDM,BUY_CE_CPR,160800,5799.124364573598,160850.0,Narrow CPR (0.058%) bullish breakout
2026-02-23T21:31:04.412470,CPR,SILVERM,BUY_CE_CPR,264000,9953.079136801922,264200.0,Narrow CPR (0.038%) bullish breakout
2026-02-23T21:31:04.412470,CPR,CRUDEOILM,BUY_CE_CPR,5950,193.7617097421579,5963.0,Narrow CPR (0.111%) bullish breakout
2026-02-23T21:31:04.412470,Ghost Zone,CRUDEOILM,BUY_PE_GTZ,5950,180.77327993274653,5963.0,Ghost Zone: Supply retest
2026-02-23T21:32:50.175145,CPR,GOLDM,BUY_CE_CPR,160800,5772.939382184126,160804.0,Narrow CPR (0.058%) bullish breakout
2026-02-23T21:32:50.175145,CPR,SILVERM,BUY_CE_CPR,264000,9953.079136801922,264200.0,Narrow CPR (0.038%) bullish breakout
2026-02-23T21:32:50.175145,CPR,CRUDEOILM,BUY_CE_CPR,5950,193.7617097421579,5963.0,Narrow CPR (0.111%) bullish breakout
2026-02-23T21:32:50.175145,Ghost Zone,CRUDEOILM,BUY_PE_GTZ,5950,180.77327993274653,5963.0,Ghost Zone: Supply retest
2026-02-23T21:33:10.866191,CPR,GOLDM,BUY_CE_CPR,152800,5272.937832839898,152778.0,Narrow CPR (0.058%) bullish breakout
2026-02-23T21:33:10.866191,CPR,SILVERM,BUY_CE_CPR,264000,9843.416075920124,263989.0,Narrow CPR (0.038%) bullish breakout
2026-02-23T21:33:10.866191,CPR,CRUDEOILM,BUY_CE_CPR,5950,193.7617097421579,5963.0,Narrow CPR (0.111%) bullish breakout
2026-02-23T21:33:10.866191,Ghost Zone,CRUDEOILM,BUY_PE_GTZ,5950,180.77327993274653,5963.0,Ghost Zone: Supply retest
2026-02-23T21:34:22.432937,CPR,GOLDM,BUY_CE_CPR,160500,5772.724892461607,160549.0,Narrow CPR (0.058%) bullish breakout
2026-02-23T21:34:22.432937,CPR,SILVERM,BUY_CE_CPR,263500,9810.263905943351,263461.0,Narrow CPR (0.038%) bullish breakout
2026-02-23T21:34:22.432937,CPR,CRUDEOILM,BUY_CE_CPR,5950,193.7617097421579,5963.0,Narrow CPR (0.111%) bullish breakout
2026-02-23T21:34:22.432937,Ghost Zone,CRUDEOILM,BUY_PE_GTZ,5950,180.77327993274653,5963.0,Ghost Zone: Supply retest
2026-02-23T21:35:28.199720,CPR,GOLDM,BUY_CE_CPR,160400,5737.033497282885,160401.0,Narrow CPR (0.058%) bullish breakout
2026-02-23T21:35:28.199720,CPR,SILVERM,BUY_CE_CPR,263000,9709.519881898705,262802.0,Narrow CPR (0.038%) bullish breakout
2026-02-23T21:35:28.199720,CPR,CRUDEOILM,BUY_CE_CPR,5950,193.7617097421579,5963.0,Narrow CPR (0.111%) bullish breakout
2026-02-23T21:35:28.199720,Ghost Zone,CRUDEOILM,BUY_PE_GTZ,5950,180.77327993274653,5963.0,Ghost Zone: Supply retest
2026-02-23T21:36:34.566633,CPR,GOLDM,BUY_CE_CPR,160600,5761.954022548097,160615.0,Narrow CPR (0.058%) bullish breakout
2026-02-23T21:36:34.566633,CPR,SILVERM,BUY_CE_CPR,262500,9879.40026341652,262666.0,Narrow CPR (0.038%) bullish breakout
2026-02-23T21:36:34.566633,CPR,CRUDEOILM,BUY_CE_CPR,5950,193.7617097421579,5963.0,Narrow CPR (0.111%) bullish breakout
2026-02-23T21:36:34.566633,Ghost Zone,CRUDEOILM,BUY_PE_GTZ,5950,180.77327993274653,5963.0,Ghost Zone: Supply retest
2026-02-23T21:37:42.948115,CPR,GOLDM,BUY_CE_CPR,160800,5784.315501893183,160824.0,Narrow CPR (0.058%) bullish breakout
2026-02-23T21:37:42.948115,CPR,SILVERM,BUY_CE_CPR,264000,9967.163560902323,264227.0,Narrow CPR (0.038%) bullish breakout
2026-02-23T21:37:42.948115,CPR,CRUDEOILM,BUY_CE_CPR,5950,193.7617097421579,5963.0,Narrow CPR (0.111%) bullish breakout
2026-02-23T21:37:42.948115,Ghost Zone,CRUDEOILM,BUY_PE_GTZ,5950,180.77327993274653,5963.0,Ghost Zone: Supply retest
