timestamp,strategy,symbol,type,strike,premium,delta,gamma,theta,spot,dte,reason,target,sl
2026-02-18T09:34:37.710830,CPR,NIFTY,BUY_CE_CPR,25750.0,133.10316779107234,0.4865593825333227,0.0011356427126502,-37.20199806658641,25726.6,2,Narrow CPR (0.173%) bullish breakout above TC=25493,239.58570202393025,53.241267116428936
2026-02-18T09:34:37.710830,Ghost Zone,NIFTY,BUY_CE_GTZ,25750.0,133.10316779107234,0.4865593825333227,0.0011356427126502,-37.20199806658641,25726.6,2,Ghost Zone: Demand zone retest 25444 bounce=0.10x strength=4,173.03411812839406,53.241267116428936
2026-02-18T09:34:37.710830,Survivor,NIFTY,SELL_PE,25588.376785714285,78.18479446003585,-0.3344429445919522,0.0010369798039602,-33.502263627177385,25726.6,2,Survivor: PE sell at 25588 dist=138 gap=70 res=25630,15.63695889200717,117.27719169005375
2026-02-18T09:34:37.710830,CPR,BANKNIFTY,BUY_CE_CPR,61200.0,362.2396324811707,0.5178958304198514,0.0004598993523038,-91.92300349550166,61210.95,2,Narrow CPR (0.178%) bullish breakout above TC=60240,652.0313384661073,144.8958529924683
2026-02-18T09:34:37.710830,Survivor,BANKNIFTY,SELL_PE,60873.23214285714,194.3968071448071,-0.3361375875216109,0.0004209602136358,-82.73037194551887,61210.95,2,Survivor: PE sell at 60873 dist=338 gap=135 res=60622,38.879361428961424,291.59521071721065
2026-02-18T09:34:37.710830,CPR,SENSEX,BUY_CE_CPR,83400.0,480.2241083265835,0.5266956527595621,0.0003561073250955,-118.97301341268675,83437.64,2,Narrow CPR (0.146%) bullish breakout above TC=82687,864.4033949878503,192.0896433306334
2026-02-18T09:34:37.710830,Ghost Zone,SENSEX,BUY_CE_GTZ,83400.0,480.2241083265835,0.5266956527595621,0.0003561073250955,-118.97301341268675,83437.64,2,Ghost Zone: Demand zone retest 82535 bounce=0.09x strength=2,624.2913408245586,192.0896433306334
2026-02-18T09:34:37.710830,Survivor,SENSEX,SELL_PE,82981.16142857143,243.2321636506931,-0.3289601732976715,0.0003235794101981,-106.0034340978031,83437.64,2,Survivor: PE sell at 82981 dist=456 gap=183 res=83080,48.64643273013863,364.84824547603966
2026-02-18T09:40:03.524836,CPR,NIFTY,BUY_CE_CPR,25750.0,140.27220221931202,0.5021852676738712,0.0011326612055336,-37.40447317439846,25740.35,2,Narrow CPR (0.173%) bullish breakout above TC=25493,252.48996399476164,56.10888088772481
2026-02-18T09:40:03.524836,Survivor,NIFTY,SELL_PE,25604.34107142857,79.34574604682894,-0.3372238597094569,0.0010370324484924,-33.72165993082889,25740.35,2,Survivor: PE sell at 25604 dist=136 gap=70 res=25630,15.869149209365789,119.0186190702434
2026-02-18T09:40:03.524836,CPR,BANKNIFTY,BUY_CE_CPR,61250.0,353.21095768359737,0.5083404739015733,0.0004582831564457,-92.264300330311,61240.2,2,Narrow CPR (0.178%) bullish breakout above TC=60240,635.7797238304753,141.28438307343896
2026-02-18T09:40:03.524836,Survivor,BANKNIFTY,SELL_PE,60908.58214285714,197.85245510575987,-0.339352676956894,0.00042069679976,-83.40190352840021,61240.2,2,Survivor: PE sell at 60909 dist=332 gap=133 res=60622,39.57049102115198,296.7786826586398
2026-02-18T09:40:03.524836,CPR,SENSEX,BUY_CE_CPR,83400.0,485.5973666796417,0.530054012877192,0.0003555660314377,-119.05841272904904,83447.13,2,Narrow CPR (0.146%) bullish breakout above TC=82687,874.0752600233551,194.2389466718567
2026-02-18T09:40:03.524836,Survivor,SENSEX,SELL_PE,82999.58071428572,246.5975547417329,-0.3320103209691999,0.0003244773867086,-106.5171486721772,83447.13,2,Survivor: PE sell at 83000 dist=448 gap=179 res=83080,49.31951094834658,369.89633211259934
2026-02-18T09:45:30.462553,CPR,NIFTY,BUY_CE_CPR,25750.0,141.23675213302522,0.5042244659414539,0.0011320619183845,-37.42951976533109,25742.15,2,Narrow CPR (0.173%) bullish breakout above TC=25493,254.2261538394454,56.49470085321009
2026-02-18T09:45:30.462553,Ghost Zone,NIFTY,BUY_CE_GTZ,25750.0,141.23675213302522,0.5042244659414539,0.0011320619183845,-37.42951976533109,25742.15,2,Ghost Zone: Demand zone retest 25444 bounce=0.16x strength=4,183.6077777729328,56.49470085321009
2026-02-18T09:45:30.462553,Survivor,NIFTY,SELL_PE,25603.926785714288,78.65323499999795,-0.3349912651972108,0.0010338456226646,-33.643895915192765,25742.15,2,Survivor: PE sell at 25604 dist=138 gap=70 res=25630,15.73064699999959,117.97985249999692
2026-02-18T09:45:30.462553,CPR,BANKNIFTY,BUY_CE_CPR,61300.0,354.9292409082045,0.5075991431518793,0.0004550063638818,-92.89175879123223,61288.6,2,Narrow CPR (0.178%) bullish breakout above TC=60240,638.8726336347681,141.9716963632818
2026-02-18T09:45:30.462553,Survivor,BANKNIFTY,SELL_PE,60949.53928571429,197.59534480241564,-0.3372770153122062,0.0004166857191285,-83.76911042655308,61288.6,2,Survivor: PE sell at 60950 dist=339 gap=136 res=60622,39.51906896048313,296.39301720362346
2026-02-18T09:45:30.462553,CPR,SENSEX,BUY_CE_CPR,83500.0,442.6497150798241,0.4996479509475052,0.0003561546072111,-119.06497291946678,83461.76,2,Narrow CPR (0.146%) bullish breakout above TC=82687,796.7694871436834,177.05988603192964
2026-02-18T09:45:30.462553,Ghost Zone,SENSEX,BUY_CE_GTZ,83500.0,442.6497150798241,0.4996479509475052,0.0003561546072111,-119.06497291946678,83461.76,2,Ghost Zone: Demand zone retest 82535 bounce=0.12x strength=2,575.4446296037713,177.05988603192964
2026-02-18T09:45:30.462553,Survivor,SENSEX,SELL_PE,83005.28142857143,244.08338351358543,-0.3292854786453507,0.0003230261380312,-106.26352271712902,83461.76,2,Survivor: PE sell at 83005 dist=456 gap=183 res=83080,48.81667670271709,366.12507527037815
2026-02-18T09:51:01.260806,CPR,NIFTY,BUY_CE_CPR,25700.0,153.23943846425755,0.5327703517000898,0.001135300288431,-37.22335430123363,25717.25,2,Narrow CPR (0.173%) bullish breakout above TC=25493,275.8309892356636,61.295775385703024
2026-02-18T09:51:01.260806,Survivor,NIFTY,SELL_PE,25581.24107142857,78.61819683204703,-0.336382692663183,0.00104194208334,-33.502673993669475,25717.25,2,Survivor: PE sell at 25581 dist=136 gap=70 res=25630,15.723639366409408,117.92729524807056
2026-02-18T09:51:01.260806,CPR,BANKNIFTY,BUY_CE_CPR,61250.0,354.93757910214845,0.5098985792074211,0.0004582225775093,-92.27726511854058,61243.6,2,Narrow CPR (0.178%) bullish breakout above TC=60240,638.8876423838673,141.97503164085938
2026-02-18T09:51:01.260806,Survivor,BANKNIFTY,SELL_PE,60911.982142857145,197.86575574917515,-0.3393586141110448,0.0004206815841029,-83.40612779434414,61243.6,2,Survivor: PE sell at 60912 dist=332 gap=133 res=60622,39.57315114983504,296.7986336237627
2026-02-18T09:51:01.260806,CPR,SENSEX,BUY_CE_CPR,83400.0,474.8203397304024,0.5231017892216109,0.0003564331819491,-118.94330512726684,83427.54,2,Narrow CPR (0.146%) bullish breakout above TC=82687,854.6766115147242,189.92813589216087
2026-02-18T09:51:01.260806,Survivor,SENSEX,SELL_PE,82979.99071428571,246.0836535461749,-0.3318175332216347,0.0003248151795332,-106.360618863512,83427.54,2,Survivor: PE sell at 82980 dist=448 gap=179 res=83080,49.21673070923498,369.1254803192624
2026-02-18T09:56:32.184393,CPR,NIFTY,BUY_CE_CPR,25700.0,132.0690751838356,0.4874321511296564,0.0011478845840624,-36.83363650009075,25677.55,2,Narrow CPR (0.173%) bullish breakout above TC=25493,237.72433533090407,52.82763007353424
2026-02-18T09:56:32.184393,Ghost Zone,NIFTY,BUY_CE_GTZ,25700.0,132.0690751838356,0.4874321511296564,0.0011478845840624,-36.83363650009075,25677.55,2,Ghost Zone: Demand zone retest 25444 bounce=0.00x strength=4,171.68979773898627,52.82763007353424
2026-02-18T09:56:32.184393,Survivor,NIFTY,SELL_PE,25538.582142857143,76.58595462343146,-0.3320601618146902,0.0010451272304138,-33.06043843781929,25677.55,2,Survivor: PE sell at 25539 dist=139 gap=70 res=25630,15.317190924686294,114.8789319351472
2026-02-18T09:56:32.184393,CPR,BANKNIFTY,BUY_CE_CPR,61200.0,354.6389719388317,0.5115315306786907,0.0004609039952743,-91.7670560802081,61197.1,2,Narrow CPR (0.178%) bullish breakout above TC=60240,638.350149489897,141.85558877553268
2026-02-18T09:56:32.184393,Survivor,BANKNIFTY,SELL_PE,60858.03928571429,193.4376395514664,-0.3353322077198903,0.0004212366041087,-82.5208986720177,61197.1,2,Survivor: PE sell at 60858 dist=339 gap=136 res=60622,38.68752791029328,290.1564593271996
2026-02-18T09:56:32.184393,CPR,SENSEX,BUY_CE_CPR,83300.0,438.8837135563008,0.5011974226986438,0.0003609906937815,-117.57367573643508,83266.32,2,Narrow CPR (0.146%) bullish breakout above TC=82687,789.9906844013415,175.55348542252034
2026-02-18T09:56:32.184393,Ghost Zone,SENSEX,BUY_CE_GTZ,83300.0,438.8837135563008,0.5011974226986438,0.0003609906937815,-117.57367573643508,83266.32,2,Ghost Zone: Demand zone retest 82535 bounce=0.00x strength=2,570.5488276231911,175.55348542252034
2026-02-18T09:56:32.184393,Survivor,SENSEX,SELL_PE,82806.64392857143,237.6198245653068,-0.326148818050351,0.0003261472154868,-104.45985438914444,83266.32,2,Survivor: PE sell at 82807 dist=460 gap=184 res=83080,47.52396491306136,356.42973684796016
2026-02-18T10:02:07.870332,CPR,NIFTY,BUY_CE_CPR,25650.0,148.622042793093,0.5264583319909224,0.0011497904202727,-36.83247972841991,25661.5,2,Narrow CPR (0.173%) bullish breakout above TC=25493,267.5196770275674,59.4488171172372
2026-02-18T10:02:07.870332,Ghost Zone,NIFTY,BUY_CE_GTZ,25650.0,148.622042793093,0.5264583319909224,0.0011497904202727,-36.83247972841991,25661.5,2,Ghost Zone: Demand zone retest 25444 bounce=0.01x strength=4,193.2086556310209,59.4488171172372
2026-02-18T10:02:07.870332,CPR,BANKNIFTY,BUY_CE_CPR,61200.0,347.49975810279284,0.5055379162900459,0.0004618572356773,-91.57918175783144,61184.1,2,Narrow CPR (0.178%) bullish breakout above TC=60240,625.4995645850271,138.99990324111715
2026-02-18T10:02:07.870332,Survivor,BANKNIFTY,SELL_PE,60852.482142857145,195.43268959987472,-0.3382347747140197,0.0004233878087618,-82.67871446350225,61184.1,2,Survivor: PE sell at 60852 dist=332 gap=133 res=60622,39.086537919974944,293.1490343998121
2026-02-18T10:02:07.870332,CPR,SENSEX,BUY_CE_CPR,83200.0,478.69125807755336,0.529706958410533,0.0003603730351732,-117.5656067021347,83245.3,2,Narrow CPR (0.146%) bullish breakout above TC=82687,861.6442645395961,191.47650323102133
2026-02-18T10:02:07.870332,Ghost Zone,SENSEX,BUY_CE_GTZ,83200.0,478.69125807755336,0.529706958410533,0.0003603730351732,-117.5656067021347,83245.3,2,Ghost Zone: Demand zone retest 82535 bounce=-0.01x strength=2,622.2986355008194,191.47650323102133
2026-02-18T10:07:35.252745,CPR,NIFTY,BUY_CE_CPR,25650.0,154.3758023719256,0.5382846494973209,0.00114452760447,-36.87804931206757,25671.85,2,Narrow CPR (0.173%) bullish breakout above TC=25493,277.8764442694661,61.750320948770245
2026-02-18T10:07:35.252745,Ghost Zone,NIFTY,BUY_CE_GTZ,25650.0,154.3758023719256,0.5382846494973209,0.00114452760447,-36.87804931206757,25671.85,2,Ghost Zone: Demand zone retest 25444 bounce=0.08x strength=4,200.68854308350328,61.750320948770245
2026-02-18T10:07:35.252745,Survivor,NIFTY,SELL_PE,25531.930357142857,76.1161522975217,-0.3308786916694179,0.0010448913591023,-32.97233602364343,25671.85,2,Survivor: PE sell at 25532 dist=140 gap=70 res=25630,15.22323045950434,114.17422844628254
2026-02-18T10:07:35.252745,CPR,BANKNIFTY,BUY_CE_CPR,61250.0,355.6414355235138,0.5104006672722982,0.0004580113906856,-92.3171672643265,61244.7,2,Narrow CPR (0.178%) bullish breakout above TC=60240,640.1545839423248,142.25657420940553
2026-02-18T10:07:35.252745,Survivor,BANKNIFTY,SELL_PE,60905.639285714286,195.44992160427137,-0.3362797633716099,0.000419021656628,-83.12593224724576,61244.7,2,Survivor: PE sell at 60906 dist=339 gap=136 res=60622,39.08998432085428,293.17488240640705
2026-02-18T10:07:35.252745,CPR,SENSEX,BUY_CE_CPR,83300.0,435.9846861159604,0.4991921492300402,0.0003611163483313,-117.5061524595884,83260.77,2,Narrow CPR (0.146%) bullish breakout above TC=82687,784.7724350087286,174.39387444638416
2026-02-18T10:07:35.252745,Ghost Zone,SENSEX,BUY_CE_GTZ,83300.0,435.9846861159604,0.4991921492300402,0.0003611163483313,-117.5061524595884,83260.77,2,Ghost Zone: Demand zone retest 82535 bounce=0.08x strength=2,566.7800919507484,174.39387444638416
2026-02-18T10:07:35.252745,Survivor,SENSEX,SELL_PE,82798.185,236.5219792681092,-0.325141082579801,0.0003258476581366,-104.28419462259212,83260.77,2,Survivor: PE sell at 82798 dist=463 gap=185 res=83080,47.30439585362183,354.7829689021637
2026-02-18T10:13:07.407559,CPR,NIFTY,BUY_CE_CPR,25650.0,154.18337291361968,0.5378214601073222,0.0011444836574553,-36.88492726659889,25671.45,2,Narrow CPR (0.173%) bullish breakout above TC=25493,277.53007124451545,61.673349165447874
2026-02-18T10:13:07.407559,Ghost Zone,NIFTY,BUY_CE_GTZ,25650.0,154.18337291361968,0.5378214601073222,0.0011444836574553,-36.88492726659889,25671.45,2,Ghost Zone: Demand zone retest 25444 bounce=0.08x strength=4,200.4383847877056,61.673349165447874
2026-02-18T10:13:07.407559,Survivor,NIFTY,SELL_PE,25531.53035714286,76.13504107783592,-0.3309018226584655,0.0010447639851056,-32.97801100471167,25671.45,2,Survivor: PE sell at 25532 dist=140 gap=70 res=25630,15.227008215567183,114.20256161675388
2026-02-18T10:13:07.407559,CPR,BANKNIFTY,BUY_CE_CPR,61250.0,361.5053793181105,0.5150069822192352,0.0004568652986561,-92.5210490872571,61254.8,2,Narrow CPR (0.178%) bullish breakout above TC=60240,650.709682772599,144.6021517272442
2026-02-18T10:13:07.407559,Survivor,BANKNIFTY,SELL_PE,60915.73928571429,196.1287780118946,-0.3365969823270255,0.0004182804298631,-83.32928633669513,61254.8,2,Survivor: PE sell at 60916 dist=339 gap=136 res=60622,39.225755602378925,294.1931670178419
2026-02-18T10:13:07.407559,CPR,SENSEX,BUY_CE_CPR,83300.0,433.6071830576111,0.4975471046035574,0.0003612200917642,-117.44642413037047,83256.22,2,Narrow CPR (0.146%) bullish breakout above TC=82687,780.4929295037,173.44287322304444
2026-02-18T10:13:07.407559,Ghost Zone,SENSEX,BUY_CE_GTZ,83300.0,433.6071830576111,0.4975471046035574,0.0003612200917642,-117.44642413037047,83256.22,2,Ghost Zone: Demand zone retest 82535 bounce=0.08x strength=2,563.6893379748944,173.44287322304444
2026-02-18T10:13:07.407559,Survivor,SENSEX,SELL_PE,82793.63500000001,236.4015366981876,-0.3250932740653012,0.0003259271334733,-104.24698653445802,83256.22,2,Survivor: PE sell at 82794 dist=463 gap=185 res=83080,47.28030733963752,354.60230504728133
2026-02-18T10:18:32.934147,CPR,NIFTY,BUY_CE_CPR,25650.0,146.64520680242458,0.5222068606167548,0.0011510131089797,-36.82134269784277,25657.8,2,Narrow CPR (0.173%) bullish breakout above TC=25493,263.96137224436427,58.65808272096984
2026-02-18T10:18:32.934147,Ghost Zone,NIFTY,BUY_CE_GTZ,25650.0,146.64520680242458,0.5222068606167548,0.0011510131089797,-36.82134269784277,25657.8,2,Ghost Zone: Demand zone retest 25444 bounce=0.04x strength=4,190.63876884315195,58.65808272096984
2026-02-18T10:18:32.934147,Survivor,NIFTY,SELL_PE,25517.714285714286,75.73761990315325,-0.3303101644175562,0.0010468733007337,-32.86618006729949,25657.8,2,Survivor: PE sell at 25518 dist=140 gap=70 res=25630,15.14752398063065,113.60642985472988
2026-02-18T10:18:32.934147,CPR,BANKNIFTY,BUY_CE_CPR,61200.0,369.8697751022046,0.5240695644048817,0.0004586303484555,-92.08801221090012,61224.45,2,Narrow CPR (0.178%) bullish breakout above TC=60240,665.7655951839682,147.94791004088185
2026-02-18T10:18:32.934147,Survivor,BANKNIFTY,SELL_PE,60885.389285714286,194.5535838806063,-0.3358591532705708,0.0004200053505311,-82.85665782177273,61224.45,2,Survivor: PE sell at 60885 dist=339 gap=136 res=60622,38.91071677612126,291.83037582090947
2026-02-18T10:18:32.934147,CPR,SENSEX,BUY_CE_CPR,83200.0,461.6869674301779,0.5185458829576195,0.0003617417265592,-117.3565970553237,83214.3,2,Narrow CPR (0.146%) bullish breakout above TC=82687,831.0365413743202,184.6747869720712
2026-02-18T10:18:32.934147,Ghost Zone,SENSEX,BUY_CE_GTZ,83200.0,461.6869674301779,0.5185458829576195,0.0003617417265592,-117.3565970553237,83214.3,2,Ghost Zone: Demand zone retest 82535 bounce=0.05x strength=2,600.1930576592313,184.6747869720712
2026-02-18T10:18:32.934147,Survivor,SENSEX,SELL_PE,82751.24035714286,235.25503790414223,-0.324543428744565,0.0003265180296545,-103.91872113791992,83214.3,2,Survivor: PE sell at 82751 dist=463 gap=185 res=83080,47.05100758082845,352.88255685621334
2026-02-18T10:24:04.233753,CPR,NIFTY,BUY_CE_CPR,25650.0,152.26975419433984,0.5339471429738926,0.0011464027707643,-36.87002831747978,25668.05,2,Narrow CPR (0.173%) bullish breakout above TC=25493,274.0855575498117,60.907901677735936
2026-02-18T10:24:04.233753,Ghost Zone,NIFTY,BUY_CE_GTZ,25650.0,152.26975419433984,0.5339471429738926,0.0011464027707643,-36.87002831747978,25668.05,2,Ghost Zone: Demand zone retest 25444 bounce=0.08x strength=4,197.9506804526418,60.907901677735936
2026-02-18T10:24:04.233753,Survivor,NIFTY,SELL_PE,25527.964285714286,75.97944500496669,-0.3306056078417925,0.0010452231097038,-32.94012501633606,25668.05,2,Survivor: PE sell at 25528 dist=140 gap=70 res=25630,15.19588900099334,113.96916750745004
2026-02-18T10:24:04.233753,CPR,BANKNIFTY,BUY_CE_CPR,61250.0,348.62253324218545,0.5046034969307911,0.0004590229693403,-92.1101028370122,61232.05,2,Narrow CPR (0.178%) bullish breakout above TC=60240,627.5205598359338,139.4490132968742
2026-02-18T10:24:04.233753,Survivor,BANKNIFTY,SELL_PE,60892.98928571429,194.8379008962584,-0.3359927721551811,0.0004196926513955,-82.94219283180632,61232.05,2,Survivor: PE sell at 60893 dist=339 gap=136 res=60622,38.96758017925168,292.25685134438754
2026-02-18T10:24:04.233753,CPR,SENSEX,BUY_CE_CPR,83200.0,480.771790344661,0.5311271495412188,0.0003602654425552,-117.55961683798934,83249.24,2,Narrow CPR (0.146%) bullish breakout above TC=82687,865.3892226203898,192.3087161378644
2026-02-18T10:24:04.233753,Ghost Zone,SENSEX,BUY_CE_GTZ,83200.0,480.771790344661,0.5311271495412188,0.0003602654425552,-117.55961683798934,83249.24,2,Ghost Zone: Demand zone retest 82535 bounce=0.09x strength=2,625.0033274480593,192.3087161378644
2026-02-18T10:24:04.233753,Survivor,SENSEX,SELL_PE,82786.18035714286,236.09285191062008,-0.3248772594921426,0.0003259637904316,-104.17803036614733,83249.24,2,Survivor: PE sell at 82786 dist=463 gap=185 res=83080,47.21857038212402,354.1392778659301
2026-02-18T10:29:36.044054,CPR,NIFTY,BUY_CE_CPR,25650.0,144.75104187847137,0.5181237806923469,0.0011521666920028,-36.80389275885933,25654.25,2,Narrow CPR (0.173%) bullish breakout above TC=25493,260.55187538124846,57.90041675138855
2026-02-18T10:29:36.044054,Ghost Zone,NIFTY,BUY_CE_GTZ,25650.0,144.75104187847137,0.5181237806923469,0.0011521666920028,-36.80389275885933,25654.25,2,Ghost Zone: Demand zone retest 25444 bounce=0.03x strength=4,188.1763544420128,57.90041675138855
2026-02-18T10:29:36.044054,Survivor,NIFTY,SELL_PE,25514.14821428572,75.67200742301793,-0.330219610821406,0.0010472646142767,-32.84695584958053,25654.25,2,Survivor: PE sell at 25514 dist=140 gap=70 res=25630,15.134401484603586,113.5080111345269
2026-02-18T10:29:36.044054,CPR,BANKNIFTY,BUY_CE_CPR,61200.0,361.3760473691909,0.5173760338566072,0.0004602920945966,-91.85366559321,61209.8,2,Narrow CPR (0.178%) bullish breakout above TC=60240,650.4768852645437,144.55041894767638
2026-02-18T10:29:36.044054,Survivor,BANKNIFTY,SELL_PE,60870.73928571429,193.6878022335441,-0.3354503276264279,0.0004209588995168,-82.59673088395064,61209.8,2,Survivor: PE sell at 60871 dist=339 gap=136 res=60622,38.73756044670881,290.5317033503161
2026-02-18T10:29:36.044054,CPR,SENSEX,BUY_CE_CPR,83200.0,451.96165584037954,0.5119793306207319,0.0003623526010382,-117.21255710415195,83196.14,2,Narrow CPR (0.146%) bullish breakout above TC=82687,813.5309805126832,180.78466233615185
2026-02-18T10:29:36.044054,Ghost Zone,SENSEX,BUY_CE_GTZ,83200.0,451.96165584037954,0.5119793306207319,0.0003623526010382,-117.21255710415195,83196.14,2,Ghost Zone: Demand zone retest 82535 bounce=0.04x strength=2,587.5501525924934,180.78466233615185
2026-02-18T10:29:36.044054,Survivor,SENSEX,SELL_PE,82732.87857142858,234.7719625128593,-0.3243105873517072,0.0003267669702079,-103.78031525907454,83196.14,2,Survivor: PE sell at 82733 dist=463 gap=185 res=83080,46.95439250257186,352.157943769289
2026-02-18T10:35:06.579665,CPR,NIFTY,BUY_CE_CPR,25650.0,155.2094745748018,0.5399947778618656,0.0011437691512542,-36.87953800399461,25673.35,2,Narrow CPR (0.173%) bullish breakout above TC=25493,279.37705423464325,62.08378982992072
2026-02-18T10:35:06.579665,Ghost Zone,NIFTY,BUY_CE_GTZ,25650.0,155.2094745748018,0.5399947778618656,0.0011437691512542,-36.87953800399461,25673.35,2,Ghost Zone: Demand zone retest 25444 bounce=0.00x strength=4,201.7723169472424,62.08378982992072
2026-02-18T10:35:06.579665,CPR,BANKNIFTY,BUY_CE_CPR,61200.0,369.7530928175584,0.5238812175554235,0.0004585231824699,-92.11106310085296,61224.05,2,Narrow CPR (0.178%) bullish breakout above TC=60240,665.5555670716051,147.90123712702334
2026-02-18T10:35:06.579665,Survivor,BANKNIFTY,SELL_PE,60892.43214285715,197.1861744205125,-0.3390466256994669,0.0004214345985767,-83.2028850043105,61224.05,2,Survivor: PE sell at 60892 dist=332 gap=133 res=60622,39.43723488410251,295.7792616307688
2026-02-18T10:35:06.579665,CPR,SENSEX,BUY_CE_CPR,83300.0,435.2867458128894,0.498690127982975,0.0003611247862079,-117.49539925056906,83259.38,2,Narrow CPR (0.146%) bullish breakout above TC=82687,783.5161424632009,174.1146983251558
2026-02-18T10:35:06.579665,Ghost Zone,SENSEX,BUY_CE_GTZ,83300.0,435.2867458128894,0.498690127982975,0.0003611247862079,-117.49539925056906,83259.38,2,Ghost Zone: Demand zone retest 82535 bounce=-0.00x strength=2,565.8727695567562,174.1146983251558
2026-02-18T10:35:06.579665,Survivor,SENSEX,SELL_PE,82811.83071428572,241.50775008106567,-0.3300785101122112,0.0003278520701324,-104.96444342639356,83259.38,2,Survivor: PE sell at 82812 dist=448 gap=179 res=83080,48.30155001621316,362.2616251215986
2026-02-18T10:40:32.184347,CPR,NIFTY,BUY_CE_CPR,25650.0,149.4698557628126,0.52817332715831,0.0011489098790161,-36.84635702553077,25663.0,2,Narrow CPR (0.173%) bullish breakout above TC=25493,269.04574037306264,59.78794230512504
2026-02-18T10:40:32.184347,Ghost Zone,NIFTY,BUY_CE_GTZ,25650.0,149.4698557628126,0.52817332715831,0.0011489098790161,-36.84635702553077,25663.0,2,Ghost Zone: Demand zone retest 25444 bounce=0.06x strength=4,194.3108124916564,59.78794230512504
2026-02-18T10:40:32.184347,Survivor,NIFTY,SELL_PE,25522.89821428572,75.8423322719591,-0.3304278437435385,0.001046099408627,-32.89917405216275,25663.0,2,Survivor: PE sell at 25523 dist=140 gap=70 res=25630,15.16846645439182,113.76349840793864
2026-02-18T10:40:32.184347,CPR,BANKNIFTY,BUY_CE_CPR,61200.0,360.7670803566107,0.5165135081163409,0.0004598854382348,-91.93637480659842,61207.95,2,Narrow CPR (0.178%) bullish breakout above TC=60240,649.3807446418992,144.30683214264428
2026-02-18T10:40:32.184347,Survivor,BANKNIFTY,SELL_PE,60868.889285714286,193.99616158603385,-0.3355965574361051,0.0004206199797502,-82.6887607705778,61207.95,2,Survivor: PE sell at 60869 dist=339 gap=136 res=60622,38.79923231720677,290.9942423790508
2026-02-18T10:40:32.184347,CPR,SENSEX,BUY_CE_CPR,83200.0,472.6074000305598,0.525754158775997,0.0003608988273093,-117.49871285982502,83234.3,2,Narrow CPR (0.146%) bullish breakout above TC=82687,850.6933200550077,189.042960012224
2026-02-18T10:40:32.184347,Ghost Zone,SENSEX,BUY_CE_GTZ,83200.0,472.6074000305598,0.525754158775997,0.0003608988273093,-117.49871285982502,83234.3,2,Ghost Zone: Demand zone retest 82535 bounce=0.08x strength=2,614.3896200397278,189.042960012224
2026-02-18T10:40:32.184347,Survivor,SENSEX,SELL_PE,82771.03857142858,235.71298490880872,-0.3246864452991735,0.0003261438275646,-104.07161834312411,83234.3,2,Survivor: PE sell at 82771 dist=463 gap=185 res=83080,47.14259698176175,353.5694773632131
2026-02-18T10:46:00.083376,CPR,NIFTY,BUY_CE_CPR,25650.0,150.37292964384142,0.5300011385823725,0.0011479822689276,-36.859429600778014,25664.6,2,Narrow CPR (0.173%) bullish breakout above TC=25493,270.67127335891456,60.14917185753657
2026-02-18T10:46:00.083376,Ghost Zone,NIFTY,BUY_CE_GTZ,25650.0,150.37292964384142,0.5300011385823725,0.0011479822689276,-36.859429600778014,25664.6,2,Ghost Zone: Demand zone retest 25444 bounce=-0.00x strength=4,195.48480853699385,60.14917185753657
2026-02-18T10:46:00.083376,CPR,BANKNIFTY,BUY_CE_CPR,61200.0,353.27410147414776,0.5105208921499718,0.0004612745343644,-91.69887252252856,61194.9,2,Narrow CPR (0.178%) bullish breakout above TC=60240,635.893382653466,141.3096405896591
2026-02-18T10:46:00.083376,Survivor,BANKNIFTY,SELL_PE,60863.28214285715,195.751021219814,-0.3383826544129275,0.0004230313291344,-82.77423021875275,61194.9,2,Survivor: PE sell at 60863 dist=332 gap=133 res=60622,39.1502042439628,293.626531829721
2026-02-18T10:46:00.083376,CPR,SENSEX,BUY_CE_CPR,83200.0,465.1581969720937,0.5208706687186131,0.0003615070774218,-117.39894890790612,83220.74,2,Narrow CPR (0.146%) bullish breakout above TC=82687,837.2847545497688,186.0632787888375
2026-02-18T10:46:00.083376,Ghost Zone,SENSEX,BUY_CE_GTZ,83200.0,465.1581969720937,0.5208706687186131,0.0003615070774218,-117.39894890790612,83220.74,2,Ghost Zone: Demand zone retest 82535 bounce=0.00x strength=2,604.7056560637219,186.0632787888375
2026-02-18T10:51:23.559162,CPR,NIFTY,BUY_CE_CPR,25700.0,134.0210259965188,0.4918034222441352,0.0011472853142053,-36.89147187904243,25681.35,2,Narrow CPR (0.173%) bullish breakout above TC=25493,241.23784679373384,53.608410398607525
2026-02-18T10:51:23.559162,Ghost Zone,NIFTY,BUY_CE_GTZ,25700.0,134.0210259965188,0.4918034222441352,0.0011472853142053,-36.89147187904243,25681.35,2,Ghost Zone: Demand zone retest 25444 bounce=0.13x strength=4,174.22733379547444,53.608410398607525
2026-02-18T10:51:23.559162,Survivor,NIFTY,SELL_PE,25541.24821428571,76.30599016545602,-0.3309925235002584,0.0010429456088093,-33.040769877579216,25681.35,2,Survivor: PE sell at 25541 dist=140 gap=70 res=25630,15.261198033091205,114.45898524818404
2026-02-18T10:51:23.559162,CPR,BANKNIFTY,BUY_CE_CPR,61200.0,368.4057109546411,0.5227124970779936,0.0004586381163302,-92.1063044496251,61221.5,2,Narrow CPR (0.178%) bullish breakout above TC=60240,663.130279718354,147.36228438185643
2026-02-18T10:51:23.559162,Survivor,BANKNIFTY,SELL_PE,60882.43928571429,194.61183868124863,-0.3358867798664424,0.0004199419896562,-82.87381985640877,61221.5,2,Survivor: PE sell at 60882 dist=339 gap=136 res=60622,38.922367736249726,291.91775802187294
2026-02-18T10:51:23.559162,CPR,SENSEX,BUY_CE_CPR,83300.0,454.4530407998973,0.5118043609044264,0.0003601611686272,-117.8890128131084,83295.74,2,Narrow CPR (0.146%) bullish breakout above TC=82687,818.0154734398151,181.78121631995893
2026-02-18T10:51:23.559162,Ghost Zone,SENSEX,BUY_CE_GTZ,83300.0,454.4530407998973,0.5118043609044264,0.0003601611686272,-117.8890128131084,83295.74,2,Ghost Zone: Demand zone retest 82535 bounce=0.14x strength=2,590.7889530398664,181.78121631995893
2026-02-18T10:51:23.559162,Survivor,SENSEX,SELL_PE,82832.47857142858,237.1762452271577,-0.3252672294665505,0.0003251790725512,-104.52426841405568,83295.74,2,Survivor: PE sell at 82832 dist=463 gap=185 res=83080,47.43524904543156,355.76436784073667
2026-02-18T10:56:56.330760,CPR,NIFTY,BUY_CE_CPR,25700.0,141.42276613401373,0.5081445418472019,0.0011443668789644,-37.05477104115951,25695.6,2,Narrow CPR (0.173%) bullish breakout above TC=25493,254.56097904122475,56.56910645360549
2026-02-18T10:56:56.330760,Ghost Zone,NIFTY,BUY_CE_GTZ,25700.0,141.42276613401373,0.5081445418472019,0.0011443668789644,-37.05477104115951,25695.6,2,Ghost Zone: Demand zone retest 25444 bounce=0.18x strength=4,183.84959597421783,56.56910645360549
2026-02-18T10:56:56.330760,Survivor,NIFTY,SELL_PE,25555.49821428571,76.62637279820228,-0.3313800480171958,0.0010407752870568,-33.13863612209639,25695.6,2,Survivor: PE sell at 25555 dist=140 gap=70 res=25630,15.325274559640455,114.93955919730342
2026-02-18T10:56:56.330760,CPR,BANKNIFTY,BUY_CE_CPR,61250.0,357.2578009094577,0.5116098398111669,0.0004576077309306,-92.39235166705484,61247.35,2,Narrow CPR (0.178%) bullish breakout above TC=60240,643.0640416370239,142.9031203637831
2026-02-18T10:56:56.330760,Survivor,BANKNIFTY,SELL_PE,60908.28928571429,195.7032993113644,-0.3363983804514235,0.0004187448897035,-83.20175769455096,61247.35,2,Survivor: PE sell at 60908 dist=339 gap=136 res=60622,39.14065986227288,293.5549489670466
2026-02-18T10:56:56.330760,CPR,SENSEX,BUY_CE_CPR,83300.0,467.8758881891772,0.5207285867395636,0.000359242023729,-118.1017900665302,83320.59,2,Narrow CPR (0.146%) bullish breakout above TC=82687,842.176598740519,187.1503552756709
2026-02-18T10:56:56.330760,Ghost Zone,SENSEX,BUY_CE_GTZ,83300.0,467.8758881891772,0.5207285867395636,0.000359242023729,-118.1017900665302,83320.59,2,Ghost Zone: Demand zone retest 82535 bounce=0.17x strength=2,608.2386546459304,187.1503552756709
2026-02-18T10:56:56.330760,Survivor,SENSEX,SELL_PE,82857.32857142857,237.82891437642684,-0.3255249933129123,0.0003247507420962,-104.72578092200467,83320.59,2,Survivor: PE sell at 82857 dist=463 gap=185 res=83080,47.56578287528537,356.74337156464026
2026-02-18T11:02:24.768639,CPR,NIFTY,BUY_CE_CPR,25700.0,145.4660879316234,0.5166480807470466,0.0011414217402708,-37.13716409555301,25703.05,2,Narrow CPR (0.173%) bullish breakout above TC=25493,261.83895827692214,58.18643517264937
2026-02-18T11:02:24.768639,Ghost Zone,NIFTY,BUY_CE_GTZ,25700.0,145.4660879316234,0.5166480807470466,0.0011414217402708,-37.13716409555301,25703.05,2,Ghost Zone: Demand zone retest 25444 bounce=0.21x strength=4,189.10591431111044,58.18643517264937
2026-02-18T11:02:24.768639,Survivor,NIFTY,SELL_PE,25562.948214285712,76.86787152976467,-0.331671274812571,0.0010391483936678,-33.21208980959136,25703.05,2,Survivor: PE sell at 25563 dist=140 gap=70 res=25630,15.373574305952936,115.301807294647
2026-02-18T11:02:24.768639,CPR,BANKNIFTY,BUY_CE_CPR,61250.0,365.0390943638959,0.5180172527263546,0.0004565095639053,-92.56722529669538,61261.4,2,Narrow CPR (0.178%) bullish breakout above TC=60240,657.0703698550126,146.01563774555834
2026-02-18T11:02:24.768639,Survivor,BANKNIFTY,SELL_PE,60922.33928571429,196.2766211397065,-0.336665662985432,0.0004181186157444,-83.37391293880783,61261.4,2,Survivor: PE sell at 60922 dist=339 gap=136 res=60622,39.25532422794132,294.4149317095598
2026-02-18T11:02:24.768639,CPR,SENSEX,BUY_CE_CPR,83400.0,440.0646197536262,0.5000387858656435,0.0003587039227609,-118.26855390846858,83362.99,2,Narrow CPR (0.146%) bullish breakout above TC=82687,792.1163155565272,176.02584790145048
2026-02-18T11:02:24.768639,Ghost Zone,SENSEX,BUY_CE_GTZ,83400.0,440.0646197536262,0.5000387858656435,0.0003587039227609,-118.26855390846858,83362.99,2,Ghost Zone: Demand zone retest 82535 bounce=0.22x strength=2,572.0840056797141,176.02584790145048
2026-02-18T11:02:24.768639,Survivor,SENSEX,SELL_PE,82899.72857142858,238.96483214717227,-0.3259716136104571,0.0003240078800653,-105.07615700519987,83362.99,2,Survivor: PE sell at 82900 dist=463 gap=185 res=83080,47.79296642943446,358.4472482207584
2026-02-18T11:08:05.824561,CPR,NIFTY,BUY_CE_CPR,25700.0,144.7156605343116,0.5149930048592052,0.0011416945485834,-37.13273521848461,25701.6,2,Narrow CPR (0.173%) bullish breakout above TC=25493,260.4881889617609,57.88626421372464
2026-02-18T11:08:05.824561,Ghost Zone,NIFTY,BUY_CE_GTZ,25700.0,144.7156605343116,0.5149930048592052,0.0011416945485834,-37.13273521848461,25701.6,2,Ghost Zone: Demand zone retest 25444 bounce=0.20x strength=4,188.1303586946051,57.88626421372464
2026-02-18T11:08:05.824561,Survivor,NIFTY,SELL_PE,25561.49821428571,76.8586112415378,-0.3316602814166997,0.0010392118850947,-33.2091811357109,25701.6,2,Survivor: PE sell at 25561 dist=140 gap=70 res=25630,15.37172224830756,115.2879168623067
2026-02-18T11:08:05.824561,CPR,BANKNIFTY,BUY_CE_CPR,61250.0,354.69314447631405,0.5096229425692093,0.0004581537467038,-92.29022087036908,61243.0,2,Narrow CPR (0.178%) bullish breakout above TC=60240,638.4476600573653,141.87725779052562
2026-02-18T11:08:05.824561,Survivor,BANKNIFTY,SELL_PE,60903.93928571429,195.3669359656269,-0.3362409145117045,0.0004191125158008,-83.10102630806377,61243.0,2,Survivor: PE sell at 60904 dist=339 gap=136 res=60622,39.07338719312538,293.0504039484404
2026-02-18T11:08:05.824561,CPR,SENSEX,BUY_CE_CPR,83400.0,435.4841790987412,0.4969203018028478,0.0003589357846833,-118.14404786209784,83354.31,2,Narrow CPR (0.146%) bullish breakout above TC=82687,783.8715223777341,174.19367163949647
2026-02-18T11:08:05.824561,Ghost Zone,SENSEX,BUY_CE_GTZ,83400.0,435.4841790987412,0.4969203018028478,0.0003589357846833,-118.14404786209784,83354.31,2,Ghost Zone: Demand zone retest 82535 bounce=0.21x strength=2,566.1294328283635,174.19367163949647
2026-02-18T11:08:05.824561,Survivor,SENSEX,SELL_PE,82891.04857142858,238.69492511907083,-0.325865667351161,0.000324183962685,-104.99304403462509,83354.31,2,Survivor: PE sell at 82891 dist=463 gap=185 res=83080,47.738985023814166,358.04238767860625
2026-02-18T11:13:37.835561,CPR,NIFTY,BUY_CE_CPR,25700.0,138.951491302083,0.5026495680369869,0.0011451677237206,-37.01827962553928,25690.8,2,Narrow CPR (0.173%) bullish breakout above TC=25493,250.11268434374944,55.58059652083321
2026-02-18T11:13:37.835561,Ghost Zone,NIFTY,BUY_CE_GTZ,25700.0,138.951491302083,0.5026495680369869,0.0011451677237206,-37.01827962553928,25690.8,2,Ghost Zone: Demand zone retest 25444 bounce=0.16x strength=4,180.636938692708,55.58059652083321
2026-02-18T11:13:37.835561,Survivor,NIFTY,SELL_PE,25550.698214285712,76.56201145522755,-0.3313026138792111,0.0010412125916132,-33.11882793477179,25690.8,2,Survivor: PE sell at 25551 dist=140 gap=70 res=25630,15.31240229104551,114.84301718284132
2026-02-18T11:13:37.835561,CPR,BANKNIFTY,BUY_CE_CPR,61200.0,359.5993810111031,0.515716369877025,0.0004602881317177,-91.86611644278923,61206.2,2,Narrow CPR (0.178%) bullish breakout above TC=60240,647.2788858199856,143.83975240444124
2026-02-18T11:13:37.835561,Survivor,BANKNIFTY,SELL_PE,60867.139285714286,193.7454284127307,-0.335477843195668,0.0004208960637307,-82.61366814518315,61206.2,2,Survivor: PE sell at 60867 dist=339 gap=136 res=60622,38.74908568254614,290.61814261909603
2026-02-18T11:13:37.835561,CPR,SENSEX,BUY_CE_CPR,83300.0,472.0181297808231,0.5234510416853609,0.0003589316126533,-118.1539947983244,83328.19,2,Narrow CPR (0.146%) bullish breakout above TC=82687,849.6326336054816,188.80725191232924
2026-02-18T11:13:37.835561,Ghost Zone,SENSEX,BUY_CE_GTZ,83300.0,472.0181297808231,0.5234510416853609,0.0003589316126533,-118.1539947983244,83328.19,2,Ghost Zone: Demand zone retest 82535 bounce=0.18x strength=2,613.6235687150701,188.80725191232924
2026-02-18T11:13:37.835561,Survivor,SENSEX,SELL_PE,82864.92857142858,238.0222234737048,-0.3256011646747399,0.0003246240577681,-104.7854620173046,83328.19,2,Survivor: PE sell at 82865 dist=463 gap=185 res=83080,47.60444469474096,357.0333352105572
2026-02-18T11:19:15.867326,CPR,NIFTY,BUY_CE_CPR,25700.0,139.49776961526004,0.5038521559517781,0.0011449456123344,-37.02881122919938,25691.85,2,Narrow CPR (0.173%) bullish breakout above TC=25493,251.09598530746808,55.79910784610402
2026-02-18T11:19:15.867326,Ghost Zone,NIFTY,BUY_CE_GTZ,25700.0,139.49776961526004,0.5038521559517781,0.0011449456123344,-37.02881122919938,25691.85,2,Ghost Zone: Demand zone retest 25444 bounce=-0.00x strength=4,181.3471004998381,55.79910784610402
2026-02-18T11:19:15.867326,CPR,BANKNIFTY,BUY_CE_CPR,61200.0,359.77728083173497,0.5158299973137095,0.0004602158013344,-91.8789649063459,61206.45,2,Narrow CPR (0.178%) bullish breakout above TC=60240,647.599105497123,143.91091233269398
2026-02-18T11:19:15.867326,Survivor,BANKNIFTY,SELL_PE,60874.83214285714,196.3379420133024,-0.3386549503978375,0.000422376989315,-82.94957501708166,61206.45,2,Survivor: PE sell at 60875 dist=332 gap=133 res=60622,39.26758840266048,294.5069130199536
2026-02-18T11:19:15.867326,CPR,SENSEX,BUY_CE_CPR,83300.0,465.6172930253815,0.5192332100078041,0.0003594009958068,-118.0722927356746,83316.42,2,Narrow CPR (0.146%) bullish breakout above TC=82687,838.1111274456867,186.24691721015265
2026-02-18T11:19:15.867326,Ghost Zone,SENSEX,BUY_CE_GTZ,83300.0,465.6172930253815,0.5192332100078041,0.0003594009958068,-118.0722927356746,83316.42,2,Ghost Zone: Demand zone retest 82535 bounce=-0.00x strength=2,605.302480932996,186.24691721015265
2026-02-18T11:19:15.867326,Survivor,SENSEX,SELL_PE,82868.87071428572,242.95613128549303,-0.3306331364607927,0.0003268846133528,-105.40723777907566,83316.42,2,Survivor: PE sell at 82869 dist=448 gap=179 res=83080,48.59122625709861,364.43419692823954
2026-02-18T11:24:45.026565,CPR,NIFTY,BUY_CE_CPR,25700.0,139.21742971627464,0.5032792361051154,0.001145217884737,-37.01882563040428,25691.35,2,Narrow CPR (0.173%) bullish breakout above TC=25493,250.5913734892944,55.68697188650986
2026-02-18T11:24:45.026565,Ghost Zone,NIFTY,BUY_CE_GTZ,25700.0,139.21742971627464,0.5032792361051154,0.001145217884737,-37.01882563040428,25691.35,2,Ghost Zone: Demand zone retest 25444 bounce=0.16x strength=4,180.98265863115705,55.68697188650986
2026-02-18T11:24:45.026565,Survivor,NIFTY,SELL_PE,25551.24821428571,76.55493712569114,-0.3312939558002195,0.0010412595666662,-33.116736408621904,25691.35,2,Survivor: PE sell at 25551 dist=140 gap=70 res=25630,15.31098742513823,114.83240568853672
2026-02-18T11:24:45.026565,CPR,BANKNIFTY,BUY_CE_CPR,61200.0,366.6871370499357,0.5216089657733035,0.0004593103828539,-91.99438008968052,61219.05,2,Narrow CPR (0.178%) bullish breakout above TC=60240,660.0368466898843,146.67485481997429
2026-02-18T11:24:45.026565,Survivor,BANKNIFTY,SELL_PE,60879.98928571429,194.1972939160696,-0.3356911551482014,0.0004203971537735,-82.7497701759251,61219.05,2,Survivor: PE sell at 60880 dist=339 gap=136 res=60622,38.83945878321393,291.2959408741044
2026-02-18T11:24:45.026565,CPR,SENSEX,BUY_CE_CPR,83300.0,474.2720827457524,0.5249216372842234,0.0003587526843223,-118.1813860542218,83332.3,2,Narrow CPR (0.146%) bullish breakout above TC=82687,853.6897489423544,189.70883309830097
2026-02-18T11:24:45.026565,Ghost Zone,SENSEX,BUY_CE_GTZ,83300.0,474.2720827457524,0.5249216372842234,0.0003587526843223,-118.1813860542218,83332.3,2,Ghost Zone: Demand zone retest 82535 bounce=0.18x strength=2,616.5537075694782,189.70883309830097
2026-02-18T11:24:45.026565,Survivor,SENSEX,SELL_PE,82869.03857142858,238.1315574623768,-0.3256442211839466,0.0003245524663197,-104.81919796686071,83332.3,2,Survivor: PE sell at 82869 dist=463 gap=185 res=83080,47.62631149247537,357.1973361935652
2026-02-18T11:30:19.832859,CPR,NIFTY,BUY_CE_CPR,25700.0,142.12392369399458,0.5095729625895439,0.0011436847619798,-37.07649317420602,25696.85,2,Narrow CPR (0.173%) bullish breakout above TC=25493,255.82306264919023,56.84956947759784
2026-02-18T11:30:19.832859,Ghost Zone,NIFTY,BUY_CE_GTZ,25700.0,142.12392369399458,0.5095729625895439,0.0011436847619798,-37.07649317420602,25696.85,2,Ghost Zone: Demand zone retest 25444 bounce=0.00x strength=4,184.76110080219297,56.84956947759784
2026-02-18T11:30:19.832859,CPR,BANKNIFTY,BUY_CE_CPR,61250.0,361.0386238016399,0.5150666500085025,0.0004575436277428,-92.39187896637053,61254.9,2,Narrow CPR (0.178%) bullish breakout above TC=60240,649.8695228429518,144.41544952065598
2026-02-18T11:30:19.832859,Survivor,BANKNIFTY,SELL_PE,60923.28214285715,198.2080336915933,-0.3395151637156096,0.0004203030586512,-83.50856267337376,61254.9,2,Survivor: PE sell at 60923 dist=332 gap=133 res=60622,39.64160673831866,297.31205053738995
2026-02-18T11:30:19.832859,CPR,SENSEX,BUY_CE_CPR,83300.0,469.8929504347325,0.5221566296045076,0.0003591988102931,-118.09369506271612,83324.56,2,Narrow CPR (0.146%) bullish breakout above TC=82687,845.8073107825185,187.957180173893
2026-02-18T11:30:19.832859,Ghost Zone,SENSEX,BUY_CE_GTZ,83300.0,469.8929504347325,0.5221566296045076,0.0003591988102931,-118.09369506271612,83324.56,2,Ghost Zone: Demand zone retest 82535 bounce=0.01x strength=2,610.8608355651522,187.957180173893
2026-02-18T11:30:19.832859,Survivor,SENSEX,SELL_PE,82877.01071428572,243.0283744400585,-0.3306604702787395,0.000326835957146,-105.42973080298432,83324.56,2,Survivor: PE sell at 82877 dist=448 gap=179 res=83080,48.60567488801171,364.5425616600878
2026-02-18T11:35:49.941483,CPR,NIFTY,BUY_CE_CPR,25700.0,151.34322259060173,0.5288626794352447,0.0011368451762519,-37.21102249405668,25713.8,2,Narrow CPR (0.173%) bullish breakout above TC=25493,272.41780066308314,60.53728903624069
2026-02-18T11:35:49.941483,Ghost Zone,NIFTY,BUY_CE_GTZ,25700.0,151.34322259060173,0.5288626794352447,0.0011368451762519,-37.21102249405668,25713.8,2,Ghost Zone: Demand zone retest 25444 bounce=0.25x strength=4,196.74618936778225,60.53728903624069
2026-02-18T11:35:49.941483,Survivor,NIFTY,SELL_PE,25573.698214285712,77.15441486969212,-0.3320151132636623,0.0010372223597143,-33.299336995430174,25713.8,2,Survivor: PE sell at 25574 dist=140 gap=70 res=25630,15.430882973938424,115.73162230453818
2026-02-18T11:35:49.941483,CPR,BANKNIFTY,BUY_CE_CPR,61300.0,351.4701731048699,0.5047996556751887,0.0004555523593126,-92.77554430927086,61282.45,2,Narrow CPR (0.178%) bullish breakout above TC=60240,632.6463115887658,140.58806924194798
2026-02-18T11:35:49.941483,Survivor,BANKNIFTY,SELL_PE,60943.389285714286,197.247130985681,-0.3371160315928738,0.0004170629969992,-83.6648908782412,61282.45,2,Survivor: PE sell at 60943 dist=339 gap=136 res=60622,39.449426197136205,295.8706964785215
2026-02-18T11:35:49.941483,CPR,SENSEX,BUY_CE_CPR,83400.0,464.9604394112539,0.5166768548832799,0.0003571789777065,-118.79437284450088,83409.49,2,Narrow CPR (0.146%) bullish breakout above TC=82687,836.928790940257,185.9841757645016
2026-02-18T11:35:49.941483,Ghost Zone,SENSEX,BUY_CE_GTZ,83400.0,464.9604394112539,0.5166768548832799,0.0003571789777065,-118.79437284450088,83409.49,2,Ghost Zone: Demand zone retest 82535 bounce=0.27x strength=2,604.4485712346301,185.9841757645016
2026-02-18T11:35:49.941483,Survivor,SENSEX,SELL_PE,82946.22857142858,240.31983812751423,-0.3265011939368782,0.0003231263222304,-105.49334065337032,83409.49,2,Survivor: PE sell at 82946 dist=463 gap=185 res=83080,48.06396762550285,360.47975719127135
2026-02-18T11:41:23.087903,CPR,NIFTY,BUY_CE_CPR,25700.0,141.6330781150682,0.5084865683659685,0.0011438573364556,-37.07056463310138,25695.9,2,Narrow CPR (0.173%) bullish breakout above TC=25493,254.9395406071228,56.65323124602728
2026-02-18T11:41:23.087903,Ghost Zone,NIFTY,BUY_CE_GTZ,25700.0,141.6330781150682,0.5084865683659685,0.0011438573364556,-37.07056463310138,25695.9,2,Ghost Zone: Demand zone retest 25444 bounce=0.00x strength=4,184.12300154958868,56.65323124602728
2026-02-18T11:41:23.087903,CPR,BANKNIFTY,BUY_CE_CPR,61250.0,365.7575101926195,0.5186090326005179,0.0004564102299637,-92.58074012591194,61262.7,2,Narrow CPR (0.178%) bullish breakout above TC=60240,658.3635183467152,146.3030040770478
2026-02-18T11:41:23.087903,Survivor,BANKNIFTY,SELL_PE,60931.08214285714,198.8796763276041,-0.3398221071487441,0.0004195645707502,-83.70828991850689,61262.7,2,Survivor: PE sell at 60931 dist=332 gap=133 res=60622,39.77593526552082,298.3195144914061
2026-02-18T11:41:23.087903,CPR,SENSEX,BUY_CE_CPR,83300.0,479.8296003946453,0.5285428549439015,0.0003583104928037,-118.23654764175195,83342.43,2,Narrow CPR (0.146%) bullish breakout above TC=82687,863.6932807103615,191.9318401578581
2026-02-18T11:41:23.087903,Ghost Zone,SENSEX,BUY_CE_GTZ,83300.0,479.8296003946453,0.5285428549439015,0.0003583104928037,-118.23654764175195,83342.43,2,Ghost Zone: Demand zone retest 82535 bounce=0.19x strength=2,623.7784805130389,191.9318401578581
2026-02-18T11:41:23.087903,Survivor,SENSEX,SELL_PE,82879.16857142857,238.3797735763983,-0.3257418491867688,0.0003243899654217,-104.89583769422596,83342.43,2,Survivor: PE sell at 82879 dist=463 gap=185 res=83080,47.67595471527966,357.56966036459744
2026-02-18T11:46:54.015288,CPR,NIFTY,BUY_CE_CPR,25700.0,136.12926368641456,0.4964569144130939,0.001146416797021,-36.95091185800506,25685.4,2,Narrow CPR (0.173%) bullish breakout above TC=25493,245.0326746355462,54.45170547456583
2026-02-18T11:46:54.015288,Ghost Zone,NIFTY,BUY_CE_GTZ,25700.0,136.12926368641456,0.4964569144130939,0.001146416797021,-36.95091185800506,25685.4,2,Ghost Zone: Demand zone retest 25444 bounce=0.14x strength=4,176.9680427923389,54.45170547456583
2026-02-18T11:46:54.015288,Survivor,NIFTY,SELL_PE,25545.298214285714,76.422727355819,-0.3311341069048588,0.0010421549988038,-33.076347600827035,25685.4,2,Survivor: PE sell at 25545 dist=140 gap=70 res=25630,15.284545471163804,114.63409103372852
2026-02-18T11:46:54.015288,CPR,BANKNIFTY,BUY_CE_CPR,61250.0,366.7614104271124,0.5195470029973283,0.0004564225500724,-92.5690478741817,61264.75,2,Narrow CPR (0.178%) bullish breakout above TC=60240,660.1705387688024,146.70456417084498
2026-02-18T11:46:54.015288,Survivor,BANKNIFTY,SELL_PE,60925.68928571429,196.27939735858308,-0.3366667893635751,0.0004181150499517,-83.3750132598182,61264.75,2,Survivor: PE sell at 60926 dist=339 gap=136 res=60622,39.25587947171662,294.4190960378746
2026-02-18T11:46:54.015288,CPR,SENSEX,BUY_CE_CPR,83300.0,475.0299544633162,0.5254419684607567,0.0003587197862533,-118.18100109079644,83333.75,2,Narrow CPR (0.146%) bullish breakout above TC=82687,855.0539180339692,190.0119817853265
2026-02-18T11:46:54.015288,Ghost Zone,SENSEX,BUY_CE_GTZ,83300.0,475.0299544633162,0.5254419684607567,0.0003587197862533,-118.18100109079644,83333.75,2,Ghost Zone: Demand zone retest 82535 bounce=0.18x strength=2,617.5389408023111,190.0119817853265
2026-02-18T11:46:54.015288,Survivor,SENSEX,SELL_PE,82870.48857142858,238.1350689318242,-0.3256455497115629,0.0003245500349765,-104.82038433299654,83333.75,2,Survivor: PE sell at 82870 dist=463 gap=185 res=83080,47.62701378636484,357.2026033977363
2026-02-18T11:52:23.149407,CPR,NIFTY,BUY_CE_CPR,25700.0,139.7969580942863,0.5045961869368624,0.001145129309578,-37.025274044139564,25692.5,2,Narrow CPR (0.173%) bullish breakout above TC=25493,251.63452456971527,55.91878323771453
2026-02-18T11:52:23.149407,Ghost Zone,NIFTY,BUY_CE_GTZ,25700.0,139.7969580942863,0.5045961869368624,0.001145129309578,-37.025274044139564,25692.5,2,Ghost Zone: Demand zone retest 25444 bounce=0.01x strength=4,181.7360455225722,55.91878323771453
2026-02-18T11:52:23.149407,CPR,BANKNIFTY,BUY_CE_CPR,61250.0,367.12751916417983,0.5197947759569538,0.0004562991343683,-92.5899222508725,61265.3,2,Narrow CPR (0.178%) bullish breakout above TC=60240,660.8295344955237,146.85100766567194
2026-02-18T11:52:23.149407,Survivor,BANKNIFTY,SELL_PE,60926.23928571429,196.3557537861961,-0.3367023790306043,0.0004180319943591,-83.3978264892118,61265.3,2,Survivor: PE sell at 60926 dist=339 gap=136 res=60622,39.27115075723923,294.5336306792942
2026-02-18T11:52:23.149407,CPR,SENSEX,BUY_CE_CPR,83300.0,476.031520573757,0.5260658668300514,0.0003586097967724,-118.20175539201476,83335.5,2,Narrow CPR (0.146%) bullish breakout above TC=82687,856.8567370327627,190.4126082295028
2026-02-18T11:52:23.149407,Ghost Zone,SENSEX,BUY_CE_GTZ,83300.0,476.031520573757,0.5260658668300514,0.0003586097967724,-118.20175539201476,83335.5,2,Ghost Zone: Demand zone retest 82535 bounce=0.19x strength=2,618.8409767458842,190.4126082295028
2026-02-18T11:52:23.149407,Survivor,SENSEX,SELL_PE,82872.23857142858,238.217023345158,-0.3256778621542076,0.0003244965255863,-104.84556596699652,83335.5,2,Survivor: PE sell at 82872 dist=463 gap=185 res=83080,47.64340466903159,357.3255350177369
2026-02-18T11:57:54.133556,CPR,NIFTY,BUY_CE_CPR,25700.0,141.1251662057566,0.5074002160938124,0.0011441703474423,-37.05985685414095,25694.95,2,Narrow CPR (0.173%) bullish breakout above TC=25493,254.0252991703619,56.450066482302645
2026-02-18T11:57:54.133556,Ghost Zone,NIFTY,BUY_CE_GTZ,25700.0,141.1251662057566,0.5074002160938124,0.0011441703474423,-37.05985685414095,25694.95,2,Ghost Zone: Demand zone retest 25444 bounce=0.18x strength=4,183.4627160674836,56.450066482302645
2026-02-18T11:57:54.133556,Survivor,NIFTY,SELL_PE,25554.84821428572,76.6527569863938,-0.3314121127010488,0.0010405988201389,-33.14654658226452,25694.95,2,Survivor: PE sell at 25555 dist=140 gap=70 res=25630,15.33055139727876,114.9791354795907
2026-02-18T11:57:54.133556,CPR,BANKNIFTY,BUY_CE_CPR,61250.0,365.9089859233645,0.518674745045687,0.0004563089698752,-92.5994062009126,61262.85,2,Narrow CPR (0.178%) bullish breakout above TC=60240,658.6361746620562,146.3635943693458
2026-02-18T11:57:54.133556,Survivor,BANKNIFTY,SELL_PE,60923.78928571429,196.39236052652632,-0.3367195720329612,0.0004179926312624,-83.40854222309332,61262.85,2,Survivor: PE sell at 60924 dist=339 gap=136 res=60622,39.27847210530527,294.5885407897895
2026-02-18T11:57:54.133556,CPR,SENSEX,BUY_CE_CPR,83400.0,438.8716035027537,0.4992237084376562,0.0003587606012297,-118.23852129539596,83360.72,2,Narrow CPR (0.146%) bullish breakout above TC=82687,789.9688863049568,175.5486414011015
2026-02-18T11:57:54.133556,Ghost Zone,SENSEX,BUY_CE_GTZ,83400.0,438.8716035027537,0.4992237084376562,0.0003587606012297,-118.23852129539596,83360.72,2,Ghost Zone: Demand zone retest 82535 bounce=0.21x strength=2,570.5330845535799,175.5486414011015
2026-02-18T11:57:54.133556,Survivor,SENSEX,SELL_PE,82897.45857142858,238.9009947302984,-0.3259465775221172,0.000324049531967,-105.05648423215,83360.72,2,Survivor: PE sell at 82897 dist=463 gap=185 res=83080,47.78019894605968,358.3514920954476
2026-02-18T12:03:26.660854,CPR,NIFTY,BUY_CE_CPR,25700.0,148.0140224990264,0.5219377844562609,0.0011393918685737,-37.17860054037573,25707.7,2,Narrow CPR (0.173%) bullish breakout above TC=25493,266.42524049824755,59.20560899961056
2026-02-18T12:03:26.660854,Survivor,NIFTY,SELL_PE,25571.691071428573,78.3984161133576,-0.3361270208195266,0.0010434366544413,-33.43623676526139,25707.7,2,Survivor: PE sell at 25572 dist=136 gap=70 res=25630,15.67968322267152,117.5976241700364
2026-02-18T12:03:26.660854,CPR,BANKNIFTY,BUY_CE_CPR,61250.0,372.695348518726,0.5241199632781915,0.0004551922684975,-92.7443138371054,61274.85,2,Narrow CPR (0.178%) bullish breakout above TC=60240,670.8516273337067,149.0781394074904
2026-02-18T12:03:26.660854,Survivor,BANKNIFTY,SELL_PE,60935.78928571429,196.9389331252205,-0.3369733586330879,0.0004173978175207,-83.57244263165359,61274.85,2,Survivor: PE sell at 60936 dist=339 gap=136 res=60622,39.3877866250441,295.40839968783075
2026-02-18T12:03:26.660854,CPR,SENSEX,BUY_CE_CPR,83400.0,464.10795299654274,0.5161503538889576,0.0003572755694684,-118.76859093769906,83408.01,2,Narrow CPR (0.146%) bullish breakout above TC=82687,835.394315393777,185.6431811986171
2026-02-18T12:03:26.660854,Ghost Zone,SENSEX,BUY_CE_GTZ,83400.0,464.10795299654274,0.5161503538889576,0.0003572755694684,-118.76859093769906,83408.01,2,Ghost Zone: Demand zone retest 82535 bounce=0.26x strength=2,603.3403388955056,185.6431811986171
2026-02-18T12:03:26.660854,Survivor,SENSEX,SELL_PE,82944.74857142857,240.23307000688143,-0.3264673297021735,0.0003231824883276,-105.46675816589318,83408.01,2,Survivor: PE sell at 82945 dist=463 gap=185 res=83080,48.0466140013763,360.3496050103222
2026-02-18T12:09:21.541859,CPR,NIFTY,BUY_CE_CPR,25700.0,153.0394707432515,0.5323136927635002,0.0011353180392021,-37.22724647972268,25716.85,2,Narrow CPR (0.173%) bullish breakout above TC=25493,275.4710473378527,61.215788297300605
2026-02-18T12:09:21.541859,Ghost Zone,NIFTY,BUY_CE_GTZ,25700.0,153.0394707432515,0.5323136927635002,0.0011353180392021,-37.22724647972268,25716.85,2,Ghost Zone: Demand zone retest 25444 bounce=0.26x strength=4,198.95131196622697,61.215788297300605
2026-02-18T12:09:21.541859,Survivor,NIFTY,SELL_PE,25576.74821428571,77.24031836267932,-0.332117909550932,0.0010366464498474,-33.32546670103583,25716.85,2,Survivor: PE sell at 25577 dist=140 gap=70 res=25630,15.448063672535865,115.86047754401898
2026-02-18T12:09:21.541859,CPR,BANKNIFTY,BUY_CE_CPR,61300.0,351.8520303699406,0.5053460822585428,0.0004558281050724,-92.72567891199212,61283.65,2,Narrow CPR (0.178%) bullish breakout above TC=60240,633.3336546658932,140.74081214797624
2026-02-18T12:09:21.541859,Survivor,BANKNIFTY,SELL_PE,60944.58928571429,197.04798733504867,-0.3370235676020109,0.0004172782878375,-83.6056557808303,61283.65,2,Survivor: PE sell at 60945 dist=339 gap=136 res=60622,39.40959746700974,295.571981002573
2026-02-18T12:09:21.541859,CPR,SENSEX,BUY_CE_CPR,83400.0,469.6860668997615,0.5197765708248346,0.000356840644059,-118.86670604598936,83418.19,2,Narrow CPR (0.146%) bullish breakout above TC=82687,845.4349204195707,187.87442675990465
2026-02-18T12:09:21.541859,Ghost Zone,SENSEX,BUY_CE_GTZ,83400.0,469.6860668997615,0.5197765708248346,0.000356840644059,-118.86670604598936,83418.19,2,Ghost Zone: Demand zone retest 82535 bounce=0.27x strength=2,610.59188696969,187.87442675990465
2026-02-18T12:09:21.541859,Survivor,SENSEX,SELL_PE,82954.92857142858,240.5573257658397,-0.3265936170361984,0.0003229722250719,-105.56645191318094,83418.19,2,Survivor: PE sell at 82955 dist=463 gap=185 res=83080,48.11146515316796,360.83598864875967
2026-02-18T12:14:56.445477,CPR,NIFTY,BUY_CE_CPR,25700.0,150.64693934676143,0.5274471049015064,0.0011374808690616,-37.20257951674884,25712.55,2,Narrow CPR (0.173%) bullish breakout above TC=25493,271.16449082417057,60.25877573870457
2026-02-18T12:14:56.445477,Ghost Zone,NIFTY,BUY_CE_GTZ,25700.0,150.64693934676143,0.5274471049015064,0.0011374808690616,-37.20257951674884,25712.55,2,Ghost Zone: Demand zone retest 25444 bounce=0.24x strength=4,195.84102115078983,60.25877573870457
2026-02-18T12:14:56.445477,Survivor,NIFTY,SELL_PE,25572.448214285712,77.11544917349784,-0.3319684210108294,0.0010374836557111,-33.28749336328448,25712.55,2,Survivor: PE sell at 25572 dist=140 gap=70 res=25630,15.423089834699567,115.67317376024675
2026-02-18T12:14:56.445477,CPR,BANKNIFTY,BUY_CE_CPR,61300.0,352.30839480413124,0.5053692822775254,0.0004552651679631,-92.83363251147,61283.7,2,Narrow CPR (0.178%) bullish breakout above TC=60240,634.1551106474362,140.9233579216525
2026-02-18T12:14:56.445477,Survivor,BANKNIFTY,SELL_PE,60944.639285714286,197.4429230129608,-0.3372067033221344,0.0004168511415364,-83.72331541049728,61283.7,2,Survivor: PE sell at 60945 dist=339 gap=136 res=60622,39.48858460259217,296.1643845194412
2026-02-18T12:14:56.445477,CPR,SENSEX,BUY_CE_CPR,83400.0,459.9018526825967,0.5133078684946595,0.0003574912541487,-118.71784089606004,83400.05,2,Narrow CPR (0.146%) bullish breakout above TC=82687,827.823334828674,183.96074107303863
2026-02-18T12:14:56.445477,Ghost Zone,SENSEX,BUY_CE_GTZ,83400.0,459.9018526825967,0.5133078684946595,0.0003574912541487,-118.71784089606004,83400.05,2,Ghost Zone: Demand zone retest 82535 bounce=0.26x strength=2,597.8724084873757,183.96074107303863
2026-02-18T12:14:56.445477,Survivor,SENSEX,SELL_PE,82936.78857142858,240.09705638361265,-0.3264144453015224,0.0003232711307761,-105.42464292798768,83400.05,2,Survivor: PE sell at 82937 dist=463 gap=185 res=83080,48.019411276722536,360.145584575419
2026-02-18T12:20:28.588227,CPR,NIFTY,BUY_CE_CPR,25700.0,151.60592024270954,0.5293700100772836,0.0011365186726161,-37.21685635959008,25714.25,2,Narrow CPR (0.173%) bullish breakout above TC=25493,272.8906564368772,60.64236809708382
2026-02-18T12:20:28.588227,Ghost Zone,NIFTY,BUY_CE_GTZ,25700.0,151.60592024270954,0.5293700100772836,0.0011365186726161,-37.21685635959008,25714.25,2,Ghost Zone: Demand zone retest 25444 bounce=0.25x strength=4,197.0876963155224,60.64236809708382
2026-02-18T12:20:28.588227,Survivor,NIFTY,SELL_PE,25574.14821428572,77.17903265009772,-0.3320446420441703,0.0010370576901884,-33.30679180507631,25714.25,2,Survivor: PE sell at 25574 dist=140 gap=70 res=25630,15.435806530019546,115.7685489751466
2026-02-18T12:20:28.588227,CPR,BANKNIFTY,BUY_CE_CPR,61250.0,371.8934119227925,0.5233897760092302,0.0004552067535082,-92.75259822514288,61273.25,2,Narrow CPR (0.178%) bullish breakout above TC=60240,669.4081414610264,148.75736476911698
2026-02-18T12:20:28.588227,Survivor,BANKNIFTY,SELL_PE,60934.18928571429,196.963836205854,-0.3369850086109485,0.0004173711052736,-83.5797334097123,61273.25,2,Survivor: PE sell at 60934 dist=339 gap=136 res=60622,39.39276724117081,295.44575430878103
2026-02-18T12:20:28.588227,CPR,SENSEX,BUY_CE_CPR,83400.0,476.2750582088411,0.5241796840060684,0.0003564604051889,-118.91514300790874,83430.55,2,Narrow CPR (0.146%) bullish breakout above TC=82687,857.295104775914,190.51002328353644
2026-02-18T12:20:28.588227,Ghost Zone,SENSEX,BUY_CE_GTZ,83400.0,476.2750582088411,0.5241796840060684,0.0003564604051889,-118.91514300790874,83430.55,2,Ghost Zone: Demand zone retest 82535 bounce=0.29x strength=2,619.1575756714934,190.51002328353644
2026-02-18T12:20:28.588227,Survivor,SENSEX,SELL_PE,82967.28857142858,240.74006535695293,-0.3266644285473696,0.000322853183239,-105.62314279430808,83430.55,2,Survivor: PE sell at 82967 dist=463 gap=185 res=83080,48.1480130713906,361.1100980354295
2026-02-18T12:26:05.092820,CPR,NIFTY,BUY_CE_CPR,25700.0,153.47568880023937,0.5331578098111305,0.0011347881586415,-37.235215242100814,25717.6,2,Narrow CPR (0.173%) bullish breakout above TC=25493,276.25623984043085,61.39027552009575
2026-02-18T12:26:05.092820,Survivor,NIFTY,SELL_PE,25581.59107142857,78.66552699487329,-0.3364378646381207,0.0010416225317326,-33.51683819575835,25717.6,2,Survivor: PE sell at 25582 dist=136 gap=70 res=25630,15.733105398974658,117.99829049230992
2026-02-18T12:26:05.092820,CPR,BANKNIFTY,BUY_CE_CPR,61250.0,371.2473986554469,0.5231814416463977,0.0004557271031746,-92.65625009774531,61272.75,2,Narrow CPR (0.178%) bullish breakout above TC=60240,668.2453175798045,148.49895946217876
2026-02-18T12:26:05.092820,Survivor,BANKNIFTY,SELL_PE,60941.13214285715,199.1654811885637,-0.3399519778532804,0.0004192499650894,-83.79379462912584,61272.75,2,Survivor: PE sell at 60941 dist=332 gap=133 res=60622,39.833096237712745,298.7482217828456
2026-02-18T12:26:05.092820,CPR,SENSEX,BUY_CE_CPR,83400.0,480.9296596769855,0.5270964774195953,0.0003559943400651,-118.9991347781937,83438.78,2,Narrow CPR (0.146%) bullish breakout above TC=82687,865.6733874185738,192.3718638707942
2026-02-18T12:26:05.092820,Survivor,SENSEX,SELL_PE,82991.23071428572,246.3260055242972,-0.3319084283839207,0.0003246555934516,-106.43460508093142,83438.78,2,Survivor: PE sell at 82991 dist=448 gap=179 res=83080,49.26520110485944,369.4890082864458
2026-02-18T12:31:36.503064,CPR,NIFTY,BUY_CE_CPR,25700.0,154.06475688584942,0.5342810015042428,0.001134022060928,-37.247214126167165,25718.6,2,Narrow CPR (0.173%) bullish breakout above TC=25493,277.31656239452894,61.62590275433977
2026-02-18T12:31:36.503064,Ghost Zone,NIFTY,BUY_CE_GTZ,25700.0,154.06475688584942,0.5342810015042428,0.001134022060928,-37.247214126167165,25718.6,2,Ghost Zone: Demand zone retest 25444 bounce=0.26x strength=4,200.28418395160423,61.62590275433977
2026-02-18T12:31:36.503064,Survivor,NIFTY,SELL_PE,25578.49821428571,77.33283124364243,-0.3322286581012346,0.0010360284775431,-33.35347761854072,25718.6,2,Survivor: PE sell at 25578 dist=140 gap=70 res=25630,15.466566248728489,115.99924686546365
2026-02-18T12:31:36.503064,CPR,BANKNIFTY,BUY_CE_CPR,61300.0,355.76880667484147,0.5082810611618153,0.0004548787211177,-92.91776631531523,61290.1,2,Narrow CPR (0.178%) bullish breakout above TC=60240,640.3838520147146,142.3075226699366
2026-02-18T12:31:36.503064,Survivor,BANKNIFTY,SELL_PE,60951.03928571429,197.674141245494,-0.337313389123013,0.0004166004190394,-83.79269790207154,61290.1,2,Survivor: PE sell at 60951 dist=339 gap=136 res=60622,39.5348282490988,296.51121186824093
2026-02-18T12:31:36.503064,CPR,SENSEX,BUY_CE_CPR,83400.0,483.9514621884082,0.5289518593111472,0.0003556557142657,-119.05960813226552,83444.03,2,Narrow CPR (0.146%) bullish breakout above TC=82687,871.1126319391348,193.5805848753633
2026-02-18T12:31:36.503064,Ghost Zone,SENSEX,BUY_CE_GTZ,83400.0,483.9514621884082,0.5289518593111472,0.0003556557142657,-119.05960813226552,83444.03,2,Ghost Zone: Demand zone retest 82535 bounce=0.30x strength=2,629.1369008449307,193.5805848753633
2026-02-18T12:31:36.503064,Survivor,SENSEX,SELL_PE,82980.76857142858,241.32785334392247,-0.3268928202598372,0.0003224734471538,-105.8033713059932,83444.03,2,Survivor: PE sell at 82981 dist=463 gap=185 res=83080,48.2655706687845,361.9917800158837
2026-02-18T12:37:11.557015,CPR,NIFTY,BUY_CE_CPR,25750.0,133.1734394147279,0.4867293655084515,0.0011356744098327,-37.20279968648653,25726.75,2,Narrow CPR (0.173%) bullish breakout above TC=25493,239.71219094651025,53.26937576589117
2026-02-18T12:37:11.557015,Survivor,NIFTY,SELL_PE,25590.74107142857,78.93692079820357,-0.3367524667714711,0.0010397864419533,-33.598604484709675,25726.75,2,Survivor: PE sell at 25591 dist=136 gap=70 res=25630,15.787384159640716,118.40538119730536
2026-02-18T12:37:11.557015,CPR,BANKNIFTY,BUY_CE_CPR,61300.0,373.97159936658863,0.5228132490388422,0.0004518908736061,-93.40439784947375,61322.25,2,Narrow CPR (0.178%) bullish breakout above TC=60240,673.1488788598596,149.5886397466355
2026-02-18T12:37:11.557015,Survivor,BANKNIFTY,SELL_PE,60990.63214285715,201.8974895138199,-0.3411839959372612,0.0004162730112537,-84.60614543488927,61322.25,2,Survivor: PE sell at 60991 dist=332 gap=133 res=60622,40.37949790276398,302.84623427072984
2026-02-18T12:37:11.557015,CPR,SENSEX,BUY_CE_CPR,83400.0,482.451983220788,0.5280143097455705,0.0003558060197259,-119.0361456290522,83441.38,2,Narrow CPR (0.146%) bullish breakout above TC=82687,868.4135697974183,192.9807932883152
2026-02-18T12:37:11.557015,Survivor,SENSEX,SELL_PE,82993.83071428572,246.4758091768963,-0.3319647398594442,0.0003245574628403,-106.47998329730976,83441.38,2,Survivor: PE sell at 82994 dist=448 gap=179 res=83080,49.29516183537926,369.7137137653445
2026-02-18T12:42:46.893076,CPR,NIFTY,BUY_CE_CPR,25700.0,154.9988406728371,0.5362656220775985,0.0011334651556207,-37.24261644605474,25720.35,2,Narrow CPR (0.173%) bullish breakout above TC=25493,278.9979132111068,61.99953626913484
2026-02-18T12:42:46.893076,Ghost Zone,NIFTY,BUY_CE_GTZ,25700.0,154.9988406728371,0.5362656220775985,0.0011334651556207,-37.24261644605474,25720.35,2,Ghost Zone: Demand zone retest 25444 bounce=0.27x strength=4,201.49849287468825,61.99953626913484
2026-02-18T12:42:46.893076,Survivor,NIFTY,SELL_PE,25580.24821428571,77.33888992656648,-0.3322356915074805,0.0010359863609523,-33.35544263761767,25720.35,2,Survivor: PE sell at 25580 dist=140 gap=70 res=25630,15.467777985313298,116.00833488984972
2026-02-18T12:42:46.893076,CPR,BANKNIFTY,BUY_CE_CPR,61300.0,368.8962112635163,0.5187356187306303,0.0004526658073659,-93.30317717285108,61313.2,2,Narrow CPR (0.178%) bullish breakout above TC=60240,664.0131802743293,147.55848450540654
2026-02-18T12:42:46.893076,Survivor,BANKNIFTY,SELL_PE,60972.44285714286,198.3708823149864,-0.3371928734106633,0.000414884583671,-84.10178268859885,61313.2,2,Survivor: PE sell at 60972 dist=341 gap=136 res=60622,39.67417646299728,297.5563234724796
2026-02-18T12:42:46.893076,CPR,SENSEX,BUY_CE_CPR,83400.0,486.8456733340863,0.5308508306038745,0.0003554582686681,-119.06991120503906,83449.38,2,Narrow CPR (0.146%) bullish breakout above TC=82687,876.3222120013554,194.7382693336345
2026-02-18T12:42:46.893076,Ghost Zone,SENSEX,BUY_CE_GTZ,83400.0,486.8456733340863,0.5308508306038745,0.0003554582686681,-119.06991120503906,83449.38,2,Ghost Zone: Demand zone retest 82535 bounce=0.31x strength=2,632.8993753343123,194.7382693336345
2026-02-18T12:42:46.893076,Survivor,SENSEX,SELL_PE,82986.11857142858,241.4069001906355,-0.3269233399979245,0.0003224220933028,-105.8278793045722,83449.38,2,Survivor: PE sell at 82986 dist=463 gap=185 res=83080,48.281380038127104,362.1103502859533
2026-02-18T12:48:20.673286,CPR,NIFTY,BUY_CE_CPR,25750.0,133.0911157246901,0.4865042605234784,0.0011355400496491,-37.2045805788765,25726.55,2,Narrow CPR (0.173%) bullish breakout above TC=25493,239.56400830444213,53.23644628987604
2026-02-18T12:48:20.673286,Survivor,NIFTY,SELL_PE,25590.54107142857,78.94967932382679,-0.3367673077318126,0.0010397009288543,-33.602395862282805,25726.55,2,Survivor: PE sell at 25591 dist=136 gap=70 res=25630,15.789935864765358,118.42451898574018
2026-02-18T12:48:20.673286,CPR,BANKNIFTY,BUY_CE_CPR,61350.0,364.1004436530966,0.5130926806358848,0.0004509666320097,-93.67582410453376,61350.8,2,Narrow CPR (0.178%) bullish breakout above TC=60240,655.3807985755739,145.64017746123864
2026-02-18T12:48:20.673286,Survivor,BANKNIFTY,SELL_PE,61019.18214285715,202.9134322541977,-0.3416362463237987,0.0004151747072339,-84.90854269903444,61350.8,2,Survivor: PE sell at 61019 dist=332 gap=133 res=60622,40.58268645083954,304.37014838129653
2026-02-18T12:48:20.673286,CPR,SENSEX,BUY_CE_CPR,83500.0,437.913361220817,0.4964373655499546,0.0003563815065736,-118.93735724753456,83452.76,2,Narrow CPR (0.146%) bullish breakout above TC=82687,788.2440501974706,175.1653444883268
2026-02-18T12:48:20.673286,Survivor,SENSEX,SELL_PE,83005.21071428571,246.8050957278356,-0.3320881342050604,0.0003243413872046,-106.58016316493814,83452.76,2,Survivor: PE sell at 83005 dist=448 gap=179 res=83080,49.36101914556712,370.20764359175337
2026-02-18T12:53:53.732813,CPR,NIFTY,BUY_CE_CPR,25700.0,157.24039939184877,0.540711147628907,0.0011311351064177,-37.259276996243216,25724.3,2,Narrow CPR (0.173%) bullish breakout above TC=25493,283.0327189053278,62.89615975673951
2026-02-18T12:53:53.732813,Ghost Zone,NIFTY,BUY_CE_GTZ,25700.0,157.24039939184877,0.540711147628907,0.0011311351064177,-37.259276996243216,25724.3,2,Ghost Zone: Demand zone retest 25444 bounce=0.28x strength=4,204.4125192094034,62.89615975673951
2026-02-18T12:53:53.732813,Survivor,NIFTY,SELL_PE,25584.198214285712,77.46277046911018,-0.3323835111434999,0.0010351583811355,-33.39306848036678,25724.3,2,Survivor: PE sell at 25584 dist=140 gap=70 res=25630,15.492554093822037,116.19415570366527
2026-02-18T12:53:53.732813,CPR,BANKNIFTY,BUY_CE_CPR,61350.0,351.0344511022995,0.5022999103178846,0.0004525741859029,-93.33679147942613,61326.9,2,Narrow CPR (0.178%) bullish breakout above TC=60240,631.8620119841391,140.4137804409198
2026-02-18T12:53:53.732813,Survivor,BANKNIFTY,SELL_PE,60986.142857142855,198.78432785713807,-0.3373825165713621,0.0004144403129422,-84.22601165956964,61326.9,2,Survivor: PE sell at 60986 dist=341 gap=136 res=60622,39.756865571427625,298.1764917857072
2026-02-18T12:53:53.732813,CPR,SENSEX,BUY_CE_CPR,83400.0,478.283040043134,0.5253586560862183,0.0003561761838717,-118.98041811142978,83433.89,2,Narrow CPR (0.146%) bullish breakout above TC=82687,860.9094720776411,191.3132160172536
2026-02-18T12:53:53.732813,Ghost Zone,SENSEX,BUY_CE_GTZ,83400.0,478.283040043134,0.5253586560862183,0.0003561761838717,-118.98041811142978,83433.89,2,Ghost Zone: Demand zone retest 82535 bounce=0.29x strength=2,621.7679520560741,191.3132160172536
2026-02-18T12:53:53.732813,Survivor,SENSEX,SELL_PE,82970.62857142858,240.98707645764443,-0.3267605841503711,0.0003226937316889,-105.69871065092956,83433.89,2,Survivor: PE sell at 82971 dist=463 gap=185 res=83080,48.19741529152889,361.48061468646665
2026-02-18T12:59:25.701282,CPR,NIFTY,BUY_CE_CPR,25750.0,135.77269088030334,0.4924224165551773,0.0011346508732484,-37.28657207977405,25731.75,2,Narrow CPR (0.173%) bullish breakout above TC=25493,244.390843584546,54.30907635212134
2026-02-18T12:59:25.701282,Survivor,NIFTY,SELL_PE,25595.74107142857,79.09988241232713,-0.3369407902577345,0.0010386874284784,-33.64763590066124,25731.75,2,Survivor: PE sell at 25596 dist=136 gap=70 res=25630,15.819976482465428,118.6498236184907
2026-02-18T12:59:25.701282,CPR,BANKNIFTY,BUY_CE_CPR,61350.0,353.49880511238007,0.5045173801656027,0.0004525195577344,-93.3632718653134,61331.8,2,Narrow CPR (0.178%) bullish breakout above TC=60240,636.2978492022842,141.39952204495202
2026-02-18T12:59:25.701282,Survivor,BANKNIFTY,SELL_PE,60991.042857142864,198.80738586176085,-0.3373928738870401,0.0004144148993755,-84.23327580755733,61331.8,2,Survivor: PE sell at 60991 dist=341 gap=136 res=60622,39.76147717235217,298.2110787926413
2026-02-18T12:59:25.701282,CPR,SENSEX,BUY_CE_CPR,83500.0,439.8672473805491,0.4977648706943944,0.0003562907279914,-118.99091198248075,83456.48,2,Narrow CPR (0.146%) bullish breakout above TC=82687,791.7610452849884,175.94689895221964
2026-02-18T12:59:25.701282,Ghost Zone,SENSEX,BUY_CE_GTZ,83500.0,439.8672473805491,0.4977648706943944,0.0003562907279914,-118.99091198248075,83456.48,2,Ghost Zone: Demand zone retest 82535 bounce=0.32x strength=2,571.8274215947139,175.94689895221964
2026-02-18T12:59:25.701282,Survivor,SENSEX,SELL_PE,82993.21857142857,241.66510776544965,-0.3270233688792852,0.0003222554797222,-105.90710946549883,83456.48,2,Survivor: PE sell at 82993 dist=463 gap=185 res=83080,48.333021553089935,362.49766164817447
2026-02-18T13:04:58.407350,CPR,NIFTY,BUY_CE_CPR,25750.0,136.1180621127114,0.4931621384201128,0.0011344575139611,-37.29828170074499,25732.4,2,Narrow CPR (0.173%) bullish breakout above TC=25493,245.0125118028805,54.44722484508457
2026-02-18T13:04:58.407350,Ghost Zone,NIFTY,BUY_CE_GTZ,25750.0,136.1180621127114,0.4931621384201128,0.0011344575139611,-37.29828170074499,25732.4,2,Ghost Zone: Demand zone retest 25444 bounce=0.31x strength=4,176.95348074652483,54.44722484508457
2026-02-18T13:04:58.407350,Survivor,NIFTY,SELL_PE,25592.298214285714,77.73561525499463,-0.3327081329412162,0.0010333398171185,-33.47584858628758,25732.4,2,Survivor: PE sell at 25592 dist=140 gap=70 res=25630,15.547123050998929,116.60342288249194
2026-02-18T13:04:58.407350,CPR,BANKNIFTY,BUY_CE_CPR,61350.0,357.63211100678745,0.5079087853851209,0.0004519715742855,-93.48353898825458,61339.3,2,Narrow CPR (0.178%) bullish breakout above TC=60240,643.7377998122174,143.05284440271498
2026-02-18T13:04:58.407350,Survivor,BANKNIFTY,SELL_PE,60998.542857142864,199.1543905045328,-0.3375518346313367,0.000414043411406,-84.33717489134784,61339.3,2,Survivor: PE sell at 60999 dist=341 gap=136 res=60622,39.83087810090656,298.7315857567992
2026-02-18T13:04:58.407350,CPR,SENSEX,BUY_CE_CPR,83500.0,441.6865770566001,0.4990722998698442,0.0003562875588151,-119.01424019727304,83460.15,2,Narrow CPR (0.146%) bullish breakout above TC=82687,795.0358387018802,176.67463082264004
2026-02-18T13:04:58.407350,Ghost Zone,SENSEX,BUY_CE_GTZ,83500.0,441.6865770566001,0.4990722998698442,0.0003562875588151,-119.01424019727304,83460.15,2,Ghost Zone: Demand zone retest 82535 bounce=0.32x strength=2,574.1925501735801,176.67463082264004
2026-02-18T13:04:58.407350,Survivor,SENSEX,SELL_PE,82996.88857142857,241.67356946925065,-0.3270265055443352,0.0003222496822511,-105.909975420426,83460.15,2,Survivor: PE sell at 82997 dist=463 gap=185 res=83080,48.334713893850136,362.510354203876
2026-02-18T13:10:32.231119,CPR,NIFTY,BUY_CE_CPR,25750.0,136.6306095021573,0.4944076361354645,0.0011347118959805,-37.299545016675616,25733.5,2,Narrow CPR (0.173%) bullish breakout above TC=25493,245.9350971038832,54.65224380086293
2026-02-18T13:10:32.231119,Ghost Zone,NIFTY,BUY_CE_GTZ,25750.0,136.6306095021573,0.4944076361354645,0.0011347118959805,-37.299545016675616,25733.5,2,Ghost Zone: Demand zone retest 25444 bounce=0.32x strength=4,177.61979235280452,54.65224380086293
2026-02-18T13:10:32.231119,Survivor,NIFTY,SELL_PE,25593.39821428572,77.71307339280611,-0.3326811362442247,0.0010334880355504,-33.469153411255704,25733.5,2,Survivor: PE sell at 25593 dist=140 gap=70 res=25630,15.542614678561222,116.56961008920916
2026-02-18T13:10:32.231119,CPR,BANKNIFTY,BUY_CE_CPR,61350.0,353.1327995435058,0.5042455979331233,0.0004526089399689,-93.34426835930049,61331.2,2,Narrow CPR (0.178%) bullish breakout above TC=60240,635.6390391783106,141.25311981740234
2026-02-18T13:10:32.231119,Survivor,BANKNIFTY,SELL_PE,60990.44285714286,198.7462605677647,-0.3373648010017409,0.0004144802879892,-84.2150290475495,61331.2,2,Survivor: PE sell at 60990 dist=341 gap=136 res=60622,39.74925211355294,298.11939085164704
2026-02-18T13:10:32.231119,CPR,SENSEX,BUY_CE_CPR,83500.0,438.7069550864399,0.4969867279795157,0.0003563561061977,-118.95600816647983,83454.3,2,Narrow CPR (0.146%) bullish breakout above TC=82687,789.6725191555918,175.48278203457596
2026-02-18T13:10:32.231119,Ghost Zone,SENSEX,BUY_CE_GTZ,83500.0,438.7069550864399,0.4969867279795157,0.0003563561061977,-118.95600816647983,83454.3,2,Ghost Zone: Demand zone retest 82535 bounce=0.31x strength=2,570.3190416123718,175.48278203457596
2026-02-18T13:10:32.231119,Survivor,SENSEX,SELL_PE,82991.03857142858,241.5860307277289,-0.3269927486697038,0.0003223064890556,-105.88284636380617,83454.3,2,Survivor: PE sell at 82991 dist=463 gap=185 res=83080,48.31720614554579,362.3790460915934
2026-02-18T13:16:07.163121,CPR,NIFTY,BUY_CE_CPR,25750.0,139.81136736339977,0.5011096999544167,0.0011325888255413,-37.40256731757285,25739.4,2,Narrow CPR (0.173%) bullish breakout above TC=25493,251.6604612541196,55.92454694535991
2026-02-18T13:16:07.163121,Survivor,NIFTY,SELL_PE,25603.39107142857,79.35550219469769,-0.3372352419315013,0.0010369682071466,-33.72449125504027,25739.4,2,Survivor: PE sell at 25603 dist=136 gap=70 res=25630,15.87110043893954,119.03325329204654
2026-02-18T13:16:07.163121,CPR,BANKNIFTY,BUY_CE_CPR,61350.0,365.85110760975294,0.514463476811588,0.000450655902789,-93.73059118207564,61353.85,2,Narrow CPR (0.178%) bullish breakout above TC=60240,658.5319936975553,146.3404430439012
2026-02-18T13:16:07.163121,Survivor,BANKNIFTY,SELL_PE,61022.232142857145,203.09832547063704,-0.3417183510681953,0.0004149757725197,-84.96336872406225,61353.85,2,Survivor: PE sell at 61022 dist=332 gap=133 res=60622,40.61966509412741,304.6474882059556
2026-02-18T13:16:07.163121,CPR,SENSEX,BUY_CE_CPR,83500.0,450.5616537768874,0.5050361729390621,0.0003558138152177,-119.23427824130329,83476.89,2,Narrow CPR (0.146%) bullish breakout above TC=82687,811.0109767983973,180.22466151075497
2026-02-18T13:16:07.163121,Survivor,SENSEX,SELL_PE,83029.34071428572,247.43482950472023,-0.3323234528479967,0.0003239286842205,-106.77186435941002,83476.89,2,Survivor: PE sell at 83029 dist=448 gap=179 res=83080,49.48696590094406,371.1522442570804
2026-02-18T13:21:41.890168,CPR,NIFTY,BUY_CE_CPR,25750.0,144.21320900459796,0.5104427841672525,0.0011299996549439,-37.50195700510235,25747.65,2,Narrow CPR (0.173%) bullish breakout above TC=25493,259.58377620827633,57.68528360183919
2026-02-18T13:21:41.890168,Ghost Zone,NIFTY,BUY_CE_GTZ,25750.0,144.21320900459796,0.5104427841672525,0.0011299996549439,-37.50195700510235,25747.65,2,Ghost Zone: Demand zone retest 25444 bounce=0.37x strength=4,187.47717170597736,57.68528360183919
2026-02-18T13:21:41.890168,Survivor,NIFTY,SELL_PE,25607.548214285714,78.21302999501677,-0.333272632519929,0.0010301712749026,-33.62064232734132,25747.65,2,Survivor: PE sell at 25608 dist=140 gap=70 res=25630,15.642605999003354,117.31954499252517
2026-02-18T13:21:41.890168,CPR,BANKNIFTY,BUY_CE_CPR,61350.0,372.9271684873565,0.5200226724896981,0.000449449171326,-93.92138977454692,61366.25,2,Narrow CPR (0.178%) bullish breakout above TC=60240,671.2689032772417,149.17086739494263
2026-02-18T13:21:41.890168,Gamma Blast,BANKNIFTY,BUY_CE_GAMMA,61350.0,338.79619701865886,0.5159508585069378,0.0004891615975711,-167.99945640339482,61366.25,2,Gamma Blast: Up breakout body=111 ATR=683 range=0.40x,846.9904925466471,101.63885910559766
2026-02-18T13:21:41.890168,Survivor,BANKNIFTY,SELL_PE,61024.87678571429,200.40546338414424,-0.3379627415025459,0.000412365027717,-84.7478430980249,61366.25,2,Survivor: PE sell at 61025 dist=341 gap=137 res=60622,40.08109267682885,300.6081950762164
2026-02-18T13:21:41.890168,CPR,SENSEX,BUY_CE_CPR,83500.0,476.16735682653234,0.5216915177024398,0.0003539468065717,-119.75717884335926,83523.89,2,Narrow CPR (0.146%) bullish breakout above TC=82687,857.1012422877583,190.4669427306129
2026-02-18T13:21:41.890168,Ghost Zone,SENSEX,BUY_CE_GTZ,83500.0,476.16735682653234,0.5216915177024398,0.0003539468065717,-119.75717884335926,83523.89,2,Ghost Zone: Demand zone retest 82535 bounce=0.39x strength=2,619.0175638744921,190.4669427306129
2026-02-18T13:21:41.890168,Survivor,SENSEX,SELL_PE,83060.62857142858,243.73968505372977,-0.3278219546587774,0.0003209216761119,-106.54386700543718,83523.89,2,Survivor: PE sell at 83061 dist=463 gap=185 res=83080,48.74793701074596,365.60952758059466
2026-02-18T13:27:19.164439,CPR,NIFTY,BUY_CE_CPR,25750.0,135.5539956219145,0.4919120939190777,0.0011346197159855,-37.28343447284396,25731.3,2,Narrow CPR (0.173%) bullish breakout above TC=25493,243.9971921194461,54.22159824876581
2026-02-18T13:27:19.164439,Survivor,NIFTY,SELL_PE,25595.29107142857,79.10023096246914,-0.3369412541846113,0.0010386855550086,-33.64770328255776,25731.3,2,Survivor: PE sell at 25595 dist=136 gap=70 res=25630,15.820046192493828,118.65034644370373
2026-02-18T13:27:19.164439,CPR,BANKNIFTY,BUY_CE_CPR,61350.0,355.8518338784852,0.5063494363314255,0.0004520679798864,-93.4600393993508,61335.85,2,Narrow CPR (0.178%) bullish breakout above TC=60240,640.5333009812733,142.3407335513941
2026-02-18T13:27:19.164439,Survivor,BANKNIFTY,SELL_PE,61004.232142857145,202.2578869261124,-0.3413445823059748,0.0004158821925828,-84.71373762770985,61335.85,2,Survivor: PE sell at 61004 dist=332 gap=133 res=60622,40.451577385222485,303.3868303891686
2026-02-18T13:27:19.164439,CPR,SENSEX,BUY_CE_CPR,83400.0,480.2393566520186,0.5267521324151473,0.0003561543361778,-118.95706590834838,83437.79,2,Narrow CPR (0.146%) bullish breakout above TC=82687,864.4308419736335,192.09574266080745
2026-02-18T13:27:19.164439,Survivor,SENSEX,SELL_PE,82990.24071428571,246.1675045973061,-0.3318487278173473,0.0003247593047897,-106.38672680936315,83437.79,2,Survivor: PE sell at 82990 dist=448 gap=179 res=83080,49.23350091946122,369.2512568959592
2026-02-18T13:38:01.708005,CPR,NIFTY,BUY_CE_CPR,25750.0,132.8800724558987,0.4861011857142878,0.0011358474109625,-37.1908409337178,25726.2,2,Narrow CPR (0.173%) bullish breakout above TC=25493,239.1841304206177,53.15202898235948
2026-02-18T13:38:01.708005,Ghost Zone,NIFTY,BUY_CE_GTZ,25750.0,132.8800724558987,0.4861011857142878,0.0011358474109625,-37.1908409337178,25726.2,2,Ghost Zone: Demand zone retest 25444 bounce=0.29x strength=4,172.7440941926683,53.15202898235948
2026-02-18T13:38:01.708005,Survivor,NIFTY,SELL_PE,25586.09821428572,77.52127230724909,-0.3324532121839685,0.001034767775401,-33.41083567193527,25726.2,2,Survivor: PE sell at 25586 dist=140 gap=70 res=25630,15.504254461449818,116.28190846087364
2026-02-18T13:38:01.708005,CPR,BANKNIFTY,BUY_CE_CPR,61300.0,369.10859877371695,0.5192236878181477,0.0004530611344591,-93.22182159456332,61314.25,2,Narrow CPR (0.178%) bullish breakout above TC=60240,664.3954777926905,147.6434395094868
2026-02-18T13:38:01.708005,Survivor,BANKNIFTY,SELL_PE,60972.59285714286,197.7637054433289,-0.3366790031518699,0.0004150252420471,-83.9737529835411,61314.25,2,Survivor: PE sell at 60973 dist=342 gap=137 res=60622,39.55274108866579,296.6455581649934
2026-02-18T13:38:01.708005,CPR,SENSEX,BUY_CE_CPR,83400.0,465.9998629211405,0.5173910320675545,0.0003571387802456,-118.80047534783618,83411.49,2,Narrow CPR (0.146%) bullish breakout above TC=82687,838.7997532580529,186.39994516845616
2026-02-18T13:38:01.708005,Ghost Zone,SENSEX,BUY_CE_GTZ,83400.0,465.9998629211405,0.5173910320675545,0.0003571387802456,-118.80047534783618,83411.49,2,Ghost Zone: Demand zone retest 82535 bounce=0.27x strength=2,605.7998217974827,186.39994516845616
2026-02-18T13:38:01.708005,Survivor,SENSEX,SELL_PE,82948.22857142858,240.33412509853224,-0.3265066971045268,0.0003231169010026,-105.4978550420814,83411.49,2,Survivor: PE sell at 82948 dist=463 gap=185 res=83080,48.06682501970645,360.5011876477984
2026-02-18T13:43:33.206311,CPR,NIFTY,BUY_CE_CPR,25700.0,155.328403874586,0.5368812180091157,0.0011329993992703,-37.24983349562296,25720.9,2,Narrow CPR (0.173%) bullish breakout above TC=25493,279.5911269742548,62.1313615498344
2026-02-18T13:43:33.206311,Ghost Zone,NIFTY,BUY_CE_GTZ,25700.0,155.328403874586,0.5368812180091157,0.0011329993992703,-37.24983349562296,25720.9,2,Ghost Zone: Demand zone retest 25444 bounce=0.27x strength=4,201.92692503696185,62.1313615498344
2026-02-18T13:43:33.206311,Survivor,NIFTY,SELL_PE,25580.798214285714,77.37304225752632,-0.3322765431489567,0.0010357585213568,-33.36577369349111,25720.9,2,Survivor: PE sell at 25581 dist=140 gap=70 res=25630,15.474608451505263,116.05956338628948
2026-02-18T13:43:33.206311,CPR,BANKNIFTY,BUY_CE_CPR,61300.0,372.55432609092895,0.5218789206646476,0.0004523785563017,-93.322693434921,61320.15,2,Narrow CPR (0.178%) bullish breakout above TC=60240,670.5977869636721,149.0217304363716
2026-02-18T13:43:33.206311,Survivor,BANKNIFTY,SELL_PE,60978.49285714286,198.13711724412497,-0.3368513878487085,0.000414624807666,-84.08554375144958,61320.15,2,Survivor: PE sell at 60978 dist=342 gap=137 res=60622,39.627423448825,297.20567586618745
2026-02-18T13:43:33.206311,CPR,SENSEX,BUY_CE_CPR,83400.0,464.72153810071177,0.5166014453566576,0.0003572833353729,-118.7625491933618,83409.27,2,Narrow CPR (0.146%) bullish breakout above TC=82687,836.4987685812812,185.8886152402847
2026-02-18T13:43:33.206311,Ghost Zone,SENSEX,BUY_CE_GTZ,83400.0,464.72153810071177,0.5166014453566576,0.0003572833353729,-118.7625491933618,83409.27,2,Ghost Zone: Demand zone retest 82535 bounce=0.27x strength=2,604.1379995309253,185.8886152402847
2026-02-18T13:43:33.206311,Survivor,SENSEX,SELL_PE,82946.00857142858,240.2055028014729,-0.3264564971917847,0.0003232001644164,-105.45844770995032,83409.27,2,Survivor: PE sell at 82946 dist=463 gap=185 res=83080,48.04110056029458,360.30825420220935
2026-02-18T13:49:07.278129,CPR,NIFTY,BUY_CE_CPR,25750.0,136.4681911582975,0.493901953071473,0.001134225756897,-37.31094029505812,25733.05,2,Narrow CPR (0.173%) bullish breakout above TC=25493,245.6427440849355,54.587276463319
2026-02-18T13:49:07.278129,Ghost Zone,NIFTY,BUY_CE_GTZ,25750.0,136.4681911582975,0.493901953071473,0.001134225756897,-37.31094029505812,25733.05,2,Ghost Zone: Demand zone retest 25444 bounce=0.31x strength=4,177.40864850578674,54.587276463319
2026-02-18T13:49:07.278129,Survivor,NIFTY,SELL_PE,25592.948214285712,77.7654926924697,-0.3327436254970018,0.0010331412883415,-33.48489078680815,25733.05,2,Survivor: PE sell at 25593 dist=140 gap=70 res=25630,15.55309853849394,116.64823903870456
2026-02-18T13:49:07.278129,CPR,BANKNIFTY,BUY_CE_CPR,61350.0,362.475123364562,0.5117411716536427,0.0004511489713705,-93.64404577714134,61347.8,2,Narrow CPR (0.178%) bullish breakout above TC=60240,652.4552220562117,144.9900493458248
2026-02-18T13:49:07.278129,Survivor,BANKNIFTY,SELL_PE,61006.14285714286,199.35657776822336,-0.337411112707585,0.0004133209058033,-84.45102056109661,61347.8,2,Survivor: PE sell at 61006 dist=342 gap=137 res=60622,39.87131555364468,299.03486665233504
2026-02-18T13:49:07.278129,CPR,SENSEX,BUY_CE_CPR,83500.0,447.841731197208,0.5031358768326621,0.0003558763026376,-119.19731176437492,83471.55,2,Narrow CPR (0.146%) bullish breakout above TC=82687,806.1151161549744,179.13669247888322
2026-02-18T13:49:07.278129,Ghost Zone,SENSEX,BUY_CE_GTZ,83500.0,447.841731197208,0.5031358768326621,0.0003558763026376,-119.19731176437492,83471.55,2,Ghost Zone: Demand zone retest 82535 bounce=0.33x strength=2,582.1942505563704,179.13669247888322
2026-02-18T13:49:07.278129,Survivor,SENSEX,SELL_PE,83008.28857142858,242.12793185372,-0.3272022465974397,0.0003219570079722,-106.04926559378306,83471.55,2,Survivor: PE sell at 83008 dist=463 gap=185 res=83080,48.42558637074399,363.1918977805799
2026-02-18T13:54:41.764948,CPR,NIFTY,BUY_CE_CPR,25700.0,148.24564418373302,0.5225712581323204,0.0011397215600879,-37.16526109482714,25708.25,2,Narrow CPR (0.173%) bullish breakout above TC=25493,266.84215953071947,59.29825767349321
2026-02-18T13:54:41.764948,Ghost Zone,NIFTY,BUY_CE_GTZ,25700.0,148.24564418373302,0.5225712581323204,0.0011397215600879,-37.16526109482714,25708.25,2,Ghost Zone: Demand zone retest 25444 bounce=0.23x strength=4,192.71933743885293,59.29825767349321
2026-02-18T13:54:41.764948,Survivor,NIFTY,SELL_PE,25568.14821428572,76.9636279510596,-0.3317861424090713,0.0010385023483759,-33.241381425866244,25708.25,2,Survivor: PE sell at 25568 dist=140 gap=70 res=25630,15.392725590211922,115.4454419265894
2026-02-18T13:54:41.764948,CPR,BANKNIFTY,BUY_CE_CPR,61300.0,352.9037806866,0.5059155968297833,0.0004552622642187,-92.83676891594818,61284.9,2,Narrow CPR (0.178%) bullish breakout above TC=60240,635.2268052358799,141.16151227464
2026-02-18T13:54:41.764948,Survivor,BANKNIFTY,SELL_PE,60943.24285714286,196.5512475490832,-0.3361169605277631,0.0004163322154899,-83.60965936964897,61284.9,2,Survivor: PE sell at 60943 dist=342 gap=137 res=60622,39.31024950981664,294.8268713236248
2026-02-18T13:54:41.764948,CPR,SENSEX,BUY_CE_CPR,83400.0,454.4266113578488,0.50973944826101,0.0003579203623836,-118.58905081865758,83390.06,2,Narrow CPR (0.146%) bullish breakout above TC=82687,817.9679004441277,181.7706445431395
2026-02-18T13:54:41.764948,Ghost Zone,SENSEX,BUY_CE_GTZ,83400.0,454.4266113578488,0.50973944826101,0.0003579203623836,-118.58905081865758,83390.06,2,Ghost Zone: Demand zone retest 82535 bounce=0.24x strength=2,590.7545947652034,181.7706445431395
2026-02-18T13:54:41.764948,Survivor,SENSEX,SELL_PE,82926.79857142858,239.7198565918989,-0.326267101542775,0.000323515992205,-105.3087675600724,83390.06,2,Survivor: PE sell at 82927 dist=463 gap=185 res=83080,47.94397131837977,359.5797848878483
2026-02-18T14:00:13.071156,CPR,NIFTY,BUY_CE_CPR,25700.0,157.6757214433419,0.5414882579047733,0.0011304165900696,-37.27087607005245,25725.0,2,Narrow CPR (0.173%) bullish breakout above TC=25493,283.8162985980154,63.07028857733676
2026-02-18T14:00:13.071156,Ghost Zone,NIFTY,BUY_CE_GTZ,25700.0,157.6757214433419,0.5414882579047733,0.0011304165900696,-37.27087607005245,25725.0,2,Ghost Zone: Demand zone retest 25444 bounce=0.28x strength=4,204.9784378763445,63.07028857733676
2026-02-18T14:00:13.071156,Survivor,NIFTY,SELL_PE,25584.89821428572,77.51792586094962,-0.3324493693081287,0.0010347912228925,-33.409732054242944,25725.0,2,Survivor: PE sell at 25585 dist=140 gap=70 res=25630,15.503585172189924,116.27688879142444
2026-02-18T14:00:13.071156,CPR,BANKNIFTY,BUY_CE_CPR,61300.0,373.256584070783,0.5225852120034253,0.0004524606895679,-93.2971731765789,61321.7,2,Narrow CPR (0.178%) bullish breakout above TC=60240,671.8618513274095,149.3026336283132
2026-02-18T14:00:13.071156,Survivor,BANKNIFTY,SELL_PE,60980.04285714286,198.0468201043841,-0.3368095925214994,0.0004147210933957,-84.05875692261739,61321.7,2,Survivor: PE sell at 60980 dist=342 gap=137 res=60622,39.609364020876825,297.07023015657614
2026-02-18T14:00:13.071156,CPR,SENSEX,BUY_CE_CPR,83400.0,477.9649494391706,0.5251526673817244,0.0003562010927121,-118.97687244249704,83433.31,2,Narrow CPR (0.146%) bullish breakout above TC=82687,860.3369089905071,191.18597977566824
2026-02-18T14:00:13.071156,Ghost Zone,SENSEX,BUY_CE_GTZ,83400.0,477.9649494391706,0.5251526673817244,0.0003562010927121,-118.97687244249704,83433.31,2,Ghost Zone: Demand zone retest 82535 bounce=0.29x strength=2,621.3544342709218,191.18597977566824
2026-02-18T14:00:13.071156,Survivor,SENSEX,SELL_PE,82970.04857142858,240.9721553016097,-0.3267547944358914,0.000322703396989,-105.69411664267932,83433.31,2,Survivor: PE sell at 82970 dist=463 gap=185 res=83080,48.19443106032195,361.4582329524146
2026-02-18T14:05:42.953463,CPR,NIFTY,BUY_CE_CPR,25750.0,132.76012970972988,0.4857640661344191,0.0011356171256609,-37.19429962625112,25725.9,2,Narrow CPR (0.173%) bullish breakout above TC=25493,238.9682334775138,53.10405188389196
2026-02-18T14:05:42.953463,Ghost Zone,NIFTY,BUY_CE_GTZ,25750.0,132.76012970972988,0.4857640661344191,0.0011356171256609,-37.19429962625112,25725.9,2,Ghost Zone: Demand zone retest 25444 bounce=0.29x strength=4,172.58816862264885,53.10405188389196
2026-02-18T14:05:42.953463,Survivor,NIFTY,SELL_PE,25585.798214285714,77.54335558509229,-0.3324796387963907,0.0010346214381291,-33.41746030054876,25725.9,2,Survivor: PE sell at 25586 dist=140 gap=70 res=25630,15.50867111701846,116.31503337763844
2026-02-18T14:05:42.953463,CPR,BANKNIFTY,BUY_CE_CPR,61300.0,372.8712082526763,0.5217692004106125,0.0004518442109593,-93.4277685992408,61319.95,2,Narrow CPR (0.178%) bullish breakout above TC=60240,671.1681748548174,149.1484833010705
2026-02-18T14:05:42.953463,Survivor,BANKNIFTY,SELL_PE,60978.29285714286,198.52221716489657,-0.337029052447947,0.0004142136204961,-84.20027882896265,61319.95,2,Survivor: PE sell at 60978 dist=342 gap=137 res=60622,39.70444343297932,297.78332574734486
2026-02-18T14:05:42.953463,CPR,SENSEX,BUY_CE_CPR,83400.0,466.1422903705607,0.5174651105879415,0.0003571078695246,-118.80938835398574,83411.7,2,Narrow CPR (0.146%) bullish breakout above TC=82687,839.0561226670092,186.45691614822428
2026-02-18T14:05:42.953463,Ghost Zone,SENSEX,BUY_CE_GTZ,83400.0,466.1422903705607,0.5174651105879415,0.0003571078695246,-118.80938835398574,83411.7,2,Ghost Zone: Demand zone retest 82535 bounce=0.27x strength=2,605.9849774817288,186.45691614822428
2026-02-18T14:05:42.953463,Survivor,SENSEX,SELL_PE,82948.43857142857,240.3656676742612,-0.3265190164568013,0.0003230965214292,-105.50749218414852,83411.7,2,Survivor: PE sell at 82948 dist=463 gap=185 res=83080,48.073133534852246,360.5485015113918
2026-02-18T14:11:19.330316,CPR,NIFTY,BUY_CE_CPR,25750.0,138.45461760398393,0.4982171948856145,0.0011333604023595,-37.36497837147714,25736.85,2,Narrow CPR (0.173%) bullish breakout above TC=25493,249.21831168717108,55.38184704159357
2026-02-18T14:11:19.330316,Survivor,NIFTY,SELL_PE,25600.84107142857,79.26740652646913,-0.3371338861572371,0.0010375600063297,-33.698016581708444,25736.85,2,Survivor: PE sell at 25601 dist=136 gap=70 res=25630,15.853481305293826,118.9011097897037
2026-02-18T14:11:19.330316,CPR,BANKNIFTY,BUY_CE_CPR,61350.0,357.48506642954817,0.5077504189282517,0.0004519382642535,-93.48966121388447,61338.95,2,Narrow CPR (0.178%) bullish breakout above TC=60240,643.4731195731868,142.99402657181926
2026-02-18T14:11:19.330316,Survivor,BANKNIFTY,SELL_PE,61007.33214285714,202.3303861269087,-0.34137682428633,0.0004158036001637,-84.73540724333749,61338.95,2,Survivor: PE sell at 61007 dist=332 gap=133 res=60622,40.46607722538175,303.49557919036306
2026-02-18T14:11:19.330316,CPR,SENSEX,BUY_CE_CPR,83500.0,449.7546275698333,0.5044420260587207,0.0003557986779699,-119.23415297070407,83475.22,2,Narrow CPR (0.146%) bullish breakout above TC=82687,809.5583296256999,179.9018510279333
2026-02-18T14:11:19.330316,Survivor,SENSEX,SELL_PE,83027.67071428572,247.45953286996155,-0.3323327781653125,0.0003239127778705,-106.77917319362037,83475.22,2,Survivor: PE sell at 83028 dist=448 gap=179 res=83080,49.49190657399231,371.1892993049423
2026-02-18T14:16:59.041564,CPR,NIFTY,BUY_CE_CPR,25750.0,147.34085537550345,0.5169822311202942,0.0011279212398587,-37.55702332269777,25753.45,2,Narrow CPR (0.173%) bullish breakout above TC=25493,265.21353967590625,58.93634215020138
2026-02-18T14:16:59.041564,Ghost Zone,NIFTY,BUY_CE_GTZ,25750.0,147.34085537550345,0.5169822311202942,0.0011279212398587,-37.55702332269777,25753.45,2,Ghost Zone: Demand zone retest 25444 bounce=0.39x strength=4,191.5431119881545,58.93634215020138
2026-02-18T14:16:59.041564,Survivor,NIFTY,SELL_PE,25613.269642857143,78.34982848137588,-0.3333834653052226,0.001028991577466,-33.66673063658222,25753.45,2,Survivor: PE sell at 25613 dist=140 gap=70 res=25630,15.669965696275176,117.52474272206382
2026-02-18T14:16:59.041564,CPR,BANKNIFTY,BUY_CE_CPR,61350.0,373.39797796857965,0.5203093467568807,0.0004492592726947,-93.95539630544684,61366.9,2,Narrow CPR (0.178%) bullish breakout above TC=60240,672.1163603434434,149.35919118743186
2026-02-18T14:16:59.041564,Gamma Blast,BANKNIFTY,BUY_CE_GAMMA,61350.0,339.2537080172588,0.5162646886217722,0.0004889571636171,-168.0604400654278,61366.9,2,Gamma Blast: Up breakout body=112 ATR=683 range=0.41x,848.1342700431469,101.77611240517764
2026-02-18T14:16:59.041564,Survivor,BANKNIFTY,SELL_PE,61025.24285714286,200.43315960444303,-0.3379019579046639,0.00041217713877,-84.77288516084143,61366.9,2,Survivor: PE sell at 61025 dist=342 gap=137 res=60622,40.08663192088861,300.6497394066646
2026-02-18T14:16:59.041564,CPR,SENSEX,BUY_CE_CPR,83500.0,476.565295971217,0.5220239214506172,0.0003539956778919,-119.73641300591724,83524.82,2,Narrow CPR (0.146%) bullish breakout above TC=82687,857.8175327481906,190.6261183884868
2026-02-18T14:16:59.041564,Ghost Zone,SENSEX,BUY_CE_GTZ,83500.0,476.565295971217,0.5220239214506172,0.0003539956778919,-119.73641300591724,83524.82,2,Ghost Zone: Demand zone retest 82535 bounce=0.39x strength=2,619.5348847625821,190.6261183884868
2026-02-18T14:16:59.041564,Survivor,SENSEX,SELL_PE,83061.55857142858,243.66487889595737,-0.3277931673650084,0.000320969260246,-106.52119047423236,83524.82,2,Survivor: PE sell at 83062 dist=463 gap=185 res=83080,48.73297577919148,365.49731834393606
2026-02-18T14:22:43.599576,CPR,NIFTY,BUY_CE_CPR,25800.0,137.0857774184733,0.4915355213491151,0.0011204824852731,-37.72665165018269,25780.8,2,Narrow CPR (0.173%) bullish breakout above TC=25493,246.754399353252,54.83431096738932
2026-02-18T14:22:43.599576,Ghost Zone,NIFTY,BUY_CE_GTZ,25800.0,137.0857774184733,0.4915355213491151,0.0011204824852731,-37.72665165018269,25780.8,2,Ghost Zone: Demand zone retest 25444 bounce=0.48x strength=4,178.2115106440153,54.83431096738932
2026-02-18T14:22:43.599576,Survivor,NIFTY,SELL_PE,25639.78392857143,79.0054976248066,-0.3336204051801951,0.0010217953243477,-33.91394119461387,25780.8,2,Survivor: PE sell at 25640 dist=141 gap=70 res=25630,15.80109952496132,118.50824643720988
2026-02-18T14:22:43.599576,CPR,BANKNIFTY,BUY_CE_CPR,61450.0,372.5097815310765,0.5152717406313557,0.0004436141158585,-95.1337238392135,61455.95,2,Narrow CPR (0.178%) bullish breakout above TC=60240,670.5176067559377,149.00391261243058
2026-02-18T14:22:43.599576,Gamma Blast,BANKNIFTY,BUY_CE_GAMMA,61450.0,338.0198419301596,0.5108389463166786,0.0004827641767487,-170.2460224267369,61455.95,2,Gamma Blast: Up breakout body=201 ATR=689 range=0.52x,845.049604825399,101.40595257904788
2026-02-18T14:22:43.599576,Ghost Zone,BANKNIFTY,BUY_PE_GTZ,61450.0,344.6773772590532,-0.4847282593686443,0.0004436141158585,-94.92716781892965,61455.95,2,Ghost Zone: Supply zone retest 61765 rejection=0.00x strength=2,448.0805904367691,137.87095090362126
2026-02-18T14:22:43.599576,Survivor,BANKNIFTY,SELL_PE,61111.53214285714,203.78777718894344,-0.3387007442519752,0.0004071392623341,-85.94004964178787,61455.95,2,Survivor: PE sell at 61112 dist=344 gap=138 res=60622,40.75755543778869,305.6816657834152
2026-02-18T14:22:43.599576,CPR,SENSEX,BUY_CE_CPR,83600.0,463.71550257216586,0.511208289173965,0.0003522765575762,-120.38590907255978,83594.37,2,Narrow CPR (0.146%) bullish breakout above TC=82687,834.6879046298985,185.4862010288664
2026-02-18T14:22:43.599576,Ghost Zone,SENSEX,BUY_CE_GTZ,83600.0,463.71550257216586,0.511208289173965,0.0003522765575762,-120.38590907255978,83594.37,2,Ghost Zone: Demand zone retest 82535 bounce=0.46x strength=2,602.8301533438156,185.4862010288664
2026-02-18T14:22:43.599576,Survivor,SENSEX,SELL_PE,83130.09821428571,245.76752055084944,-0.3283979664979211,0.0003192874419104,-107.22214630807775,83594.37,2,Survivor: PE sell at 83130 dist=464 gap=186 res=83080,49.15350411016989,368.65128082627416
2026-02-18T14:28:27.977025,CPR,NIFTY,BUY_CE_CPR,25800.0,142.72827794590555,0.503528672312289,0.0011177167273757,-37.88273705639128,25791.5,2,Narrow CPR (0.173%) bullish breakout above TC=25493,256.91090030263007,57.09131117836223
2026-02-18T14:28:27.977025,Survivor,NIFTY,SELL_PE,25655.49107142857,81.05908010170242,-0.3391675390395666,0.0010256474347566,-34.235586634463985,25791.5,2,Survivor: PE sell at 25655 dist=136 gap=70 res=25630,16.211816020340486,121.58862015255364
2026-02-18T14:28:27.977025,CPR,BANKNIFTY,BUY_CE_CPR,61500.0,375.61891321648,0.5152417711631168,0.0004398715993701,-95.89996014862272,61506.05,2,Narrow CPR (0.178%) bullish breakout above TC=60240,676.114043789664,150.247565286592
2026-02-18T14:28:27.977025,Ghost Zone,BANKNIFTY,BUY_PE_GTZ,61500.0,347.6687038962264,-0.4847582288368832,0.0004398715993701,-95.6948745239931,61506.05,2,Ghost Zone: Supply zone retest 61765 rejection=-0.00x strength=2,451.9693150650943,139.06748155849056
2026-02-18T14:28:27.977025,Survivor,BANKNIFTY,SELL_PE,61174.43214285715,211.0352203554794,-0.3451544238998806,0.000406603064195,-87.3100745933605,61506.05,2,Survivor: PE sell at 61174 dist=332 gap=133 res=60622,42.20704407109588,316.5528305332191
2026-02-18T14:28:27.977025,CPR,SENSEX,BUY_CE_CPR,83700.0,448.9194928938596,0.4989917714967349,0.0003504164361765,-120.90045111349212,83659.57,2,Narrow CPR (0.146%) bullish breakout above TC=82687,808.0550872089473,179.56779715754385
2026-02-18T14:28:27.977025,Survivor,SENSEX,SELL_PE,83212.02071428573,253.72696735694623,-0.3346371799279667,0.0003198651206901,-108.67736337742669,83659.57,2,Survivor: PE sell at 83212 dist=448 gap=179 res=83080,50.74539347138926,380.5904510354194
2026-02-18T14:34:09.151728,CPR,NIFTY,BUY_CE_CPR,25800.0,140.69798601389994,0.499275436780631,0.0011189053710106,-37.82807634204668,25787.7,2,Narrow CPR (0.173%) bullish breakout above TC=25493,253.2563748250199,56.27919440555998
2026-02-18T14:34:09.151728,Ghost Zone,NIFTY,BUY_CE_GTZ,25800.0,140.69798601389994,0.499275436780631,0.0011189053710106,-37.82807634204668,25787.7,2,Ghost Zone: Demand zone retest 25444 bounce=0.50x strength=4,182.90738181806992,56.27919440555998
2026-02-18T14:34:09.151728,Survivor,NIFTY,SELL_PE,25646.41607142857,79.12555883946516,-0.3335907295770914,0.0010200933327624,-33.96596668936377,25787.7,2,Survivor: PE sell at 25646 dist=141 gap=70 res=25630,15.825111767893032,118.68833825919774
2026-02-18T14:34:09.151728,CPR,BANKNIFTY,BUY_CE_CPR,61500.0,372.1044542206473,0.5126326360894846,0.0004405714282763,-95.76924210360455,61500.1,2,Narrow CPR (0.178%) bullish breakout above TC=60240,669.7880175971652,148.84178168825892
2026-02-18T14:34:09.151728,Gamma Blast,BANKNIFTY,BUY_CE_GAMMA,61500.0,337.4278973390501,0.5079975563067264,0.000479422597869,-171.42290169801498,61500.1,2,Gamma Blast: Up breakout body=245 ATR=693 range=0.60x,843.5697433476253,101.22836920171504
2026-02-18T14:34:09.151728,Ghost Zone,BANKNIFTY,BUY_PE_GTZ,61500.0,350.1042449004017,-0.4873673639105153,0.0004405714282763,-95.62114751643516,61500.1,2,Ghost Zone: Supply zone retest 61765 rejection=0.02x strength=2,455.1355183705222,140.0416979601607
2026-02-18T14:34:09.151728,Survivor,BANKNIFTY,SELL_PE,61153.7,205.44872633031264,-0.3389317247576141,0.0004043592270919,-86.55410048623874,61500.1,2,Survivor: PE sell at 61154 dist=346 gap=139 res=60622,41.08974526606253,308.17308949546896
2026-02-18T14:34:09.151728,CPR,SENSEX,BUY_CE_CPR,83600.0,489.2932243189425,0.5274556612567365,0.0003502287439537,-120.83947165676732,83640.75,2,Narrow CPR (0.146%) bullish breakout above TC=82687,880.7278037740965,195.71728972757705
2026-02-18T14:34:09.151728,Ghost Zone,SENSEX,BUY_CE_GTZ,83600.0,489.2932243189425,0.5274556612567365,0.0003502287439537,-120.83947165676732,83640.75,2,Ghost Zone: Demand zone retest 82535 bounce=0.51x strength=2,636.0811916146253,195.71728972757705
2026-02-18T14:34:09.151728,Survivor,SENSEX,SELL_PE,83175.41285714286,246.98731545885312,-0.3286523400478976,0.0003181590118124,-107.65582195651348,83640.75,2,Survivor: PE sell at 83175 dist=465 gap=186 res=83080,49.39746309177063,370.4809731882797
2026-02-18T14:39:48.567368,CPR,NIFTY,BUY_CE_CPR,25800.0,138.13351444996806,0.4938896393474332,0.0011204091258554,-37.74743678729762,25782.9,2,Narrow CPR (0.173%) bullish breakout above TC=25493,248.64032600994253,55.253405779987226
2026-02-18T14:39:48.567368,Ghost Zone,NIFTY,BUY_CE_GTZ,25800.0,138.13351444996806,0.4938896393474332,0.0011204091258554,-37.74743678729762,25782.9,2,Ghost Zone: Demand zone retest 25444 bounce=0.49x strength=4,179.5735687849585,55.253405779987226
2026-02-18T14:39:48.567368,Survivor,NIFTY,SELL_PE,25641.582142857143,78.925587432861,-0.3333361446179113,0.0010212746887233,-33.90746830385088,25782.9,2,Survivor: PE sell at 25642 dist=141 gap=70 res=25630,15.7851174865722,118.38838114929148
2026-02-18T14:39:48.567368,CPR,BANKNIFTY,BUY_CE_CPR,61500.0,361.8099520355136,0.504365385011289,0.0004418309388131,-95.50115693799712,61481.35,2,Narrow CPR (0.178%) bullish breakout above TC=60240,651.2579136639245,144.72398081420542
2026-02-18T14:39:48.567368,Gamma Blast,BANKNIFTY,BUY_CE_GAMMA,61500.0,327.2884752930913,0.498992266180371,0.000480675940841,-170.95725804649604,61481.35,2,Gamma Blast: Up breakout body=226 ATR=693 range=0.60x,818.2211882327283,98.1865425879274
2026-02-18T14:39:48.567368,Ghost Zone,BANKNIFTY,BUY_PE_GTZ,61500.0,358.55974271526065,-0.495634614988711,0.0004418309388131,-95.53385107736564,61481.35,2,Ghost Zone: Supply zone retest 61765 rejection=0.05x strength=2,466.1276655298389,143.42389708610426
2026-02-18T14:39:48.567368,Survivor,BANKNIFTY,SELL_PE,61134.95,204.65257390988336,-0.3385792865597439,0.000405173828103,-86.31630943766797,61481.35,2,Survivor: PE sell at 61135 dist=346 gap=139 res=60622,40.93051478197668,306.97886086482504
2026-02-18T14:39:48.567368,CPR,SENSEX,BUY_CE_CPR,83600.0,475.31167884998285,0.5186716020699889,0.0003514311819042,-120.60983350601816,83615.62,2,Narrow CPR (0.146%) bullish breakout above TC=82687,855.5610219299691,190.1246715399932
2026-02-18T14:39:48.567368,Ghost Zone,SENSEX,BUY_CE_GTZ,83600.0,475.31167884998285,0.5186716020699889,0.0003514311819042,-120.60983350601816,83615.62,2,Ghost Zone: Demand zone retest 82535 bounce=0.49x strength=2,617.9051825049777,190.1246715399932
2026-02-18T14:39:48.567368,Survivor,SENSEX,SELL_PE,83150.28285714285,246.1070649758003,-0.3283194934069754,0.0003187139257334,-107.3865726094346,83615.62,2,Survivor: PE sell at 83150 dist=465 gap=186 res=83080,49.22141299516007,369.16059746370047
2026-02-18T14:45:32.046244,CPR,NIFTY,BUY_CE_CPR,25800.0,136.6495123978475,0.4907415753143765,0.0011211936050949,-37.69737369085692,25780.1,2,Narrow CPR (0.173%) bullish breakout above TC=25493,245.96912231612552,54.659804959139
2026-02-18T14:45:32.046244,Survivor,NIFTY,SELL_PE,25644.09107142857,80.62528741736969,-0.3386801375710342,0.0010285056301099,-34.10579122507676,25780.1,2,Survivor: PE sell at 25644 dist=136 gap=70 res=25630,16.125057483473938,120.93793112605454
2026-02-18T14:45:32.046244,CPR,BANKNIFTY,BUY_CE_CPR,61500.0,374.0668473899823,0.5144874753043275,0.0004407092776961,-95.73284706120768,61504.3,2,Narrow CPR (0.178%) bullish breakout above TC=60240,673.3203253019682,149.62673895599292
2026-02-18T14:45:32.046244,Ghost Zone,BANKNIFTY,BUY_PE_GTZ,61500.0,347.8666380697323,-0.4855125246956724,0.0004407092776961,-95.54405312421616,61504.3,2,Ghost Zone: Supply zone retest 61765 rejection=-0.02x strength=2,452.226629490652,139.14665522789292
2026-02-18T14:45:32.046244,Survivor,BANKNIFTY,SELL_PE,61172.68214285715,210.4242128385849,-0.3448953401203981,0.0004072344502979,-87.13083305437826,61504.3,2,Survivor: PE sell at 61173 dist=332 gap=133 res=60622,42.08484256771699,315.6363192578774
2026-02-18T14:45:32.046244,CPR,SENSEX,BUY_CE_CPR,83600.0,469.1519535819025,0.5147240291812689,0.0003518943172358,-120.49603744351266,83604.37,2,Narrow CPR (0.146%) bullish breakout above TC=82687,844.4735164474245,187.660781432761
2026-02-18T14:45:32.046244,Survivor,SENSEX,SELL_PE,83156.82071428571,251.71264415671607,-0.3339041491657835,0.0003211550503317,-108.06864131470276,83604.37,2,Survivor: PE sell at 83157 dist=448 gap=179 res=83080,50.34252883134323,377.5689662350742
2026-02-18T14:51:12.820418,CPR,NIFTY,BUY_CE_CPR,25800.0,135.75507986498815,0.4887219560476382,0.001121227815014,-37.677776297468135,25778.3,2,Narrow CPR (0.173%) bullish breakout above TC=25493,244.35914375697868,54.30203194599526
2026-02-18T14:51:12.820418,Ghost Zone,NIFTY,BUY_CE_GTZ,25800.0,135.75507986498815,0.4887219560476382,0.001121227815014,-37.677776297468135,25778.3,2,Ghost Zone: Demand zone retest 25444 bounce=0.47x strength=4,176.4816038244846,54.30203194599526
2026-02-18T14:51:12.820418,Survivor,NIFTY,SELL_PE,25636.98214285714,78.79503890884735,-0.3331836997557071,0.0010221248890291,-33.86786936923581,25778.3,2,Survivor: PE sell at 25637 dist=141 gap=70 res=25630,15.75900778176947,118.19255836327102
2026-02-18T14:51:12.820418,CPR,BANKNIFTY,BUY_CE_CPR,61500.0,368.3662609469866,0.5097059668498793,0.0004411238748993,-95.66130356332788,61493.45,2,Narrow CPR (0.178%) bullish breakout above TC=60240,663.0592697045759,147.34650437879463
2026-02-18T14:51:12.820418,Gamma Blast,BANKNIFTY,BUY_CE_GAMMA,61500.0,333.7486889570755,0.5048084521218612,0.0004799867171746,-171.2355685373462,61493.45,2,Gamma Blast: Up breakout body=238 ATR=693 range=0.60x,834.3717223926888,100.12460668712264
2026-02-18T14:51:12.820418,Ghost Zone,BANKNIFTY,BUY_PE_GTZ,61500.0,353.01605162673513,-0.4902940331501206,0.0004411238748993,-95.5771909879396,61493.45,2,Ghost Zone: Supply zone retest 61765 rejection=0.03x strength=2,458.9208671147557,141.20642065069407
2026-02-18T14:51:12.820418,Survivor,BANKNIFTY,SELL_PE,61147.05,205.1026412170285,-0.3387786626016069,0.0004047127171986,-86.45087794733584,61493.45,2,Survivor: PE sell at 61147 dist=346 gap=139 res=60622,41.02052824340572,307.65396182554286
2026-02-18T14:51:12.820418,CPR,SENSEX,BUY_CE_CPR,83600.0,463.068923767838,0.5107895302489672,0.0003523218121141,-120.37172060810796,83593.18,2,Narrow CPR (0.146%) bullish breakout above TC=82687,833.5240627821084,185.2275695071352
2026-02-18T14:51:12.820418,Ghost Zone,SENSEX,BUY_CE_GTZ,83600.0,463.068923767838,0.5107895302489672,0.0003523218121141,-120.37172060810796,83593.18,2,Ghost Zone: Demand zone retest 82535 bounce=0.46x strength=2,601.9896008981895,185.2275695071352
2026-02-18T14:51:12.820418,Survivor,SENSEX,SELL_PE,83127.84285714285,245.37217080686605,-0.3280405547134906,0.0003191787514075,-107.16151792120596,83593.18,2,Survivor: PE sell at 83128 dist=465 gap=186 res=83080,49.07443416137321,368.0582562102991
2026-02-18T14:57:15.492613,CPR,NIFTY,BUY_CE_CPR,25800.0,143.5368634084134,0.505149484676261,0.0011169981316395,-37.9099194686432,25792.95,2,Narrow CPR (0.173%) bullish breakout above TC=25493,258.3663541351441,57.41474536336537
2026-02-18T14:57:15.492613,Ghost Zone,NIFTY,BUY_CE_GTZ,25800.0,143.5368634084134,0.505149484676261,0.0011169981316395,-37.9099194686432,25792.95,2,Ghost Zone: Demand zone retest 25444 bounce=0.52x strength=4,186.59792243093744,57.41474536336537
2026-02-18T14:57:15.492613,Survivor,NIFTY,SELL_PE,25651.626785714285,79.32254242213276,-0.333794890966221,0.0010186833606929,-34.02778875095784,25792.95,2,Survivor: PE sell at 25652 dist=141 gap=70 res=25630,15.864508484426551,118.98381363319912
2026-02-18T14:57:15.492613,CPR,BANKNIFTY,BUY_CE_CPR,61550.0,368.89190129582494,0.5077119701293842,0.0004377976795943,-96.3482011315566,61538.95,2,Narrow CPR (0.178%) bullish breakout above TC=60240,664.005422332485,147.55676051832998
2026-02-18T14:57:15.492613,Gamma Blast,BANKNIFTY,BUY_CE_GAMMA,61550.0,334.06604491432154,0.5026717501559319,0.0004763394130751,-172.5022304364361,61538.95,2,Gamma Blast: Up breakout body=284 ATR=695 range=0.63x,835.1651122858038,100.21981347429646
2026-02-18T14:57:15.492613,Ghost Zone,BANKNIFTY,BUY_PE_GTZ,61550.0,358.0238869273526,-0.4922880298706158,0.0004377976795943,-96.3086210644041,61538.95,2,Ghost Zone: Supply zone retest 61765 rejection=0.00x strength=2,465.4310530055584,143.20955477094105
2026-02-18T14:57:15.492613,Survivor,BANKNIFTY,SELL_PE,61191.65357142857,207.3399147791933,-0.3395350838743547,0.0004019615928695,-87.17121884666172,61538.95,2,Survivor: PE sell at 61192 dist=347 gap=139 res=60622,41.46798295583867,311.00987216879
2026-02-18T14:57:15.492613,CPR,SENSEX,BUY_CE_CPR,83700.0,454.44225753661885,0.5027419444193234,0.0003502384047304,-121.00937308260258,83670.27,2,Narrow CPR (0.146%) bullish breakout above TC=82687,817.9960635659139,181.7769030146476
2026-02-18T14:57:15.492613,Ghost Zone,SENSEX,BUY_CE_GTZ,83700.0,454.44225753661885,0.5027419444193234,0.0003502384047304,-121.00937308260258,83670.27,2,Ghost Zone: Demand zone retest 82535 bounce=0.54x strength=2,590.7749347976045,181.7769030146476
2026-02-18T14:57:15.492613,Survivor,SENSEX,SELL_PE,83204.62607142857,247.8366631976678,-0.3289125419286542,0.0003175227736147,-107.93307545532126,83670.27,2,Survivor: PE sell at 83205 dist=466 gap=186 res=83080,49.56733263953356,371.7549947965017
2026-02-18T15:03:06.451329,CPR,NIFTY,BUY_CE_CPR,25800.0,155.7836759683123,0.5297215531553261,0.0011069309280862,-38.15326796095933,25815.1,2,Narrow CPR (0.173%) bullish breakout above TC=25493,280.4106167429622,62.31347038732493
2026-02-18T15:03:06.451329,Ghost Zone,NIFTY,BUY_CE_GTZ,25800.0,155.7836759683123,0.5297215531553261,0.0011069309280862,-38.15326796095933,25815.1,2,Ghost Zone: Demand zone retest 25444 bounce=0.60x strength=4,202.518778758806,62.31347038732493
2026-02-18T15:03:06.451329,Survivor,NIFTY,SELL_PE,25672.558928571427,79.73618663716479,-0.3335078592549536,0.0010118852762592,-34.22389530065849,25815.1,2,Survivor: PE sell at 25673 dist=143 gap=70 res=25630,15.947237327432958,119.6042799557472
2026-02-18T15:03:06.451329,CPR,BANKNIFTY,BUY_CE_CPR,61550.0,381.464107359192,0.5173658068419806,0.0004358445458773,-96.72210752284494,61561.1,2,Narrow CPR (0.178%) bullish breakout above TC=60240,686.6353932465456,152.5856429436768
2026-02-18T15:03:06.451329,Gamma Blast,BANKNIFTY,BUY_CE_GAMMA,61550.0,346.43807287627715,0.5131925909684227,0.0004743265441167,-173.15035430448293,61561.1,2,Gamma Blast: Up breakout body=306 ATR=699 range=0.71x,866.0951821906929,103.93142186288314
2026-02-18T15:03:06.451329,Ghost Zone,BANKNIFTY,BUY_PE_GTZ,61550.0,348.44609299071817,-0.4826341931580193,0.0004358445458773,-96.47133108645416,61561.1,2,Ghost Zone: Supply zone retest 61765 rejection=0.05x strength=2,452.9799208879336,139.37843719628728
2026-02-18T15:03:06.451329,Survivor,BANKNIFTY,SELL_PE,61211.76964285714,207.87641933163468,-0.3392549063807162,0.0004003461574028,-87.45310392297009,61561.1,2,Survivor: PE sell at 61212 dist=349 gap=140 res=60622,41.57528386632694,311.814628997452
2026-02-18T15:03:06.451329,CPR,SENSEX,BUY_CE_CPR,83700.0,494.4075870397428,0.5278301162256351,0.0003469538900478,-121.90605438123193,83742.39,2,Narrow CPR (0.146%) bullish breakout above TC=82687,889.933656671537,197.7630348158972
2026-02-18T15:03:06.451329,Ghost Zone,SENSEX,BUY_CE_GTZ,83700.0,494.4075870397428,0.5278301162256351,0.0003469538900478,-121.90605438123193,83742.39,2,Ghost Zone: Demand zone retest 82535 bounce=0.62x strength=2,642.7298631516657,197.7630348158972
2026-02-18T15:03:06.451329,Survivor,SENSEX,SELL_PE,83273.23607142858,249.55507256951387,-0.3288782788588004,0.0003152919187639,-108.65708452667876,83742.39,2,Survivor: PE sell at 83273 dist=469 gap=188 res=83080,49.91101451390278,374.3326088542708
2026-02-18T15:08:59.659058,CPR,NIFTY,BUY_CE_CPR,25800.0,158.6256890117602,0.5352154297734368,0.0011040834132099,-38.19008485768403,25820.1,2,Narrow CPR (0.173%) bullish breakout above TC=25493,285.52624022116834,63.45027560470408
2026-02-18T15:08:59.659058,Ghost Zone,NIFTY,BUY_CE_GTZ,25800.0,158.6256890117602,0.5352154297734368,0.0011040834132099,-38.19008485768403,25820.1,2,Ghost Zone: Demand zone retest 25444 bounce=0.61x strength=4,206.21339571528824,63.45027560470408
2026-02-18T15:08:59.659058,Survivor,NIFTY,SELL_PE,25677.558928571427,79.92534017261096,-0.3337260274280579,0.0010106797506046,-34.28108364478236,25820.1,2,Survivor: PE sell at 25678 dist=143 gap=70 res=25630,15.985068034522191,119.88801025891644
2026-02-18T15:08:59.659058,CPR,BANKNIFTY,BUY_CE_CPR,61550.0,368.5102943357924,0.5072517140946182,0.000437632479825,-96.38135862878715,61537.9,2,Narrow CPR (0.178%) bullish breakout above TC=60240,663.3185298044264,147.40411773431697
2026-02-18T15:08:59.659058,Gamma Blast,BANKNIFTY,BUY_CE_GAMMA,61550.0,333.6775572746301,0.5021729432927284,0.0004761529800724,-172.5646847960926,61537.9,2,Gamma Blast: Up breakout body=283 ATR=699 range=0.71x,834.1938931865752,100.10326718238902
2026-02-18T15:08:59.659058,Ghost Zone,BANKNIFTY,BUY_PE_GTZ,61550.0,358.6922799673157,-0.4927482859053818,0.000437632479825,-96.3519202286444,61537.9,2,Ghost Zone: Supply zone retest 61765 rejection=0.08x strength=2,466.2999639575104,143.4769119869263
2026-02-18T15:08:59.659058,Survivor,BANKNIFTY,SELL_PE,61188.56964285715,206.7725187309661,-0.3387719116176232,0.0004014539189457,-87.123856127792,61537.9,2,Survivor: PE sell at 61189 dist=349 gap=140 res=60622,41.35450374619322,310.1587780964492
2026-02-18T15:08:59.659058,CPR,SENSEX,BUY_CE_CPR,83800.0,448.4520501502411,0.4961601620699125,0.0003476384845342,-121.76391612358898,83751.25,2,Narrow CPR (0.146%) bullish breakout above TC=82687,807.2136902704341,179.38082006009645
2026-02-18T15:08:59.659058,Ghost Zone,SENSEX,BUY_CE_GTZ,83800.0,448.4520501502411,0.4961601620699125,0.0003476384845342,-121.76391612358898,83751.25,2,Ghost Zone: Demand zone retest 82535 bounce=0.63x strength=2,582.9876651953135,179.38082006009645
2026-02-18T15:08:59.659058,Survivor,SENSEX,SELL_PE,83282.09607142858,249.72827158321888,-0.3289427325721771,0.0003151845178606,-108.71031385300051,83751.25,2,Survivor: PE sell at 83282 dist=469 gap=188 res=83080,49.94565431664378,374.5924073748283
2026-02-18T15:14:52.783964,CPR,NIFTY,BUY_CE_CPR,25800.0,159.33324530257596,0.5366481185314911,0.0011035851544642,-38.1895545088227,25821.4,2,Narrow CPR (0.173%) bullish breakout above TC=25493,286.7998415446368,63.73329812103039
2026-02-18T15:14:52.783964,Ghost Zone,NIFTY,BUY_CE_GTZ,25800.0,159.33324530257596,0.5366481185314911,0.0011035851544642,-38.1895545088227,25821.4,2,Ghost Zone: Demand zone retest 25444 bounce=0.62x strength=4,207.13321889334875,63.73329812103039
2026-02-18T15:14:52.783964,Survivor,NIFTY,SELL_PE,25678.85892857143,79.94172444673859,-0.333744787063154,0.0010105746231496,-34.2861057286827,25821.4,2,Survivor: PE sell at 25679 dist=143 gap=70 res=25630,15.98834488934772,119.91258667010788
2026-02-18T15:14:52.783964,CPR,BANKNIFTY,BUY_CE_CPR,61550.0,367.7286433123518,0.5066610975648571,0.0004377704956786,-96.35094141352096,61536.55,2,Narrow CPR (0.178%) bullish breakout above TC=60240,661.9115579622332,147.0914573249407
2026-02-18T15:14:52.783964,Gamma Blast,BANKNIFTY,BUY_CE_GAMMA,61550.0,332.9106407181207,0.501529083366407,0.00047629441271,-172.51052156334694,61536.55,2,Gamma Blast: Up breakout body=281 ATR=699 range=0.71x,832.2766017953018,99.8731922154362
2026-02-18T15:14:52.783964,Ghost Zone,BANKNIFTY,BUY_PE_GTZ,61550.0,359.26062894387,-0.4933389024351429,0.0004377704956786,-96.33441313259094,61536.55,2,Ghost Zone: Supply zone retest 61765 rejection=0.09x strength=2,467.0388176270309,143.70425157754798
2026-02-18T15:14:52.783964,Survivor,BANKNIFTY,SELL_PE,61187.21964285715,206.6761307003944,-0.3387295532025341,0.0004015508234495,-87.09514717056234,61536.55,2,Survivor: PE sell at 61187 dist=349 gap=140 res=60622,41.33522614007889,310.01419605059164
2026-02-18T15:14:52.783964,CPR,SENSEX,BUY_CE_CPR,83700.0,491.4590362915842,0.5261017839441122,0.0003473072603932,-121.83121363739473,83737.37,2,Narrow CPR (0.146%) bullish breakout above TC=82687,884.6262653248516,196.5836145166337
2026-02-18T15:14:52.783964,Ghost Zone,SENSEX,BUY_CE_GTZ,83700.0,491.4590362915842,0.5261017839441122,0.0003473072603932,-121.83121363739473,83737.37,2,Ghost Zone: Demand zone retest 82535 bounce=0.61x strength=2,638.8967471790595,196.5836145166337
2026-02-18T15:14:52.783964,Survivor,SENSEX,SELL_PE,83268.21607142857,249.25528367358493,-0.3287661864891282,0.0003154770110574,-108.56574800476552,83737.37,2,Survivor: PE sell at 83268 dist=469 gap=188 res=83080,49.85105673471699,373.8829255103774
2026-02-18T15:20:45.308504,CPR,NIFTY,BUY_CE_CPR,25800.0,157.4745483296283,0.5330225285034376,0.0011053312247918,-38.17341237985544,25818.1,2,Narrow CPR (0.173%) bullish breakout above TC=25493,283.4541869933309,62.98981933185132
2026-02-18T15:20:45.308504,Survivor,NIFTY,SELL_PE,25682.09107142857,82.07312478676977,-0.3402941829881349,0.001019025338608,-34.53848452980306,25818.1,2,Survivor: PE sell at 25682 dist=136 gap=70 res=25630,16.414624957353954,123.10968718015464
2026-02-18T15:20:45.308504,CPR,BANKNIFTY,BUY_CE_CPR,61550.0,379.5452572237554,0.5158657031155057,0.0004361006666129,-96.68073425173496,61557.65,2,Narrow CPR (0.178%) bullish breakout above TC=60240,683.1814630027599,151.8181028895022
2026-02-18T15:20:45.308504,Gamma Blast,BANKNIFTY,BUY_CE_GAMMA,61550.0,344.5448292264373,0.5115583009557567,0.0004745912149547,-173.08160296252962,61557.65,2,Gamma Blast: Up breakout body=302 ATR=699 range=0.71x,861.3620730660932,103.3634487679312
2026-02-18T15:20:45.308504,Ghost Zone,BANKNIFTY,BUY_PE_GTZ,61550.0,349.9772428552751,-0.4841342968844943,0.0004361006666129,-96.4627993492272,61557.65,2,Ghost Zone: Supply zone retest 61765 rejection=0.06x strength=2,454.9704157118576,139.99089714211004
2026-02-18T15:20:45.308504,Survivor,BANKNIFTY,SELL_PE,61208.31964285715,207.7326363650718,-0.339192199434807,0.0004004901734369,-87.41020305327669,61557.65,2,Survivor: PE sell at 61208 dist=349 gap=140 res=60622,41.54652727301436,311.5989545476077
2026-02-18T15:20:45.308504,CPR,SENSEX,BUY_CE_CPR,83700.0,497.1615955303787,0.529558739119973,0.000346740722636,-121.93057186478477,83747.39,2,Narrow CPR (0.146%) bullish breakout above TC=82687,894.8908719546816,198.86463821215148
2026-02-18T15:20:45.308504,Ghost Zone,SENSEX,BUY_CE_GTZ,83700.0,497.1615955303787,0.529558739119973,0.000346740722636,-121.93057186478477,83747.39,2,Ghost Zone: Demand zone retest 82535 bounce=0.62x strength=2,646.3100741894923,198.86463821215148
2026-02-18T15:20:45.308504,Survivor,SENSEX,SELL_PE,83278.1825,249.66191129537765,-0.3289077690102647,0.0003152081479146,-108.69289225069342,83747.39,2,Survivor: PE sell at 83278 dist=469 gap=188 res=83080,49.93238225907553,374.4928669430665
2026-02-18T15:26:42.806127,CPR,NIFTY,BUY_CE_CPR,25800.0,154.0048726080804,0.5262501285712038,0.001108640677038721,-38.125946460558815,25811.95,2,Narrow CPR (0.173%) bullish breakout above TC=25493,277.20877069454474,61.60194904323217
2026-02-18T15:26:42.806127,Survivor,NIFTY,SELL_PE,25675.941071428573,81.84675879293354,-0.3400442390979176,0.0010204966583833134,-34.470912414907765,25811.95,2,Survivor: PE sell at 25676 dist=136 gap=70 res=25630,16.36935175858671,122.77013818940031
2026-02-18T15:26:42.806127,CPR,BANKNIFTY,BUY_CE_CPR,61550.0,373.19475761761714,0.5110104212710441,0.0004371091042535315,-96.49207152081145,61546.5,2,Narrow CPR (0.178%) bullish breakout above TC=60240,671.7505637117109,149.27790304704686
2026-02-18T15:26:42.806127,Ghost Zone,BANKNIFTY,BUY_PE_GTZ,61550.0,354.7767432491419,-0.4889895787289559,0.0004371091042535315,-96.38035445642174,61546.5,2,Ghost Zone: Supply zone retest 61765 rejection=-0.00x strength=2,461.20976622388446,141.91069729965676
2026-02-18T15:26:42.806127,Survivor,BANKNIFTY,SELL_PE,61214.88214285715,213.2599689516319,-0.34608803697473023,0.00040431485237286545,-87.96477424358747,61546.5,2,Survivor: PE sell at 61215 dist=332 gap=133 res=60622,42.65199379032638,319.88995342744784
2026-02-18T15:26:42.806127,CPR,SENSEX,BUY_CE_CPR,83700.0,479.90347327071504,0.5188314312757194,0.000348208963128902,-121.66180790598581,83716.4,2,Narrow CPR (0.146%) bullish breakout above TC=82687,863.8262518872871,191.96138930828602
2026-02-18T15:26:42.806127,Survivor,SENSEX,SELL_PE,83268.85071428571,255.88659590018506,-0.3354151930512896,0.00031849332291447797,-109.32875253772303,83716.4,2,Survivor: PE sell at 83269 dist=448 gap=179 res=83080,51.17731918003702,383.8298938502776
