timestamp,strategy,symbol,type,strike,premium,delta,gamma,theta,spot,dte,reason,target,sl
2026-02-23T09:22:32.292836,CPR,NIFTY,BUY_PE_CPR,25450.0,176.92543494520032,-0.4643359307739062,0.0008084955590067,-26.54797442061571,25471.1,4,Narrow CPR (0.173%) bearish breakout below BC=25537,247.69560892328045,70.77017397808014
2026-02-23T09:22:32.292836,Ghost Zone,NIFTY,BUY_CE_GTZ,25450.0,216.1477467801724,0.5356640692260938,0.0008084955590067,-26.801515907641107,25471.1,4,Ghost Zone: Demand zone retest 25444 bounce=-0.56x strength=4,280.9920708142241,86.45909871206896
2026-02-23T09:22:32.292836,CPR,BANKNIFTY,BUY_CE_CPR,61350.0,527.4681741768472,0.5219138271533594,0.0003183313107023,-67.9166186506515,61362.3,4,Narrow CPR (0.178%) bullish breakout above TC=60240,949.442713518325,210.9872696707389
2026-02-23T09:22:32.292836,Survivor,BANKNIFTY,SELL_PE,60831.71142857144,261.7496737225192,-0.3188247875246141,0.0002853419227991,-59.38085469307783,61362.3,4,Survivor: PE sell at 60832 dist=531 gap=265 res=60622,52.34993474450385,392.6245105837788
2026-02-23T09:22:32.292836,CPR,SENSEX,BUY_CE_CPR,83300.0,677.4335150509578,0.5292223176067239,0.0002533931017191,-85.82483374753193,83340.95,4,Narrow CPR (0.146%) bullish breakout above TC=82687,1219.380327091724,270.97340602038315
2026-02-23T09:22:32.292836,Ghost Zone,SENSEX,BUY_CE_GTZ,83300.0,677.4335150509578,0.5292223176067239,0.0002533931017191,-85.82483374753193,83340.95,4,Ghost Zone: Demand zone retest 82535 bounce=0.00x strength=2,880.6635695662452,270.97340602038315
2026-02-23T09:28:27.399764,CPR,NIFTY,BUY_CE_CPR,25750.0,209.3963589859486,0.5198678233039501,0.0007975843172775,-27.228222877565056,25751.7,4,Narrow CPR (0.173%) bullish breakout above TC=25493,376.91344617470753,83.75854359437945
2026-02-23T09:28:27.399764,CPR,BANKNIFTY,BUY_CE_CPR,61450.0,537.5976452178838,0.522555984665844,0.0003128552288696,-69.0105960544785,61465.05,4,Narrow CPR (0.178%) bullish breakout above TC=60240,967.6757613921908,215.0390580871536
2026-02-23T09:28:27.399764,Ghost Zone,BANKNIFTY,BUY_PE_GTZ,61450.0,478.7906290190949,-0.477444015334156,0.0003128552288696,-68.69780872170675,61465.05,4,Ghost Zone: Supply zone retest 61765 rejection=-0.00x strength=2,622.4278177248234,191.516251607638
2026-02-23T09:28:27.399764,Survivor,BANKNIFTY,SELL_PE,60934.46142857144,269.52312913525384,-0.3215688567169411,0.0002814654352836,-60.59458054110735,61465.05,4,Survivor: PE sell at 60934 dist=531 gap=265 res=60622,53.90462582705077,404.2846937028808
2026-02-23T09:28:27.399764,CPR,SENSEX,BUY_CE_CPR,83400.0,675.0249191738258,0.526129741351085,0.0002520387626205,-86.29201283118044,83429.14,4,Narrow CPR (0.146%) bullish breakout above TC=82687,1215.0448545128863,270.00996766953034
2026-02-23T09:34:04.278668,CPR,NIFTY,BUY_CE_CPR,25750.0,206.513102579158,0.5156856432362519,0.0007987819288643,-27.19502316370799,25746.45,4,Narrow CPR (0.173%) bullish breakout above TC=25493,371.7235846424843,82.60524103166318
2026-02-23T09:34:04.278668,CPR,BANKNIFTY,BUY_CE_CPR,61350.0,510.5191812407138,0.5123197733080976,0.000319687546759,-67.67605240825488,61332.15,4,Narrow CPR (0.178%) bullish breakout above TC=60240,918.9345262332848,204.2076724962856
2026-02-23T09:34:04.278668,Survivor,BANKNIFTY,SELL_PE,60801.56142857143,260.3205218855328,-0.3183103520453612,0.0002860671455731,-59.15598551509466,61332.15,4,Survivor: PE sell at 60802 dist=531 gap=265 res=60622,52.06410437710656,390.4807828282992
2026-02-23T09:34:04.278668,CPR,SENSEX,BUY_CE_CPR,83400.0,659.2182972467635,0.5188925927710013,0.0002526995442453,-86.14012929558035,83400.39,4,Narrow CPR (0.146%) bullish breakout above TC=82687,1186.5929350441745,263.6873188987054
2026-02-23T09:39:42.222043,CPR,NIFTY,BUY_CE_CPR,25750.0,202.69588887125065,0.5103368436870622,0.0008008692715256,-27.12747349967936,25739.75,4,Narrow CPR (0.173%) bullish breakout above TC=25493,364.8525999682512,81.07835554850027
2026-02-23T09:39:42.222043,Ghost Zone,NIFTY,BUY_CE_GTZ,25750.0,202.69588887125065,0.5103368436870622,0.0008008692715256,-27.12747349967936,25739.75,4,Ghost Zone: Demand zone retest 25444 bounce=0.40x strength=4,263.50465553262586,81.07835554850027
2026-02-23T09:39:42.222043,CPR,BANKNIFTY,BUY_CE_CPR,61300.0,514.1741752082162,0.5165009707045395,0.0003214303856689,-67.33371801796734,61295.1,4,Narrow CPR (0.178%) bullish breakout above TC=60240,925.5135153747892,205.6696700832865
2026-02-23T09:39:42.222043,Survivor,BANKNIFTY,SELL_PE,60764.51142857143,257.74853248234285,-0.3173749165501022,0.0002873783456864,-58.751911537200094,61295.1,4,Survivor: PE sell at 60765 dist=531 gap=265 res=60622,51.54970649646857,386.6227987235143
2026-02-23T09:39:42.222043,CPR,SENSEX,BUY_CE_CPR,83400.0,633.9266272644963,0.5072656866184674,0.0002537692016186,-85.78644514093735,83354.42,4,Narrow CPR (0.146%) bullish breakout above TC=82687,1141.0679290760934,253.5706509057985
2026-02-23T09:39:42.222043,Ghost Zone,SENSEX,BUY_CE_GTZ,83400.0,633.9266272644963,0.5072656866184674,0.0002537692016186,-85.78644514093735,83354.42,4,Ghost Zone: Demand zone retest 82535 bounce=0.48x strength=3,824.1046154438453,253.5706509057985
2026-02-23T09:39:42.222043,Survivor,SENSEX,SELL_PE,82605.23714285715,301.4598724227071,-0.299445179545007,0.0002210203307879,-72.75457389766008,83354.42,4,Survivor: PE sell at 82605 dist=749 gap=375 res=83080,60.29197448454143,452.1898086340607
2026-02-23T09:45:20.032368,CPR,NIFTY,BUY_CE_CPR,25750.0,198.1204854833959,0.5035215312379099,0.0008024484160261,-27.06214504477212,25731.25,4,Narrow CPR (0.173%) bullish breakout above TC=25493,356.6168738701126,79.24819419335836
2026-02-23T09:45:20.032368,CPR,BANKNIFTY,BUY_CE_CPR,61250.0,507.77400810455583,0.5148391336372393,0.0003239017852657,-66.86029365967484,61239.8,4,Narrow CPR (0.178%) bullish breakout above TC=60240,913.9932145882004,203.1096032418224
2026-02-23T09:45:20.032368,Survivor,BANKNIFTY,SELL_PE,60709.21142857144,254.4619127373772,-0.3161637719584188,0.0002890713704287,-58.23363587113597,61239.8,4,Survivor: PE sell at 60709 dist=531 gap=265 res=60622,50.89238254747543,381.6928691060657
2026-02-23T09:45:20.032368,CPR,SENSEX,BUY_CE_CPR,83300.0,675.5255370116647,0.528320994369141,0.0002534557281345,-85.81770062344413,83337.39,4,Narrow CPR (0.146%) bullish breakout above TC=82687,1215.9459666209966,270.2102148046659
2026-02-23T09:45:20.032368,Ghost Zone,SENSEX,BUY_CE_GTZ,83300.0,675.5255370116647,0.528320994369141,0.0002534557281345,-85.81770062344413,83337.39,4,Ghost Zone: Demand zone retest 82535 bounce=0.00x strength=2,878.1831981151641,270.2102148046659
2026-02-23T09:50:57.808452,CPR,NIFTY,BUY_CE_CPR,25750.0,201.64606224718045,0.5087753137773812,0.0008012317803911,-27.113749653130977,25737.8,4,Narrow CPR (0.173%) bullish breakout above TC=25493,362.9629120449249,80.65842489887218
2026-02-23T09:50:57.808452,Ghost Zone,NIFTY,BUY_CE_GTZ,25750.0,201.64606224718045,0.5087753137773812,0.0008012317803911,-27.113749653130977,25737.8,4,Ghost Zone: Demand zone retest 25444 bounce=0.39x strength=4,262.1398809213346,80.65842489887218
2026-02-23T09:50:57.809437,CPR,BANKNIFTY,BUY_CE_CPR,61250.0,524.0714223042778,0.5239808292275342,0.0003223743121637,-67.11287092551827,61268.2,4,Narrow CPR (0.178%) bullish breakout above TC=60240,943.3285601477,209.62856892171112
2026-02-23T09:50:57.809437,Ghost Zone,BANKNIFTY,BUY_PE_GTZ,61250.0,462.25682112973664,-0.4760191707724658,0.0003223743121637,-66.76521954046899,61268.2,4,Ghost Zone: Supply zone retest 61765 rejection=0.36x strength=2,600.9338674686577,184.90272845189463
2026-02-23T09:50:57.809437,Survivor,BANKNIFTY,SELL_PE,60711.89142857143,247.81119998311988,-0.3093054086016072,0.0002853195357493,-57.84028529680926,61268.2,4,Survivor: PE sell at 60712 dist=556 gap=278 res=60622,49.56223999662398,371.7167999746798
2026-02-23T09:50:57.809437,CPR,SENSEX,BUY_CE_CPR,83400.0,638.2025761858167,0.5092032488201581,0.0002535615438766,-85.86359089432577,83362.06,4,Narrow CPR (0.146%) bullish breakout above TC=82687,1148.76463713447,255.2810304743267
2026-02-23T09:50:57.809437,Ghost Zone,SENSEX,BUY_CE_GTZ,83400.0,638.2025761858167,0.5092032488201581,0.0002535615438766,-85.86359089432577,83362.06,4,Ghost Zone: Demand zone retest 82535 bounce=0.49x strength=3,829.6633490415618,255.2810304743267
2026-02-23T09:50:57.809437,Survivor,SENSEX,SELL_PE,82612.87714285715,301.850886429449,-0.299570871944507,0.0002209036348526,-72.81896098161704,83362.06,4,Survivor: PE sell at 82613 dist=749 gap=375 res=83080,60.37017728588981,452.77632964417353
2026-02-23T09:56:39.006827,CPR,NIFTY,BUY_CE_CPR,25750.0,198.26961251289868,0.5037622246032525,0.000802442593463,-27.063155115028344,25731.55,4,Narrow CPR (0.173%) bullish breakout above TC=25493,356.8853025232176,79.30784500515948
2026-02-23T09:56:39.006827,Ghost Zone,NIFTY,BUY_CE_GTZ,25750.0,198.26961251289868,0.5037622246032525,0.000802442593463,-27.063155115028344,25731.55,4,Ghost Zone: Demand zone retest 25444 bounce=0.37x strength=4,257.75049626676827,79.30784500515948
2026-02-23T09:56:39.006827,CPR,BANKNIFTY,BUY_CE_CPR,61250.0,517.7199191231193,0.5203983843953607,0.0003229416953612,-67.02732414136507,61257.05,4,Narrow CPR (0.178%) bullish breakout above TC=60240,931.8958544216148,207.08796764924773
2026-02-23T09:56:39.006827,Ghost Zone,BANKNIFTY,BUY_PE_GTZ,61250.0,467.055317948576,-0.4796016156046393,0.0003229416953612,-66.75765170175494,61257.05,4,Ghost Zone: Supply zone retest 61765 rejection=0.37x strength=2,607.1719133331488,186.8221271794304
2026-02-23T09:56:39.006827,Survivor,BANKNIFTY,SELL_PE,60700.74142857143,247.2660652493323,-0.3090950139762707,0.0002855937343158,-57.75270010782486,61257.05,4,Survivor: PE sell at 60701 dist=556 gap=278 res=60622,49.45321304986646,370.89909787399847
2026-02-23T09:56:39.006827,CPR,SENSEX,BUY_CE_CPR,83300.0,669.5365187553252,0.5256317991720892,0.0002537570252771,-85.75649322699222,83326.74,4,Narrow CPR (0.146%) bullish breakout above TC=82687,1205.1657337595857,267.8146075021301
2026-02-23T09:56:39.006827,Ghost Zone,SENSEX,BUY_CE_GTZ,83300.0,669.5365187553252,0.5256317991720892,0.0002537570252771,-85.75649322699222,83326.74,4,Ghost Zone: Demand zone retest 82535 bounce=0.45x strength=3,870.3974743819228,267.8146075021301
2026-02-23T09:56:39.006827,Survivor,SENSEX,SELL_PE,82577.55714285716,300.4543739354049,-0.2991215124929089,0.0002213216485605,-72.58833812445027,83326.74,4,Survivor: PE sell at 82578 dist=749 gap=375 res=83080,60.09087478708098,450.6815609031073
2026-02-23T10:02:25.530675,CPR,NIFTY,BUY_CE_CPR,25750.0,197.7711749264417,0.5030784862000388,0.0008027663905021,-27.050763788753272,25730.7,4,Narrow CPR (0.173%) bullish breakout above TC=25493,355.9881148675952,79.1084699705767
2026-02-23T10:02:25.530675,CPR,BANKNIFTY,BUY_CE_CPR,61300.0,502.6868322479932,0.5101068856712418,0.0003225370517208,-67.11807001928089,61275.2,4,Narrow CPR (0.178%) bullish breakout above TC=60240,904.8362980463876,201.07473289919727
2026-02-23T10:02:25.530675,Survivor,BANKNIFTY,SELL_PE,60744.61142857143,256.4721628813313,-0.3169066566642226,0.000288033412314,-58.55093482161014,61275.2,4,Survivor: PE sell at 60745 dist=531 gap=265 res=60622,51.29443257626627,384.708244321997
2026-02-23T10:02:25.530675,CPR,SENSEX,BUY_CE_CPR,83300.0,668.2711373473503,0.5250443535283501,0.0002538068225895,-85.7471076772162,83324.42,4,Narrow CPR (0.146%) bullish breakout above TC=82687,1202.8880472252306,267.30845493894014
2026-02-23T10:02:25.530675,Ghost Zone,SENSEX,BUY_CE_GTZ,83300.0,668.2711373473503,0.5250443535283501,0.0002538068225895,-85.7471076772162,83324.42,4,Ghost Zone: Demand zone retest 82535 bounce=0.45x strength=3,868.7524785515554,267.30845493894014
2026-02-23T10:02:25.530675,Survivor,SENSEX,SELL_PE,82575.23714285715,300.3989990199261,-0.299103691356314,0.0002213383367337,-72.57912299468222,83324.42,4,Survivor: PE sell at 82575 dist=749 gap=375 res=83080,60.079799803985225,450.5984985298892
2026-02-23T10:08:03.742768,CPR,NIFTY,BUY_CE_CPR,25750.0,195.88139473327283,0.500263533906785,0.0008034421436,-27.018511090831687,25727.2,4,Narrow CPR (0.173%) bullish breakout above TC=25493,352.5865105198911,78.35255789330914
2026-02-23T10:08:03.742768,Ghost Zone,NIFTY,BUY_CE_GTZ,25750.0,195.88139473327283,0.500263533906785,0.0008034421436,-27.018511090831687,25727.2,4,Ghost Zone: Demand zone retest 25444 bounce=0.36x strength=4,254.6458131532547,78.35255789330914
2026-02-23T10:08:03.742768,CPR,BANKNIFTY,BUY_CE_CPR,61300.0,504.1668850216192,0.5108632161402488,0.0003223253175721,-67.16061591492237,61277.55,4,Narrow CPR (0.178%) bullish breakout above TC=60240,907.5003930389148,201.6667540086477
2026-02-23T10:08:03.742768,Ghost Zone,BANKNIFTY,BUY_PE_GTZ,61300.0,482.966680091009,-0.4891367838597512,0.0003223253175721,-67.09931842617438,61277.55,4,Ghost Zone: Supply zone retest 61765 rejection=0.35x strength=2,627.8566841183118,193.1866720364036
2026-02-23T10:08:03.742768,Survivor,BANKNIFTY,SELL_PE,60721.24142857143,248.50234773844204,-0.3095716718264379,0.0002849732885241,-57.95091253095556,61277.55,4,Survivor: PE sell at 60721 dist=556 gap=278 res=60622,49.700469547688414,372.7535216076631
2026-02-23T10:08:03.742768,CPR,SENSEX,BUY_CE_CPR,83300.0,670.9010179312245,0.526229631903459,0.0002536770797512,-85.77469295169016,83329.11,4,Narrow CPR (0.146%) bullish breakout above TC=82687,1207.621832276204,268.36040717248983
2026-02-23T10:08:03.742768,Ghost Zone,SENSEX,BUY_CE_GTZ,83300.0,670.9010179312245,0.526229631903459,0.0002536770797512,-85.77469295169016,83329.11,4,Ghost Zone: Demand zone retest 82535 bounce=0.45x strength=3,872.1713233105919,268.36040717248983
2026-02-23T10:08:03.742768,Survivor,SENSEX,SELL_PE,82579.92714285715,300.57239352904435,-0.2991596089322389,0.0002212863252719,-72.6077949253768,83329.11,4,Survivor: PE sell at 82580 dist=749 gap=375 res=83080,60.11447870580887,450.8585902935665
2026-02-23T10:13:48.146191,CPR,NIFTY,BUY_CE_CPR,25700.0,210.890844588168,0.525534769590754,0.0008051957277173,-26.97481124388945,25708.6,4,Narrow CPR (0.173%) bullish breakout above TC=25493,379.6035202587024,84.3563378352672
2026-02-23T10:13:48.146191,Ghost Zone,NIFTY,BUY_CE_GTZ,25700.0,210.890844588168,0.525534769590754,0.0008051957277173,-26.97481124388945,25708.6,4,Ghost Zone: Demand zone retest 25444 bounce=0.29x strength=4,274.1580979646184,84.3563378352672
2026-02-23T10:13:48.146191,CPR,BANKNIFTY,BUY_CE_CPR,61250.0,512.2930381107908,0.517339045442833,0.0003234365357865,-66.94462339753876,61247.55,4,Narrow CPR (0.178%) bullish breakout above TC=60240,922.1274685994234,204.9172152443164
2026-02-23T10:13:48.146191,Ghost Zone,BANKNIFTY,BUY_PE_GTZ,61250.0,471.1284369362438,-0.4826609545571669,0.0003234365357865,-66.74151591541677,61247.55,4,Ghost Zone: Supply zone retest 61765 rejection=0.39x strength=2,612.466968017117,188.4513747744976
2026-02-23T10:13:48.146191,Survivor,BANKNIFTY,SELL_PE,60691.24142857143,246.76056871028413,-0.3088993860139029,0.0002858482966092,-57.67150463157928,61247.55,4,Survivor: PE sell at 60691 dist=556 gap=278 res=60622,49.35211374205683,370.1408530654262
2026-02-23T10:13:48.146191,CPR,SENSEX,BUY_CE_CPR,83300.0,633.7193077669799,0.509104160194113,0.0002552952750473,-85.32216278619423,83261.68,4,Narrow CPR (0.146%) bullish breakout above TC=82687,1140.694753980564,253.487723106792
2026-02-23T10:13:48.146191,Ghost Zone,SENSEX,BUY_CE_GTZ,83300.0,633.7193077669799,0.509104160194113,0.0002552952750473,-85.32216278619423,83261.68,4,Ghost Zone: Demand zone retest 82535 bounce=0.38x strength=3,823.8351000970739,253.487723106792
2026-02-23T10:13:48.146191,Survivor,SENSEX,SELL_PE,82512.49714285714,298.1643125998926,-0.2983798892061752,0.0002220107766962,-72.20907365224573,83261.68,4,Survivor: PE sell at 82512 dist=749 gap=375 res=83080,59.63286251997852,447.2464688998389
2026-02-23T10:19:33.291991,CPR,NIFTY,BUY_CE_CPR,25750.0,197.288044258994,0.5022762338070687,0.0008027292768144,-27.04889897118827,25729.7,4,Narrow CPR (0.173%) bullish breakout above TC=25493,355.1184796661892,78.91521770359759
2026-02-23T10:19:33.291991,Ghost Zone,NIFTY,BUY_CE_GTZ,25750.0,197.288044258994,0.5022762338070687,0.0008027292768144,-27.04889897118827,25729.7,4,Ghost Zone: Demand zone retest 25444 bounce=0.37x strength=4,256.47445753669217,78.91521770359759
2026-02-23T10:19:33.291991,CPR,BANKNIFTY,BUY_CE_CPR,61350.0,508.1315347927848,0.5108653938210505,0.0003197836662923,-67.65466851187988,61327.6,4,Narrow CPR (0.178%) bullish breakout above TC=60240,914.6367626270128,203.252613917114
2026-02-23T10:19:33.291991,Ghost Zone,BANKNIFTY,BUY_PE_GTZ,61350.0,486.8457261061194,-0.4891346061789495,0.0003197836662923,-67.59452663123727,61327.6,4,Ghost Zone: Supply zone retest 61765 rejection=0.27x strength=2,632.8994439379552,194.7382904424477
2026-02-23T10:19:33.291991,Survivor,BANKNIFTY,SELL_PE,60771.29142857143,251.9631259505586,-0.3108919041616252,0.0002832504567345,-58.50400542757785,61327.6,4,Survivor: PE sell at 60771 dist=556 gap=278 res=60622,50.39262519011172,377.9446889258379
2026-02-23T10:19:33.291991,CPR,SENSEX,BUY_CE_CPR,83300.0,671.6988674688037,0.5265667295612233,0.0002536212297922,-85.78811512256945,83330.45,4,Narrow CPR (0.146%) bullish breakout above TC=82687,1209.0579614438466,268.67954698752146
2026-02-23T10:19:33.291991,Ghost Zone,SENSEX,BUY_CE_GTZ,83300.0,671.6988674688037,0.5265667295612233,0.0002536212297922,-85.78811512256945,83330.45,4,Ghost Zone: Demand zone retest 82535 bounce=0.45x strength=3,873.2085277094448,268.67954698752146
2026-02-23T10:19:33.291991,Survivor,SENSEX,SELL_PE,82581.26714285715,300.6615806609043,-0.2991884094001218,0.0002212596794873,-72.62246525238503,83330.45,4,Survivor: PE sell at 82581 dist=749 gap=375 res=83080,60.13231613218086,450.9923709913565
2026-02-23T10:25:28.634374,CPR,NIFTY,BUY_CE_CPR,25750.0,195.1107059914721,0.4990574113865115,0.0008035729167408,-27.0088320436962,25725.7,4,Narrow CPR (0.173%) bullish breakout above TC=25493,351.19927078464974,78.04428239658883
2026-02-23T10:25:28.634374,CPR,BANKNIFTY,BUY_CE_CPR,61300.0,524.7952727399461,0.5221804608801,0.0003202229258256,-67.5427691349508,61312.9,4,Narrow CPR (0.178%) bullish breakout above TC=60240,944.6314909319028,209.91810909597845
2026-02-23T10:25:28.634374,Survivor,BANKNIFTY,SELL_PE,60782.31142857143,259.1053179019,-0.3178698702069972,0.0002866855347808,-58.96505011020382,61312.9,4,Survivor: PE sell at 60782 dist=531 gap=265 res=60622,51.82106358038,388.65797685285
2026-02-23T10:25:28.634374,CPR,SENSEX,BUY_CE_CPR,83300.0,665.4389776440803,0.5237565426132719,0.0002539388211667,-85.7183412582677,83319.33,4,Narrow CPR (0.146%) bullish breakout above TC=82687,1197.7901597593443,266.1755910576321
2026-02-23T10:25:28.634374,Ghost Zone,SENSEX,BUY_CE_GTZ,83300.0,665.4389776440803,0.5237565426132719,0.0002539388211667,-85.7183412582677,83319.33,4,Ghost Zone: Demand zone retest 82535 bounce=0.44x strength=3,865.0706709373044,266.1755910576321
2026-02-23T10:25:28.634374,Survivor,SENSEX,SELL_PE,82570.14714285715,300.2245814121525,-0.2990474256356639,0.000221390710843,-72.55025147131914,83319.33,4,Survivor: PE sell at 82570 dist=749 gap=375 res=83080,60.0449162824305,450.3368721182287
2026-02-23T10:31:17.462574,CPR,NIFTY,BUY_CE_CPR,25700.0,208.1042021530029,0.5215190433249478,0.0008065239804266,-26.94518553880035,25703.6,4,Narrow CPR (0.173%) bullish breakout above TC=25493,374.5875638754053,83.24168086120117
2026-02-23T10:31:17.462574,CPR,BANKNIFTY,BUY_CE_CPR,61250.0,526.8469403513518,0.5254677673814458,0.0003220555035289,-67.16140310519646,61272.85,4,Narrow CPR (0.178%) bullish breakout above TC=60240,948.3244926324332,210.73877614054072
2026-02-23T10:31:17.462574,Survivor,BANKNIFTY,SELL_PE,60742.26142857143,256.3734056706635,-0.3168703613750763,0.0002880843362816,-58.5353138303426,61272.85,4,Survivor: PE sell at 60742 dist=531 gap=265 res=60622,51.2746811341327,384.5601085059952
2026-02-23T10:31:17.462574,CPR,SENSEX,BUY_CE_CPR,83200.0,675.8760588958394,0.5304209832893088,0.0002548596603339,-85.34949156492213,83245.19,4,Narrow CPR (0.146%) bullish breakout above TC=82687,1216.576906012511,270.35042355833576
2026-02-23T10:31:17.462574,Ghost Zone,SENSEX,BUY_CE_GTZ,83200.0,675.8760588958394,0.5304209832893088,0.0002548596603339,-85.34949156492213,83245.19,4,Ghost Zone: Demand zone retest 82535 bounce=0.00x strength=2,878.6388765645912,270.35042355833576
2026-02-23T10:36:58.683658,CPR,NIFTY,BUY_CE_CPR,25700.0,208.7641583145069,0.522484260128722,0.0008062410096674,-26.95165175974893,25704.8,4,Narrow CPR (0.173%) bullish breakout above TC=25493,375.77548496611234,83.50566332580274
2026-02-23T10:36:58.683658,Ghost Zone,NIFTY,BUY_CE_GTZ,25700.0,208.7641583145069,0.522484260128722,0.0008062410096674,-26.95165175974893,25704.8,4,Ghost Zone: Demand zone retest 25444 bounce=0.28x strength=4,271.3934058088589,83.50566332580274
2026-02-23T10:36:58.683658,CPR,BANKNIFTY,BUY_CE_CPR,61250.0,519.8798056343076,0.5216373119470004,0.0003227673655704,-67.05384777325945,61260.9,4,Narrow CPR (0.178%) bullish breakout above TC=60240,935.7836501417536,207.95192225372304
2026-02-23T10:36:58.683658,Ghost Zone,BANKNIFTY,BUY_PE_GTZ,61250.0,465.36520445976566,-0.4783626880529996,0.0003227673655704,-66.75719892177204,61260.9,4,Ghost Zone: Supply zone retest 61765 rejection=0.37x strength=2,604.9747657976953,186.14608178390628
2026-02-23T10:36:58.683658,Survivor,BANKNIFTY,SELL_PE,60704.59142857143,247.42883832058945,-0.3091578613048503,0.000285511733209,-57.77889540621586,61260.9,4,Survivor: PE sell at 60705 dist=556 gap=278 res=60622,49.48576766411789,371.1432574808841
2026-02-23T10:36:58.683658,CPR,SENSEX,BUY_CE_CPR,83300.0,630.5412838187913,0.5075952810489142,0.0002554048044911,-85.2787507442349,83255.77,4,Narrow CPR (0.146%) bullish breakout above TC=82687,1134.9743108738244,252.21651352751653
2026-02-23T10:36:58.683658,Ghost Zone,SENSEX,BUY_CE_GTZ,83300.0,630.5412838187913,0.5075952810489142,0.0002554048044911,-85.2787507442349,83255.77,4,Ghost Zone: Demand zone retest 82535 bounce=0.37x strength=3,819.7036689644286,252.21651352751653
2026-02-23T10:36:58.683658,Survivor,SENSEX,SELL_PE,82506.58714285716,297.9759322159007,-0.2983186269468274,0.0002220676822636,-72.17780408141924,83255.77,4,Survivor: PE sell at 82507 dist=749 gap=375 res=83080,59.59518644318014,446.963898323851
2026-02-23T10:42:47.353364,CPR,NIFTY,BUY_CE_CPR,25700.0,194.53908261660035,0.5013418201991349,0.0008117971487704,-26.76424519370781,25678.65,4,Narrow CPR (0.173%) bullish breakout above TC=25493,350.17034870988067,77.81563304664014
2026-02-23T10:42:47.353364,Ghost Zone,NIFTY,BUY_CE_GTZ,25700.0,194.53908261660035,0.5013418201991349,0.0008117971487704,-26.76424519370781,25678.65,4,Ghost Zone: Demand zone retest 25444 bounce=0.18x strength=4,252.9008074015805,77.81563304664014
2026-02-23T10:42:47.353364,CPR,BANKNIFTY,BUY_CE_CPR,61250.0,503.6051290922733,0.5127414561300072,0.00032454353818,-66.7385542673247,61233.3,4,Narrow CPR (0.178%) bullish breakout above TC=60240,906.489232366092,201.44205163690933
2026-02-23T10:42:47.353364,Ghost Zone,BANKNIFTY,BUY_PE_GTZ,61250.0,476.6905279177263,-0.4872585438699928,0.00032454353818,-66.63524751382258,61233.3,4,Ghost Zone: Supply zone retest 61765 rejection=0.41x strength=2,619.6976862930442,190.6762111670905
2026-02-23T10:42:47.353364,Survivor,BANKNIFTY,SELL_PE,60676.99142857143,245.47132106894423,-0.3083977332227837,0.0002864979103808,-57.46497278882542,61233.3,4,Survivor: PE sell at 60677 dist=556 gap=278 res=60622,49.09426421378885,368.2069816034164
2026-02-23T10:42:47.353364,CPR,SENSEX,BUY_CE_CPR,83200.0,639.163263990813,0.5134210670258369,0.0002564558534786,-84.97774602851938,83178.53,4,Narrow CPR (0.146%) bullish breakout above TC=82687,1150.4938751834634,255.6653055963252
2026-02-23T10:42:47.353364,Ghost Zone,SENSEX,BUY_CE_GTZ,83200.0,639.163263990813,0.5134210670258369,0.0002564558534786,-84.97774602851938,83178.53,4,Ghost Zone: Demand zone retest 82535 bounce=0.29x strength=3,830.9122431880569,255.6653055963252
2026-02-23T10:42:47.353364,Survivor,SENSEX,SELL_PE,82429.34714285715,295.5643985650677,-0.2975306128751689,0.0002227985452713,-71.77696637610633,83178.53,4,Survivor: PE sell at 82429 dist=749 gap=375 res=83080,59.11287971301354,443.3465978476015
2026-02-23T10:48:49.478557,CPR,NIFTY,BUY_CE_CPR,25650.0,208.0362879926652,0.5244376342442212,0.0008137423011449,-26.715457668371247,25657.05,4,Narrow CPR (0.173%) bullish breakout above TC=25493,374.4653183867973,83.21451519706608
2026-02-23T10:48:49.478557,Ghost Zone,NIFTY,BUY_CE_GTZ,25650.0,208.0362879926652,0.5244376342442212,0.0008137423011449,-26.715457668371247,25657.05,4,Ghost Zone: Demand zone retest 25444 bounce=0.11x strength=4,270.44717439046474,83.21451519706608
2026-02-23T10:48:49.478557,CPR,BANKNIFTY,BUY_CE_CPR,61150.0,510.7350182527298,0.5204571931452092,0.0003274656619293,-66.17016208095693,61156.75,4,Narrow CPR (0.178%) bullish breakout above TC=60240,919.3230328549135,204.294007301092
2026-02-23T10:48:49.478557,Ghost Zone,BANKNIFTY,BUY_PE_GTZ,61150.0,460.4416245903012,-0.4795428068547908,0.0003274656619293,-65.8975157075048,61156.75,4,Ghost Zone: Supply zone retest 61765 rejection=0.52x strength=2,598.5741119673916,184.1766498361205
2026-02-23T10:48:49.478557,Survivor,BANKNIFTY,SELL_PE,60600.44142857143,241.2864369977724,-0.3067499851348733,0.0002886296191764,-56.79055773589942,61156.75,4,Survivor: PE sell at 60600 dist=556 gap=278 res=60622,48.257287399554485,361.9296554966586
2026-02-23T10:48:49.478557,CPR,SENSEX,BUY_CE_CPR,83100.0,654.0413580303139,0.5220987591833773,0.0002571505227618,-84.73842214271919,83112.21,4,Narrow CPR (0.146%) bullish breakout above TC=82687,1177.274444454565,261.6165432121256
2026-02-23T10:48:49.478557,Ghost Zone,SENSEX,BUY_CE_GTZ,83100.0,654.0413580303139,0.5220987591833773,0.0002571505227618,-84.73842214271919,83112.21,4,Ghost Zone: Demand zone retest 82535 bounce=0.22x strength=3,850.2537654394081,261.6165432121256
2026-02-23T10:48:49.478557,Survivor,SENSEX,SELL_PE,82363.02714285716,293.6022476656508,-0.2968842983251421,0.0002233966217759,-71.44998408721862,83112.21,4,Survivor: PE sell at 82363 dist=749 gap=375 res=83080,58.72044953313016,440.4033714984762
2026-02-23T10:54:40.012473,CPR,NIFTY,BUY_CE_CPR,25650.0,217.66309756055853,0.5382901087310406,0.0008088376510131,-26.792375614649018,25674.2,4,Narrow CPR (0.173%) bullish breakout above TC=25493,391.79357560900536,87.06523902422342
2026-02-23T10:54:40.012473,Ghost Zone,NIFTY,BUY_CE_GTZ,25650.0,217.66309756055853,0.5382901087310406,0.0008088376510131,-26.792375614649018,25674.2,4,Ghost Zone: Demand zone retest 25444 bounce=0.17x strength=4,282.9620268287261,87.06523902422342
2026-02-23T10:54:40.012473,CPR,BANKNIFTY,BUY_CE_CPR,61200.0,521.9904913417595,0.5247913204743436,0.0003244438063222,-66.71019252496451,61220.4,4,Narrow CPR (0.178%) bullish breakout above TC=60240,939.5828844151672,208.7961965367038
2026-02-23T10:54:40.012473,Ghost Zone,BANKNIFTY,BUY_PE_GTZ,61200.0,458.0114939232699,-0.4752086795256564,0.0003244438063222,-66.3441504339137,61220.4,4,Ghost Zone: Supply zone retest 61765 rejection=0.43x strength=2,595.4149421002509,183.204597569308
2026-02-23T10:54:40.012473,Survivor,BANKNIFTY,SELL_PE,60664.09142857143,244.9915518950729,-0.3082107320233564,0.0002867414752998,-57.38749288264246,61220.4,4,Survivor: PE sell at 60664 dist=556 gap=278 res=60622,48.99831037901458,367.4873278426094
2026-02-23T10:54:40.012473,CPR,SENSEX,BUY_CE_CPR,83200.0,631.899079157789,0.5098975162221315,0.0002566613527942,-84.90356265626434,83164.79,4,Narrow CPR (0.146%) bullish breakout above TC=82687,1137.41834248402,252.7596316631156
2026-02-23T10:54:40.012473,Ghost Zone,SENSEX,BUY_CE_GTZ,83200.0,631.899079157789,0.5098975162221315,0.0002566613527942,-84.90356265626434,83164.79,4,Ghost Zone: Demand zone retest 82535 bounce=0.28x strength=3,821.4688029051257,252.7596316631156
2026-02-23T10:54:40.012473,Survivor,SENSEX,SELL_PE,82415.60714285714,295.274767436611,-0.2974357094242337,0.000222887021523,-71.72845745362605,83164.79,4,Survivor: PE sell at 82416 dist=749 gap=375 res=83080,59.0549534873222,442.9121511549165
2026-02-23T11:00:30.119416,CPR,NIFTY,BUY_CE_CPR,25650.0,215.65855788598128,0.535431601372131,0.0008098981445903,-26.779846099203915,25670.65,4,Narrow CPR (0.173%) bullish breakout above TC=25493,388.1854041947663,86.26342315439251
2026-02-23T11:00:30.119416,Ghost Zone,NIFTY,BUY_CE_GTZ,25650.0,215.65855788598128,0.535431601372131,0.0008098981445903,-26.779846099203915,25670.65,4,Ghost Zone: Demand zone retest 25444 bounce=-0.00x strength=4,280.35612525177567,86.26342315439251
2026-02-23T11:00:30.119416,CPR,BANKNIFTY,BUY_CE_CPR,61250.0,503.8357215450669,0.5125910951605243,0.0003242444976131,-66.79477742277793,61232.85,4,Narrow CPR (0.178%) bullish breakout above TC=60240,906.9042987811204,201.5342886180268
2026-02-23T11:00:30.119416,Survivor,BANKNIFTY,SELL_PE,60702.26142857143,254.0852686078797,-0.3160238292700579,0.0002892666625294,-58.17409934237188,61232.85,4,Survivor: PE sell at 60702 dist=531 gap=265 res=60622,50.817053721575945,381.1279029118196
2026-02-23T11:00:30.119416,CPR,SENSEX,BUY_CE_CPR,83100.0,672.3954212451354,0.5305902530605203,0.0002563159563006,-84.89723090497503,83145.39,4,Narrow CPR (0.146%) bullish breakout above TC=82687,1210.3117582412438,268.95816849805414
2026-02-23T11:00:30.119416,Ghost Zone,SENSEX,BUY_CE_GTZ,83100.0,672.3954212451354,0.5305902530605203,0.0002563159563006,-84.89723090497503,83145.39,4,Ghost Zone: Demand zone retest 82535 bounce=0.00x strength=2,874.114047618676,268.95816849805414
2026-02-23T11:06:17.913143,CPR,NIFTY,BUY_CE_CPR,25700.0,194.4447752404376,0.5012194247367198,0.0008118818505597,-26.76118047454147,25678.5,4,Narrow CPR (0.173%) bullish breakout above TC=25493,350.0005954327877,77.77791009617505
2026-02-23T11:06:17.913143,Ghost Zone,NIFTY,BUY_CE_GTZ,25700.0,194.4447752404376,0.5012194247367198,0.0008118818505597,-26.76118047454147,25678.5,4,Ghost Zone: Demand zone retest 25444 bounce=-0.00x strength=4,252.7782078125689,77.77791009617505
2026-02-23T11:06:17.913143,CPR,BANKNIFTY,BUY_CE_CPR,61250.0,507.3126641290218,0.5145806703629194,0.0003239464906495,-66.85195203456988,61239.0,4,Narrow CPR (0.178%) bullish breakout above TC=60240,913.1627954322394,202.92506565160875
2026-02-23T11:06:17.913143,Survivor,BANKNIFTY,SELL_PE,60708.41142857143,254.41210546356524,-0.3161452725277147,0.0002890971634384,-58.22577291156232,61239.0,4,Survivor: PE sell at 60708 dist=531 gap=265 res=60622,50.88242109271305,381.6181581953479
2026-02-23T11:06:17.913143,CPR,SENSEX,BUY_CE_CPR,83200.0,646.5650050953263,0.5168835192915489,0.0002561511412241,-85.06995834355004,83192.06,4,Narrow CPR (0.146%) bullish breakout above TC=82687,1163.8170091715874,258.62600203813054
2026-02-23T11:06:17.913143,Ghost Zone,SENSEX,BUY_CE_GTZ,83200.0,646.5650050953263,0.5168835192915489,0.0002561511412241,-85.06995834355004,83192.06,4,Ghost Zone: Demand zone retest 82535 bounce=-0.00x strength=2,840.5345066239242,258.62600203813054
2026-02-23T11:12:09.094553,CPR,NIFTY,BUY_CE_CPR,25700.0,198.8477540928925,0.5078749944820815,0.0008103701447829,-26.82794784579536,25686.7,4,Narrow CPR (0.173%) bullish breakout above TC=25493,357.92595736720654,79.539101637157
2026-02-23T11:12:09.094553,Ghost Zone,NIFTY,BUY_CE_GTZ,25700.0,198.8477540928925,0.5078749944820815,0.0008103701447829,-26.82794784579536,25686.7,4,Ghost Zone: Demand zone retest 25444 bounce=0.21x strength=4,258.5020803207603,79.539101637157
2026-02-23T11:12:09.094553,CPR,BANKNIFTY,BUY_CE_CPR,61250.0,525.9507034549315,0.5248523586869548,0.0003220304544262,-67.17145990581339,61270.95,4,Narrow CPR (0.178%) bullish breakout above TC=60240,946.7112662188767,210.38028138197265
2026-02-23T11:12:09.094553,Ghost Zone,BANKNIFTY,BUY_PE_GTZ,61250.0,461.386102280394,-0.4751476413130451,0.0003220304544262,-66.80494566178335,61270.95,4,Ghost Zone: Supply zone retest 61765 rejection=0.35x strength=2,599.8019329645122,184.5544409121576
2026-02-23T11:12:09.094553,Survivor,BANKNIFTY,SELL_PE,60714.64142857143,248.21718754066387,-0.3094620827500993,0.0002851164611689,-57.90507586328447,61270.95,4,Survivor: PE sell at 60715 dist=556 gap=278 res=60622,49.64343750813278,372.3257813109958
2026-02-23T11:12:09.094553,CPR,SENSEX,BUY_CE_CPR,83200.0,659.1070436069349,0.522789907431935,0.000255675407946,-85.18716931174936,83215.18,4,Narrow CPR (0.146%) bullish breakout above TC=82687,1186.392678492483,263.64281744277395
2026-02-23T11:12:09.094553,Ghost Zone,SENSEX,BUY_CE_GTZ,83200.0,659.1070436069349,0.522789907431935,0.000255675407946,-85.18716931174936,83215.18,4,Ghost Zone: Demand zone retest 82535 bounce=0.33x strength=3,856.8391566890153,263.64281744277395
2026-02-23T11:12:09.094553,Survivor,SENSEX,SELL_PE,82465.99714285714,296.62552781666454,-0.2978781072020128,0.000222476187651,-71.95363013591015,83215.18,4,Survivor: PE sell at 82466 dist=749 gap=375 res=83080,59.32510556333291,444.9382917249968
2026-02-23T11:18:13.164505,CPR,NIFTY,BUY_CE_CPR,25700.0,202.03845613644444,0.5126503593005219,0.0008091919540697,-26.87035561425908,25692.6,4,Narrow CPR (0.173%) bullish breakout above TC=25493,363.6692210456,80.81538245457779
2026-02-23T11:18:13.164505,Ghost Zone,NIFTY,BUY_CE_GTZ,25700.0,202.03845613644444,0.5126503593005219,0.0008091919540697,-26.87035561425908,25692.6,4,Ghost Zone: Demand zone retest 25444 bounce=0.23x strength=4,262.6499929773778,80.81538245457779
2026-02-23T11:18:13.164505,CPR,BANKNIFTY,BUY_CE_CPR,61250.0,515.7343584168084,0.5194393532666116,0.0003232763744959,-66.9680890505738,61254.05,4,Narrow CPR (0.178%) bullish breakout above TC=60240,928.3218451502552,206.29374336672336
2026-02-23T11:18:13.164505,Ghost Zone,BANKNIFTY,BUY_PE_GTZ,61250.0,468.06975724225777,-0.4805606467333884,0.0003232763744959,-66.71918818019832,61254.05,4,Ghost Zone: Supply zone retest 61765 rejection=0.38x strength=2,608.4906844149351,187.22790289690312
2026-02-23T11:18:13.164505,Survivor,BANKNIFTY,SELL_PE,60697.74142857143,246.86886176595,-0.3089410665848111,0.0002857930604964,-57.68923058066881,61254.05,4,Survivor: PE sell at 60698 dist=556 gap=278 res=60622,49.37377235319,370.303292648925
2026-02-23T11:18:13.164505,CPR,SENSEX,BUY_CE_CPR,83200.0,665.4534657297991,0.5256631296343293,0.0002553525352937,-85.25967459811059,83226.47,4,Narrow CPR (0.146%) bullish breakout above TC=82687,1197.8162383136385,266.18138629191964
2026-02-23T11:18:13.164505,Ghost Zone,SENSEX,BUY_CE_GTZ,83200.0,665.4534657297991,0.5256631296343293,0.0002553525352937,-85.25967459811059,83226.47,4,Ghost Zone: Demand zone retest 82535 bounce=0.34x strength=3,865.0895054487388,266.18138629191964
2026-02-23T11:18:13.164505,Survivor,SENSEX,SELL_PE,82477.28714285715,297.06918113133,-0.2980231813071932,0.0002223420261212,-72.02716277411514,83226.47,4,Survivor: PE sell at 82477 dist=749 gap=375 res=83080,59.413836226266,445.60377169699495
2026-02-23T11:24:06.065347,CPR,NIFTY,BUY_CE_CPR,25650.0,211.74127528470672,0.5298667978294787,0.0008120528749192,-26.74559587289829,25663.75,4,Narrow CPR (0.173%) bullish breakout above TC=25493,381.1342955124721,84.6965101138827
2026-02-23T11:24:06.066361,Ghost Zone,NIFTY,BUY_CE_GTZ,25650.0,211.74127528470672,0.5298667978294787,0.0008120528749192,-26.74559587289829,25663.75,4,Ghost Zone: Demand zone retest 25444 bounce=0.13x strength=4,275.2636578701187,84.6965101138827
2026-02-23T11:24:06.066361,CPR,BANKNIFTY,BUY_CE_CPR,61200.0,519.1602914171199,0.523277673518843,0.0003247871397329,-66.6571555229574,61215.7,4,Narrow CPR (0.178%) bullish breakout above TC=60240,934.4885245508158,207.66411656684795
2026-02-23T11:24:06.066361,Ghost Zone,BANKNIFTY,BUY_PE_GTZ,61200.0,459.88129399863465,-0.476722326481157,0.0003247871397329,-66.32398572242165,61215.7,4,Ghost Zone: Supply zone retest 61765 rejection=0.43x strength=2,597.8456821982251,183.95251759945387
2026-02-23T11:24:06.066361,Survivor,BANKNIFTY,SELL_PE,60659.39142857143,244.63481075092204,-0.3080711132704791,0.0002869220881175,-57.33021658304413,61215.7,4,Survivor: PE sell at 60659 dist=556 gap=278 res=60622,48.92696215018441,366.9522161263831
2026-02-23T11:24:06.066361,CPR,SENSEX,BUY_CE_CPR,83100.0,673.3292111351111,0.5309528887604115,0.0002562231262647,-84.91965941965756,83146.83,4,Narrow CPR (0.146%) bullish breakout above TC=82687,1211.9925800432,269.3316844540445
2026-02-23T11:24:06.066361,Ghost Zone,SENSEX,BUY_CE_GTZ,83100.0,673.3292111351111,0.5309528887604115,0.0002562231262647,-84.91965941965756,83146.83,4,Ghost Zone: Demand zone retest 82535 bounce=0.26x strength=3,875.3279744756445,269.3316844540445
2026-02-23T11:24:06.066361,Survivor,SENSEX,SELL_PE,82397.64714285715,294.74064869052745,-0.2972600542057279,0.000223049652968,-71.6394877256781,83146.83,4,Survivor: PE sell at 82398 dist=749 gap=375 res=83080,58.94812973810549,442.1109730357912
2026-02-23T11:30:00.950718,CPR,NIFTY,BUY_CE_CPR,25650.0,212.5813920330711,0.5310793624214015,0.0008116312307234,-26.75242639413696,25665.25,4,Narrow CPR (0.173%) bullish breakout above TC=25493,382.646505659528,85.03255681322844
2026-02-23T11:30:00.950718,Ghost Zone,NIFTY,BUY_CE_GTZ,25650.0,212.5813920330711,0.5310793624214015,0.0008116312307234,-26.75242639413696,25665.25,4,Ghost Zone: Demand zone retest 25444 bounce=0.14x strength=4,276.3558096429924,85.03255681322844
2026-02-23T11:30:00.950718,CPR,BANKNIFTY,BUY_CE_CPR,61200.0,518.1848188225849,0.5226599954496329,0.0003248141556263,-66.65624900062569,61213.8,4,Narrow CPR (0.178%) bullish breakout above TC=60240,932.7326738806528,207.273927529034
2026-02-23T11:30:00.950718,Ghost Zone,BANKNIFTY,BUY_PE_GTZ,61200.0,460.8058214040939,-0.477340004550367,0.0003248141556263,-66.3365526055178,61213.8,4,Ghost Zone: Supply zone retest 61765 rejection=0.44x strength=2,599.0475678253221,184.3223285616376
2026-02-23T11:30:00.950718,Survivor,BANKNIFTY,SELL_PE,60657.49142857143,244.6378291743349,-0.308072412925452,0.000286920851355,-57.33055924370761,61213.8,4,Survivor: PE sell at 60657 dist=556 gap=278 res=60622,48.92756583486698,366.9567437615024
2026-02-23T11:30:00.950718,CPR,SENSEX,BUY_CE_CPR,83100.0,670.3135046081879,0.5296240690775009,0.0002564070855508,-84.88382383546806,83141.61,4,Narrow CPR (0.146%) bullish breakout above TC=82687,1206.5643082947383,268.1254018432752
2026-02-23T11:30:00.950718,Ghost Zone,SENSEX,BUY_CE_GTZ,83100.0,670.3135046081879,0.5296240690775009,0.0002564070855508,-84.88382383546806,83141.61,4,Ghost Zone: Demand zone retest 82535 bounce=0.25x strength=3,871.4075559906444,268.1254018432752
2026-02-23T11:30:00.950718,Survivor,SENSEX,SELL_PE,82392.42714285715,294.4923749123664,-0.297178127684744,0.000223125025567,-71.5983377426362,83141.61,4,Survivor: PE sell at 82392 dist=749 gap=375 res=83080,58.89847498247328,441.7385623685496
2026-02-23T11:35:55.954354,CPR,NIFTY,BUY_CE_CPR,25650.0,205.7978630061716,0.5211918843184205,0.000814864118352,-26.68981774983012,25653.05,4,Narrow CPR (0.173%) bullish breakout above TC=25493,370.4361534111089,82.31914520246865
2026-02-23T11:35:55.954354,Ghost Zone,NIFTY,BUY_CE_GTZ,25650.0,205.7978630061716,0.5211918843184205,0.000814864118352,-26.68981774983012,25653.05,4,Ghost Zone: Demand zone retest 25444 bounce=0.09x strength=4,267.5372219080231,82.31914520246865
2026-02-23T11:35:55.954354,CPR,BANKNIFTY,BUY_CE_CPR,61200.0,505.6959328672201,0.5156930766597583,0.0003260869958689,-66.44459286673401,61192.3,4,Narrow CPR (0.178%) bullish breakout above TC=60240,910.2526791609962,202.27837314688804
2026-02-23T11:35:55.954354,Ghost Zone,BANKNIFTY,BUY_PE_GTZ,61200.0,469.81693544872905,-0.4843069233402417,0.0003260869958689,-66.27629129770727,61192.3,4,Ghost Zone: Supply zone retest 61765 rejection=0.47x strength=2,610.7620160833478,187.92677417949164
2026-02-23T11:35:55.954354,Survivor,BANKNIFTY,SELL_PE,60635.99142857143,243.31982780086764,-0.3075547937147314,0.0002875905388306,-57.1184733262304,61192.3,4,Survivor: PE sell at 60636 dist=556 gap=278 res=60622,48.66396556017353,364.9797417013015
2026-02-23T11:35:55.954354,CPR,SENSEX,BUY_CE_CPR,83100.0,655.7637466939777,0.5228473767736294,0.0002570344253953,-84.76795931364128,83115.14,4,Narrow CPR (0.146%) bullish breakout above TC=82687,1180.37474404916,262.3054986775911
2026-02-23T11:35:55.954354,Ghost Zone,SENSEX,BUY_CE_GTZ,83100.0,655.7637466939777,0.5228473767736294,0.0002570344253953,-84.76795931364128,83115.14,4,Ghost Zone: Demand zone retest 82535 bounce=0.22x strength=3,852.4928707021711,262.3054986775911
2026-02-23T11:35:55.954354,Survivor,SENSEX,SELL_PE,82365.95714285715,293.7870255034068,-0.2969455331297655,0.0002233404932541,-71.4805671752499,83115.14,4,Survivor: PE sell at 82366 dist=749 gap=375 res=83080,58.75740510068135,440.68053825511015
2026-02-23T11:41:48.087369,CPR,NIFTY,BUY_CE_CPR,25650.0,213.02614574156905,0.5316823438342893,0.0008113182283309,-26.75875463925226,25666.0,4,Narrow CPR (0.173%) bullish breakout above TC=25493,383.4470623348243,85.21045829662762
2026-02-23T11:41:48.087369,Ghost Zone,NIFTY,BUY_CE_GTZ,25650.0,213.02614574156905,0.5316823438342893,0.0008113182283309,-26.75875463925226,25666.0,4,Ghost Zone: Demand zone retest 25444 bounce=0.14x strength=4,276.93398946403977,85.21045829662762
2026-02-23T11:41:48.087369,CPR,BANKNIFTY,BUY_CE_CPR,61200.0,505.1408987472969,0.5154343858382019,0.0003261949563114,-66.4247224332934,61191.5,4,Narrow CPR (0.178%) bullish breakout above TC=60240,909.2536177451344,202.0563594989188
2026-02-23T11:41:48.087369,Ghost Zone,BANKNIFTY,BUY_PE_GTZ,61200.0,470.0619013288051,-0.4845656141617981,0.0003261949563114,-66.26200808609494,61191.5,4,Ghost Zone: Supply zone retest 61765 rejection=0.47x strength=2,611.0804717274467,188.02476053152205
2026-02-23T11:41:48.087369,Survivor,BANKNIFTY,SELL_PE,60635.19142857143,243.1886171320948,-0.3075030046677032,0.0002876571589405,-57.09744253940062,61191.5,4,Survivor: PE sell at 60635 dist=556 gap=278 res=60622,48.637723426418965,364.7829256981422
2026-02-23T11:41:48.087369,CPR,SENSEX,BUY_CE_CPR,83200.0,630.8807715263974,0.509497852506602,0.0002567648892403,-84.87021999966598,83163.23,4,Narrow CPR (0.146%) bullish breakout above TC=82687,1135.5853887475157,252.352308610559
2026-02-23T11:41:48.087369,Ghost Zone,SENSEX,BUY_CE_GTZ,83200.0,630.8807715263974,0.509497852506602,0.0002567648892403,-84.87021999966598,83163.23,4,Ghost Zone: Demand zone retest 82535 bounce=0.27x strength=3,820.1450029843166,252.352308610559
2026-02-23T11:41:48.087369,Survivor,SENSEX,SELL_PE,82414.04714285715,295.0711643037976,-0.2973685292827868,0.0002229484970944,-71.69491814668044,83163.23,4,Survivor: PE sell at 82414 dist=749 gap=375 res=83080,59.01423286075951,442.60674645569634
2026-02-23T11:47:39.525914,CPR,NIFTY,BUY_CE_CPR,25650.0,210.71537477572747,0.5283258075890428,0.0008124285709687,-26.74106411532077,25661.85,4,Narrow CPR (0.173%) bullish breakout above TC=25493,379.28767459630944,84.28614991029099
2026-02-23T11:47:39.525914,Ghost Zone,NIFTY,BUY_CE_GTZ,25650.0,210.71537477572747,0.5283258075890428,0.0008124285709687,-26.74106411532077,25661.85,4,Ghost Zone: Demand zone retest 25444 bounce=0.13x strength=4,273.9299872084457,84.28614991029099
2026-02-23T11:47:39.525914,CPR,BANKNIFTY,BUY_CE_CPR,61150.0,515.9353662637914,0.5233360326449065,0.000326896131297,-66.25882118370627,61165.6,4,Narrow CPR (0.178%) bullish breakout above TC=60240,928.6836592748244,206.37414650551656
2026-02-23T11:47:39.525914,Ghost Zone,BANKNIFTY,BUY_PE_GTZ,61150.0,456.79197260136425,-0.4766639673550936,0.000326896131297,-65.92367093724421,61165.6,4,Ghost Zone: Supply zone retest 61765 rejection=0.51x strength=2,593.8295643817736,182.7167890405457
2026-02-23T11:47:39.525914,Survivor,BANKNIFTY,SELL_PE,60609.29142857143,241.85941198105863,-0.3069776264768166,0.0002883363198239,-56.88294026671208,61165.6,4,Survivor: PE sell at 60609 dist=556 gap=278 res=60622,48.37188239621173,362.789117971588
2026-02-23T11:47:39.525914,CPR,SENSEX,BUY_CE_CPR,83200.0,624.3759430918726,0.506343805452915,0.000256954109826,-84.79083877878074,83150.95,4,Narrow CPR (0.146%) bullish breakout above TC=82687,1123.8766975653707,249.75037723674905
2026-02-23T11:47:39.525914,Ghost Zone,SENSEX,BUY_CE_GTZ,83200.0,624.3759430918726,0.506343805452915,0.000256954109826,-84.79083877878074,83150.95,4,Ghost Zone: Demand zone retest 82535 bounce=0.26x strength=3,811.6887260194344,249.75037723674905
2026-02-23T11:47:39.525914,Survivor,SENSEX,SELL_PE,82401.76714285715,294.76174345211984,-0.2972668284490313,0.0002230429067089,-71.6432414238492,83150.95,4,Survivor: PE sell at 82402 dist=749 gap=375 res=83080,58.952348690423975,442.14261517817977
2026-02-23T11:53:19.503799,CPR,NIFTY,BUY_CE_CPR,25650.0,203.83016743342523,0.5182207123319347,0.0008155767432311,-26.672918639251343,25649.4,4,Narrow CPR (0.173%) bullish breakout above TC=25493,366.8943013801654,81.53206697337009
2026-02-23T11:53:19.503799,Ghost Zone,NIFTY,BUY_CE_GTZ,25650.0,203.83016743342523,0.5182207123319347,0.0008155767432311,-26.672918639251343,25649.4,4,Ghost Zone: Demand zone retest 25444 bounce=-0.00x strength=4,264.9792176634528,81.53206697337009
2026-02-23T11:53:19.503799,CPR,BANKNIFTY,BUY_CE_CPR,61150.0,505.069046072691,0.5173428423834265,0.0003281189956763,-66.06053741366642,61147.2,4,Narrow CPR (0.178%) bullish breakout above TC=60240,909.1242829308438,202.0276184290764
2026-02-23T11:53:19.503799,Survivor,BANKNIFTY,SELL_PE,60616.61142857143,248.7503120579604,-0.3140140344169415,0.0002920571988236,-57.32958518197944,61147.2,4,Survivor: PE sell at 60617 dist=531 gap=265 res=60622,49.75006241159208,373.1254680869406
2026-02-23T11:53:19.503799,CPR,SENSEX,BUY_CE_CPR,83100.0,657.0901982480937,0.5234921476602462,0.0002569969476246,-84.77423461035005,83117.65,4,Narrow CPR (0.146%) bullish breakout above TC=82687,1182.7623568465683,262.8360792992375
2026-02-23T11:53:19.503799,Ghost Zone,SENSEX,BUY_CE_GTZ,83100.0,657.0901982480937,0.5234921476602462,0.0002569969476246,-84.77423461035005,83117.65,4,Ghost Zone: Demand zone retest 82535 bounce=0.00x strength=2,854.2172577225218,262.8360792992375
2026-02-23T11:59:05.125030,CPR,NIFTY,BUY_CE_CPR,25650.0,207.91138320567188,0.5242765951997601,0.0008138524245556,-26.712633159670425,25656.85,4,Narrow CPR (0.173%) bullish breakout above TC=25493,374.2404897702094,83.16455328226876
2026-02-23T11:59:05.125030,Ghost Zone,NIFTY,BUY_CE_GTZ,25650.0,207.91138320567188,0.5242765951997601,0.0008138524245556,-26.712633159670425,25656.85,4,Ghost Zone: Demand zone retest 25444 bounce=0.11x strength=4,270.2847981673735,83.16455328226876
2026-02-23T11:59:05.125030,CPR,BANKNIFTY,BUY_CE_CPR,61150.0,520.116927080242,0.5257434822780487,0.0003265330776362,-66.30725190062289,61173.0,4,Narrow CPR (0.178%) bullish breakout above TC=60240,936.2104687444356,208.04677083209685
2026-02-23T11:59:05.125030,Ghost Zone,BANKNIFTY,BUY_PE_GTZ,61150.0,453.5735334178207,-0.4742565177219512,0.0003265330776362,-65.91975900898183,61173.0,4,Ghost Zone: Supply zone retest 61765 rejection=0.50x strength=2,589.645593443167,181.4294133671283
2026-02-23T11:59:05.125030,Survivor,BANKNIFTY,SELL_PE,60616.69142857143,242.1744654755821,-0.3071023772571777,0.0002881748897127,-56.933899754049726,61173.0,4,Survivor: PE sell at 60617 dist=556 gap=278 res=60622,48.43489309511642,363.2616982133732
2026-02-23T11:59:05.125030,CPR,SENSEX,BUY_CE_CPR,83200.0,627.954070370688,0.50802134288041,0.0002568040710982,-84.84912802357753,83157.48,4,Narrow CPR (0.146%) bullish breakout above TC=82687,1130.3173266672384,251.1816281482752
2026-02-23T11:59:05.125030,Ghost Zone,SENSEX,BUY_CE_GTZ,83200.0,627.954070370688,0.50802134288041,0.0002568040710982,-84.84912802357753,83157.48,4,Ghost Zone: Demand zone retest 82535 bounce=0.27x strength=3,816.3402914818944,251.1816281482752
2026-02-23T11:59:05.125030,Survivor,SENSEX,SELL_PE,82408.29714285715,295.03387642729285,-0.2973564923945916,0.0002229602700253,-71.6883918638895,83157.48,4,Survivor: PE sell at 82408 dist=749 gap=375 res=83080,59.00677528545857,442.5508146409393
2026-02-23T12:04:46.169788,CPR,NIFTY,BUY_CE_CPR,25650.0,209.37653603589024,0.5263394144777895,0.0008129797195975,-26.73214746637817,25659.4,4,Narrow CPR (0.173%) bullish breakout above TC=25493,376.87776486460245,83.75061441435611
2026-02-23T12:04:46.169788,Ghost Zone,NIFTY,BUY_CE_GTZ,25650.0,209.37653603589024,0.5263394144777895,0.0008129797195975,-26.73214746637817,25659.4,4,Ghost Zone: Demand zone retest 25444 bounce=0.12x strength=4,272.18949684665733,83.75061441435611
2026-02-23T12:04:46.169788,CPR,BANKNIFTY,BUY_CE_CPR,61150.0,514.1581911369212,0.5224299823017325,0.0003271648911276,-66.2150106128449,61162.8,4,Narrow CPR (0.178%) bullish breakout above TC=60240,925.4847440464582,205.6632764547685
2026-02-23T12:04:46.169788,Ghost Zone,BANKNIFTY,BUY_PE_GTZ,61150.0,457.8147974744934,-0.4775700176982674,0.0003271648911276,-65.89948671273962,61162.8,4,Ghost Zone: Supply zone retest 61765 rejection=0.51x strength=2,595.1592367168414,183.12591898979736
2026-02-23T12:04:46.169788,Survivor,BANKNIFTY,SELL_PE,60606.49142857143,241.5642289499556,-0.3068603212659932,0.0002884870851999,-56.83548178472756,61162.8,4,Survivor: PE sell at 60606 dist=556 gap=278 res=60622,48.31284578999112,362.34634342493337
2026-02-23T12:04:46.169788,CPR,SENSEX,BUY_CE_CPR,83200.0,628.2038348256101,0.5081935089383262,0.000256837338798,-84.8403049093873,83158.15,4,Narrow CPR (0.146%) bullish breakout above TC=82687,1130.7669026860983,251.28153393024405
2026-02-23T12:04:46.169788,Ghost Zone,SENSEX,BUY_CE_GTZ,83200.0,628.2038348256101,0.5081935089383262,0.000256837338798,-84.8403049093873,83158.15,4,Ghost Zone: Demand zone retest 82535 bounce=0.27x strength=3,816.6649852732932,251.28153393024405
2026-02-23T12:04:46.169788,Survivor,SENSEX,SELL_PE,82408.96714285715,294.9593685002401,-0.2973318298699646,0.0002229826600945,-71.67620342739939,83158.15,4,Survivor: PE sell at 82409 dist=749 gap=375 res=83080,58.99187370004802,442.4390527503601
2026-02-23T12:10:28.073353,CPR,NIFTY,BUY_CE_CPR,25650.0,212.82665325016205,0.5314000108386245,0.0008114308782665,-26.75682173993618,25665.65,4,Narrow CPR (0.173%) bullish breakout above TC=25493,383.0879758502917,85.13066130006483
2026-02-23T12:10:28.073353,Ghost Zone,NIFTY,BUY_CE_GTZ,25650.0,212.82665325016205,0.5314000108386245,0.0008114308782665,-26.75682173993618,25665.65,4,Ghost Zone: Demand zone retest 25444 bounce=-0.00x strength=4,276.67464922521066,85.13066130006483
2026-02-23T12:10:28.073353,CPR,BANKNIFTY,BUY_CE_CPR,61150.0,521.177719960604,0.5263442133392989,0.0003264320915288,-66.32058545864318,61174.85,4,Narrow CPR (0.178%) bullish breakout above TC=60240,938.1198959290872,208.4710879842416
2026-02-23T12:10:28.073353,Survivor,BANKNIFTY,SELL_PE,60644.26142857143,250.43664862369403,-0.3146547372028122,0.000291169703869,-57.597016631559015,61174.85,4,Survivor: PE sell at 60644 dist=531 gap=265 res=60622,50.087329724738815,375.6549729355411
2026-02-23T12:10:28.073353,CPR,SENSEX,BUY_CE_CPR,83200.0,637.0229269026458,0.512398488559271,0.0002565282722632,-84.95360216311764,83174.54,4,Narrow CPR (0.146%) bullish breakout above TC=82687,1146.6412684247623,254.8091707610584
2026-02-23T12:10:28.073353,Ghost Zone,SENSEX,BUY_CE_GTZ,83200.0,637.0229269026458,0.512398488559271,0.0002565282722632,-84.95360216311764,83174.54,4,Ghost Zone: Demand zone retest 82535 bounce=0.29x strength=3,828.1298049734396,254.8091707610584
2026-02-23T12:10:28.073353,Survivor,SENSEX,SELL_PE,82425.35714285714,295.45779717008554,-0.2974956417794281,0.0002228310029849,-71.75918843955739,83174.54,4,Survivor: PE sell at 82425 dist=749 gap=375 res=83080,59.09155943401712,443.1866957551283
2026-02-23T12:16:03.650346,CPR,NIFTY,BUY_CE_CPR,25650.0,213.40040337057508,0.5322060786337972,0.0008110934723416,-26.762749765083623,25666.65,4,Narrow CPR (0.173%) bullish breakout above TC=25493,384.1207260670352,85.36016134823004
2026-02-23T12:16:03.650346,Ghost Zone,NIFTY,BUY_CE_GTZ,25650.0,213.40040337057508,0.5322060786337972,0.0008110934723416,-26.762749765083623,25666.65,4,Ghost Zone: Demand zone retest 25444 bounce=-0.00x strength=4,277.4205243817476,85.36016134823004
2026-02-23T12:16:03.650346,CPR,BANKNIFTY,BUY_CE_CPR,61150.0,513.4822010140088,0.5220045669118281,0.0003271893638728,-66.21305693061655,61161.5,4,Narrow CPR (0.178%) bullish breakout above TC=60240,924.2679618252158,205.3928804056035
2026-02-23T12:16:03.650346,Survivor,BANKNIFTY,SELL_PE,60630.91142857143,249.7227797811865,-0.3143842402883427,0.0002915450559246,-57.48373347227032,61161.5,4,Survivor: PE sell at 60631 dist=531 gap=265 res=60622,49.94455595623731,374.5841696717798
2026-02-23T12:16:03.650346,CPR,SENSEX,BUY_CE_CPR,83200.0,634.5105121476881,0.5112375161545577,0.0002566446511877,-84.9146689965202,83170.01,4,Narrow CPR (0.146%) bullish breakout above TC=82687,1142.1189218658387,253.80420485907527
2026-02-23T12:16:03.650346,Ghost Zone,SENSEX,BUY_CE_GTZ,83200.0,634.5105121476881,0.5112375161545577,0.0002566446511877,-84.9146689965202,83170.01,4,Ghost Zone: Demand zone retest 82535 bounce=0.00x strength=2,824.8636657919945,253.80420485907527
2026-02-23T12:21:42.829916,CPR,NIFTY,BUY_CE_CPR,25650.0,214.8457475013037,0.5343063094492471,0.0008104090223763,-26.771423745055603,25669.25,4,Narrow CPR (0.173%) bullish breakout above TC=25493,386.7223455023468,85.93829900052151
2026-02-23T12:21:42.829916,Ghost Zone,NIFTY,BUY_CE_GTZ,25650.0,214.8457475013037,0.5343063094492471,0.0008104090223763,-26.771423745055603,25669.25,4,Ghost Zone: Demand zone retest 25444 bounce=0.15x strength=4,279.2994717516949,85.93829900052151
2026-02-23T12:21:42.829916,CPR,BANKNIFTY,BUY_CE_CPR,61150.0,514.0571813647257,0.522450141651994,0.0003272494852859,-66.19923826819554,61162.85,4,Narrow CPR (0.178%) bullish breakout above TC=60240,925.3029264565064,205.6228725458903
2026-02-23T12:21:42.829916,Ghost Zone,BANKNIFTY,BUY_PE_GTZ,61150.0,457.66378770230585,-0.4775498583480059,0.0003272494852859,-65.88322993659335,61162.85,4,Ghost Zone: Supply zone retest 61765 rejection=0.51x strength=2,594.9629240129976,183.06551508092235
2026-02-23T12:21:42.829916,Survivor,BANKNIFTY,SELL_PE,60606.54142857143,241.45247033151827,-0.306815797621676,0.0002885440334993,-56.817590842939055,61162.85,4,Survivor: PE sell at 60607 dist=556 gap=278 res=60622,48.29049406630366,362.1787054972774
2026-02-23T12:21:42.829916,CPR,SENSEX,BUY_CE_CPR,83200.0,636.0735639465274,0.5119473335773919,0.0002565624014495,-84.94197161288847,83172.78,4,Narrow CPR (0.146%) bullish breakout above TC=82687,1144.9324151037497,254.429425578611
2026-02-23T12:21:42.829916,Ghost Zone,SENSEX,BUY_CE_GTZ,83200.0,636.0735639465274,0.5119473335773919,0.0002565624014495,-84.94197161288847,83172.78,4,Ghost Zone: Demand zone retest 82535 bounce=0.28x strength=3,826.8956331304856,254.429425578611
2026-02-23T12:21:42.829916,Survivor,SENSEX,SELL_PE,82423.59714285715,295.4050897168454,-0.2974783350524768,0.0002228470343608,-71.75041275856115,83172.78,4,Survivor: PE sell at 82424 dist=749 gap=375 res=83080,59.08101794336908,443.1076345752681
2026-02-23T12:27:17.367222,CPR,NIFTY,BUY_CE_CPR,25650.0,203.24822496418344,0.5173241318725535,0.0008157454033087,-26.66867289859541,25648.3,4,Narrow CPR (0.173%) bullish breakout above TC=25493,365.8468049355303,81.2992899856734
2026-02-23T12:27:17.367222,Ghost Zone,NIFTY,BUY_CE_GTZ,25650.0,203.24822496418344,0.5173241318725535,0.0008157454033087,-26.66867289859541,25648.3,4,Ghost Zone: Demand zone retest 25444 bounce=-0.00x strength=4,264.2226924534385,81.2992899856734
2026-02-23T12:27:17.367222,CPR,BANKNIFTY,BUY_CE_CPR,61100.0,508.3570921148021,0.5211279832787955,0.0003296695399809,-65.75778061791195,61108.55,4,Narrow CPR (0.178%) bullish breakout above TC=60240,915.0427658066436,203.34283684592083
2026-02-23T12:27:17.367222,Survivor,BANKNIFTY,SELL_PE,60577.96142857144,246.53586732456097,-0.3131650254051511,0.0002932305713645,-56.97759290949705,61108.55,4,Survivor: PE sell at 60578 dist=531 gap=265 res=60622,49.3071734649122,369.8038009868415
2026-02-23T12:27:17.367222,CPR,SENSEX,BUY_CE_CPR,83100.0,657.6433405989665,0.5237673158016627,0.0002569860894392,-84.7752503304851,83118.72,4,Narrow CPR (0.146%) bullish breakout above TC=82687,1183.7580130781396,263.0573362395866
2026-02-23T12:27:17.367222,Ghost Zone,SENSEX,BUY_CE_GTZ,83100.0,657.6433405989665,0.5237673158016627,0.0002569860894392,-84.7752503304851,83118.72,4,Ghost Zone: Demand zone retest 82535 bounce=0.00x strength=2,854.9363427786565,263.0573362395866
2026-02-23T12:32:56.804546,CPR,NIFTY,BUY_CE_CPR,25650.0,201.5097693686312,0.5147581851629013,0.000816530314386,-26.64616988108468,25645.15,4,Narrow CPR (0.173%) bullish breakout above TC=25493,362.7175848635361,80.60390774745247
2026-02-23T12:32:56.804546,Ghost Zone,NIFTY,BUY_CE_GTZ,25650.0,201.5097693686312,0.5147581851629013,0.000816530314386,-26.64616988108468,25645.15,4,Ghost Zone: Demand zone retest 25444 bounce=0.07x strength=4,261.9627001792205,80.60390774745247
2026-02-23T12:32:56.804546,CPR,BANKNIFTY,BUY_CE_CPR,61050.0,509.6818748867117,0.5236584348120417,0.0003312655966665,-65.44845780406303,61066.0,4,Narrow CPR (0.178%) bullish breakout above TC=60240,917.4273747960812,203.8727499546847
2026-02-23T12:32:56.804546,Ghost Zone,BANKNIFTY,BUY_PE_GTZ,61050.0,450.2096887364023,-0.4763415651879584,0.0003312655966665,-65.10483745942008,61066.0,4,Ghost Zone: Supply zone retest 61765 rejection=0.65x strength=2,585.272595357323,180.08387549456094
2026-02-23T12:32:56.804546,Survivor,BANKNIFTY,SELL_PE,60509.16285714286,236.057660529219,-0.3045560121370582,0.0002911812516528,-55.95716301074032,61066.0,4,Survivor: PE sell at 60509 dist=557 gap=278 res=60622,47.2115321058438,354.0864907938285
2026-02-23T12:32:56.804546,CPR,SENSEX,BUY_CE_CPR,83100.0,645.8284709859945,0.5181860634456569,0.0002574467077049,-84.66830121998264,83096.98,4,Narrow CPR (0.146%) bullish breakout above TC=82687,1162.49124777479,258.33138839439783
2026-02-23T12:32:56.804546,Ghost Zone,SENSEX,BUY_CE_GTZ,83100.0,645.8284709859945,0.5181860634456569,0.0002574467077049,-84.66830121998264,83096.98,4,Ghost Zone: Demand zone retest 82535 bounce=0.20x strength=3,839.5770122817929,258.33138839439783
2026-02-23T12:32:56.804546,Survivor,SENSEX,SELL_PE,82347.79714285715,293.25404819817777,-0.2967692742796287,0.0002235033709465,-71.39165995887117,83096.98,4,Survivor: PE sell at 82348 dist=749 gap=375 res=83080,58.650809639635554,439.88107229726666
2026-02-23T12:38:35.431203,CPR,NIFTY,BUY_CE_CPR,25650.0,208.11209664628768,0.5245599431870333,0.0008137341547405,-26.715341432918425,25657.2,4,Narrow CPR (0.173%) bullish breakout above TC=25493,374.6017739633178,83.24483865851508
2026-02-23T12:38:35.431203,Ghost Zone,NIFTY,BUY_CE_GTZ,25650.0,208.11209664628768,0.5245599431870333,0.0008137341547405,-26.715341432918425,25657.2,4,Ghost Zone: Demand zone retest 25444 bounce=0.11x strength=4,270.545725640174,83.24483865851508
2026-02-23T12:38:35.431203,CPR,BANKNIFTY,BUY_CE_CPR,61100.0,503.9017727896317,0.5184794770401795,0.0003300075080978,-65.70708133436177,61100.5,4,Narrow CPR (0.178%) bullish breakout above TC=60240,907.023191021337,201.56070911585263
2026-02-23T12:38:35.431203,Ghost Zone,BANKNIFTY,BUY_PE_GTZ,61100.0,459.8939828832699,-0.4815205229598205,0.0003300075080978,-65.47656910647845,61100.5,4,Ghost Zone: Supply zone retest 61765 rejection=0.60x strength=2,597.8621777482509,183.957593153308
2026-02-23T12:38:35.431203,Survivor,BANKNIFTY,SELL_PE,60543.34285714286,237.8469776841229,-0.3052292613375831,0.000290160759663,-56.25536817176648,61100.5,4,Survivor: PE sell at 60543 dist=557 gap=279 res=60622,47.5693955368246,356.77046652618446
2026-02-23T12:38:35.431203,CPR,SENSEX,BUY_CE_CPR,83100.0,669.1257718842753,0.5290772447035266,0.0002564624552474,-84.87469536816381,83139.47,4,Narrow CPR (0.146%) bullish breakout above TC=82687,1204.4263893916957,267.65030875371014
2026-02-23T12:38:35.431203,Ghost Zone,SENSEX,BUY_CE_GTZ,83100.0,669.1257718842753,0.5290772447035266,0.0002564624552474,-84.87469536816381,83139.47,4,Ghost Zone: Demand zone retest 82535 bounce=0.25x strength=3,869.8635034495579,267.65030875371014
2026-02-23T12:38:35.431203,Survivor,SENSEX,SELL_PE,82390.28714285715,294.43115397747897,-0.2971579563864742,0.0002231436981057,-71.58812960503087,83139.47,4,Survivor: PE sell at 82390 dist=749 gap=375 res=83080,58.8862307954958,441.64673096621846
2026-02-23T12:44:13.555383,CPR,NIFTY,BUY_CE_CPR,25700.0,192.6145252255428,0.4984527113806185,0.0008125292646374,-26.7288888586398,25675.1,4,Narrow CPR (0.173%) bullish breakout above TC=25493,346.7061454059771,77.04581009021713
2026-02-23T12:44:13.555383,Ghost Zone,NIFTY,BUY_CE_GTZ,25700.0,192.6145252255428,0.4984527113806185,0.0008125292646374,-26.7288888586398,25675.1,4,Ghost Zone: Demand zone retest 25444 bounce=0.17x strength=4,250.39888279320567,77.04581009021713
2026-02-23T12:44:13.555383,CPR,BANKNIFTY,BUY_CE_CPR,61150.0,507.8258875235552,0.5187417778021497,0.0003276855824343,-66.13647670879591,61151.5,4,Narrow CPR (0.178%) bullish breakout above TC=60240,914.0865975423992,203.1303550094221
2026-02-23T12:44:13.555383,Ghost Zone,BANKNIFTY,BUY_PE_GTZ,61150.0,462.7824938611302,-0.4812582221978503,0.0003276855824343,-65.90112911291959,61151.5,4,Ghost Zone: Supply zone retest 61765 rejection=0.53x strength=2,601.6172420194692,185.1129975444521
2026-02-23T12:44:13.555383,Survivor,BANKNIFTY,SELL_PE,60594.34285714286,240.825152633508,-0.3064251356722837,0.0002886273100661,-56.7371373835012,61151.5,4,Survivor: PE sell at 60594 dist=557 gap=279 res=60622,48.1650305267016,361.237728950262
2026-02-23T12:44:13.555383,CPR,SENSEX,BUY_CE_CPR,83200.0,637.7031579538161,0.5127214153680724,0.0002565036063292,-84.96187782913556,83175.8,4,Narrow CPR (0.146%) bullish breakout above TC=82687,1147.865684316869,255.08126318152645
2026-02-23T12:44:13.555383,Ghost Zone,SENSEX,BUY_CE_GTZ,83200.0,637.7031579538161,0.5127214153680724,0.0002565036063292,-84.96187782913556,83175.8,4,Ghost Zone: Demand zone retest 82535 bounce=0.29x strength=3,829.014105339961,255.08126318152645
2026-02-23T12:44:13.555383,Survivor,SENSEX,SELL_PE,82426.61714285715,295.49560775103964,-0.2975080550558131,0.0002228195040775,-71.7654834045262,83175.8,4,Survivor: PE sell at 82427 dist=749 gap=375 res=83080,59.09912155020793,443.24341162655946
2026-02-23T12:49:49.686922,CPR,NIFTY,BUY_CE_CPR,25650.0,215.54077940456227,0.5352711331925474,0.0008099779610061,-26.778459235337085,25670.45,4,Narrow CPR (0.173%) bullish breakout above TC=25493,387.9734029282121,86.21631176182491
2026-02-23T12:49:49.686922,Ghost Zone,NIFTY,BUY_CE_GTZ,25650.0,215.54077940456227,0.5352711331925474,0.0008099779610061,-26.778459235337085,25670.45,4,Ghost Zone: Demand zone retest 25444 bounce=0.16x strength=4,280.203013225931,86.21631176182491
2026-02-23T12:49:49.686922,CPR,BANKNIFTY,BUY_CE_CPR,61150.0,509.0958703318902,0.5196466566787429,0.0003277417567795,-66.12273788896127,61154.25,4,Narrow CPR (0.178%) bullish breakout above TC=60240,916.3725665974024,203.63834813275608
2026-02-23T12:49:49.686922,Ghost Zone,BANKNIFTY,BUY_PE_GTZ,61150.0,461.3024766694689,-0.480353343321257,0.0003277417567795,-65.86762539720678,61154.25,4,Ghost Zone: Supply zone retest 61765 rejection=0.52x strength=2,599.6932196703095,184.5209906677876
2026-02-23T12:49:49.686922,Survivor,BANKNIFTY,SELL_PE,60597.09285714286,240.70483178393988,-0.3063768573090435,0.0002886882458188,-56.71805133090424,61154.25,4,Survivor: PE sell at 60597 dist=557 gap=279 res=60622,48.14096635678798,361.0572476759098
2026-02-23T12:49:49.686922,CPR,SENSEX,BUY_CE_CPR,83200.0,637.8813927677984,0.5128059832357093,0.0002564971141584,-84.96403826839483,83176.13,4,Narrow CPR (0.146%) bullish breakout above TC=82687,1148.1865069820371,255.1525571071193
2026-02-23T12:49:49.686922,Ghost Zone,SENSEX,BUY_CE_GTZ,83200.0,637.8813927677984,0.5128059832357093,0.0002564971141584,-84.96403826839483,83176.13,4,Ghost Zone: Demand zone retest 82535 bounce=0.29x strength=3,829.245810598138,255.1525571071193
2026-02-23T12:49:49.686922,Survivor,SENSEX,SELL_PE,82426.94714285716,295.50552111616344,-0.2975113093540442,0.0002228164894401,-71.76713379192965,83176.13,4,Survivor: PE sell at 82427 dist=749 gap=375 res=83080,59.10110422323269,443.2582816742452
2026-02-23T12:55:31.311647,CPR,NIFTY,BUY_CE_CPR,25650.0,207.1425900258073,0.5231399086875352,0.0008141837511508,-26.70580035351439,25655.45,4,Narrow CPR (0.173%) bullish breakout above TC=25493,372.8566620464532,82.85703601032293
2026-02-23T12:55:31.311647,Ghost Zone,NIFTY,BUY_CE_GTZ,25650.0,207.1425900258073,0.5231399086875352,0.0008141837511508,-26.70580035351439,25655.45,4,Ghost Zone: Demand zone retest 25444 bounce=0.10x strength=4,269.2853670335495,82.85703601032293
2026-02-23T12:55:31.311647,CPR,BANKNIFTY,BUY_CE_CPR,61150.0,503.4697090889858,0.516325542950041,0.0003281690521242,-66.05326720026146,61144.1,4,Narrow CPR (0.178%) bullish breakout above TC=60240,906.2454763601744,201.3878836355944
2026-02-23T12:55:31.311647,Ghost Zone,BANKNIFTY,BUY_PE_GTZ,61150.0,465.8263154265587,-0.483674457049959,0.0003281690521242,-65.87035448684668,61144.1,4,Ghost Zone: Supply zone retest 61765 rejection=0.54x strength=2,605.5742100545264,186.3305261706235
2026-02-23T12:55:31.311647,Survivor,BANKNIFTY,SELL_PE,60586.94285714286,240.3113808592061,-0.3062199632604562,0.0002888905981276,-56.65423079475622,61144.1,4,Survivor: PE sell at 60587 dist=557 gap=279 res=60622,48.062276171841226,360.4670712888092
2026-02-23T12:55:31.311647,CPR,SENSEX,BUY_CE_CPR,83100.0,657.2528645021303,0.5235663931190244,0.0002569887083958,-84.77610742790041,83117.94,4,Narrow CPR (0.146%) bullish breakout above TC=82687,1183.0551561038344,262.90114580085213
2026-02-23T12:55:31.311647,Ghost Zone,SENSEX,BUY_CE_GTZ,83100.0,657.2528645021303,0.5235663931190244,0.0002569887083958,-84.77610742790041,83117.94,4,Ghost Zone: Demand zone retest 82535 bounce=0.23x strength=3,854.4287238527694,262.90114580085213
2026-02-23T12:55:31.311647,Survivor,SENSEX,SELL_PE,82368.75714285715,293.82555141349803,-0.2969581858466795,0.0002233285880332,-71.48709637721825,83117.94,4,Survivor: PE sell at 82369 dist=749 gap=375 res=83080,58.76511028269961,440.7383271202471
2026-02-23T13:01:09.602386,CPR,NIFTY,BUY_CE_CPR,25650.0,198.69177992925688,0.5104308186333341,0.0008174041007133,-26.61708086323903,25639.85,4,Narrow CPR (0.173%) bullish breakout above TC=25493,357.6452038726624,79.47671197170276
2026-02-23T13:01:09.602386,Ghost Zone,NIFTY,BUY_CE_GTZ,25650.0,198.69177992925688,0.5104308186333341,0.0008174041007133,-26.61708086323903,25639.85,4,Ghost Zone: Demand zone retest 25444 bounce=-0.00x strength=4,258.299313908034,79.47671197170276
2026-02-23T13:01:09.602386,CPR,BANKNIFTY,BUY_CE_CPR,61100.0,502.468918658873,0.5176742313364252,0.0003301631813645,-65.68099987766797,61098.05,4,Narrow CPR (0.178%) bullish breakout above TC=60240,904.4440535859716,200.98756746354923
2026-02-23T13:01:09.602386,Survivor,BANKNIFTY,SELL_PE,60567.46142857144,246.07807305629103,-0.312988554617114,0.0002934746234993,-56.90454733626741,61098.05,4,Survivor: PE sell at 60567 dist=531 gap=265 res=60622,49.21561461125821,369.11710958443655
2026-02-23T13:01:09.602386,CPR,SENSEX,BUY_CE_CPR,83100.0,636.4911163451616,0.5137428225263078,0.000257793395487,-84.56767794201204,83079.71,4,Narrow CPR (0.146%) bullish breakout above TC=82687,1145.684009421291,254.59644653806464
2026-02-23T13:01:09.602386,Ghost Zone,SENSEX,BUY_CE_GTZ,83100.0,636.4911163451616,0.5137428225263078,0.000257793395487,-84.56767794201204,83079.71,4,Ghost Zone: Demand zone retest 82535 bounce=0.00x strength=2,827.4384512487101,254.59644653806464
2026-02-23T13:06:48.574492,CPR,NIFTY,BUY_CE_CPR,25650.0,201.00097253102285,0.5139831005673101,0.0008167022825443,-26.64091860169307,25644.2,4,Narrow CPR (0.173%) bullish breakout above TC=25493,361.8017505558411,80.40038901240915
2026-02-23T13:06:48.574492,Ghost Zone,NIFTY,BUY_CE_GTZ,25650.0,201.00097253102285,0.5139831005673101,0.0008167022825443,-26.64091860169307,25644.2,4,Ghost Zone: Demand zone retest 25444 bounce=0.06x strength=4,261.3012642903297,80.40038901240915
2026-02-23T13:06:48.574492,CPR,BANKNIFTY,BUY_CE_CPR,61100.0,513.467242908162,0.5239245304096232,0.0003290534581602,-65.85295997000487,61117.1,4,Narrow CPR (0.178%) bullish breakout above TC=60240,924.2410372346916,205.3868971632648
2026-02-23T13:06:48.574492,Ghost Zone,BANKNIFTY,BUY_PE_GTZ,61100.0,452.8594530018054,-0.4760754695903768,0.0003290534581602,-65.50426272605804,61117.1,4,Ghost Zone: Supply zone retest 61765 rejection=0.58x strength=2,588.717288902347,181.14378120072217
2026-02-23T13:06:48.574492,Survivor,BANKNIFTY,SELL_PE,60559.94285714286,238.7626356416804,-0.3055987047909266,0.0002896876006561,-56.40371179960199,61117.1,4,Survivor: PE sell at 60560 dist=557 gap=279 res=60622,47.75252712833608,358.1439534625206
2026-02-23T13:06:48.574492,CPR,SENSEX,BUY_CE_CPR,83100.0,643.8829871957278,0.5172472004094674,0.0002575082587666,-84.65212346538745,83093.33,4,Narrow CPR (0.146%) bullish breakout above TC=82687,1158.98937695231,257.5531948782911
2026-02-23T13:06:48.574492,Ghost Zone,SENSEX,BUY_CE_GTZ,83100.0,643.8829871957278,0.5172472004094674,0.0002575082587666,-84.65212346538745,83093.33,4,Ghost Zone: Demand zone retest 82535 bounce=0.20x strength=3,837.0478833544461,257.5531948782911
2026-02-23T13:06:48.574492,Survivor,SENSEX,SELL_PE,82344.14714285715,293.18274144750467,-0.2967457265970147,0.0002235252926618,-71.37967669649541,83093.33,4,Survivor: PE sell at 82344 dist=749 gap=375 res=83080,58.63654828950094,439.774112171257
2026-02-23T13:12:33.646174,CPR,NIFTY,BUY_CE_CPR,25650.0,207.235284546452,0.5232608936288907,0.0008141052005662,-26.70783929892172,25655.6,4,Narrow CPR (0.173%) bullish breakout above TC=25493,373.02351218361366,82.89411381858082
2026-02-23T13:12:33.646174,Ghost Zone,NIFTY,BUY_CE_GTZ,25650.0,207.235284546452,0.5232608936288907,0.0008141052005662,-26.70783929892172,25655.6,4,Ghost Zone: Demand zone retest 25444 bounce=-0.00x strength=4,269.40586991038765,82.89411381858082
2026-02-23T13:12:33.646174,CPR,BANKNIFTY,BUY_CE_CPR,61150.0,503.5731633621108,0.516408033762203,0.0003281823012208,-66.05069878992596,61144.35,4,Narrow CPR (0.178%) bullish breakout above TC=60240,906.4316940517996,201.4292653448444
2026-02-23T13:12:33.646174,Survivor,BANKNIFTY,SELL_PE,60613.76142857143,248.71050173184267,-0.3139989892824463,0.0002920785577258,-57.32310230553583,61144.35,4,Survivor: PE sell at 60614 dist=531 gap=265 res=60622,49.74210034636854,373.065752597764
2026-02-23T13:12:33.646174,CPR,SENSEX,BUY_CE_CPR,83100.0,662.2680837683292,0.5259463206399901,0.0002568041227765,-84.80947646657735,83127.22,4,Narrow CPR (0.146%) bullish breakout above TC=82687,1192.0825507829927,264.9072335073317
2026-02-23T13:12:33.646174,Ghost Zone,SENSEX,BUY_CE_GTZ,83100.0,662.2680837683292,0.5259463206399901,0.0002568041227765,-84.80947646657735,83127.22,4,Ghost Zone: Demand zone retest 82535 bounce=0.24x strength=3,860.948508898828,264.9072335073317
2026-02-23T13:12:33.646174,Survivor,SENSEX,SELL_PE,82378.03714285715,294.01018264056256,-0.2970190034001332,0.0002232719373091,-71.51809424425278,83127.22,4,Survivor: PE sell at 82378 dist=749 gap=375 res=83080,58.80203652811252,441.01527396084384
2026-02-23T13:18:18.048662,CPR,NIFTY,BUY_CE_CPR,25650.0,196.8541460946344,0.507651263947757,0.0008180910718975,-26.59166378570819,25636.45,4,Narrow CPR (0.173%) bullish breakout above TC=25493,354.337462970342,78.74165843785377
2026-02-23T13:18:18.048662,Ghost Zone,NIFTY,BUY_CE_GTZ,25650.0,196.8541460946344,0.507651263947757,0.0008180910718975,-26.59166378570819,25636.45,4,Ghost Zone: Demand zone retest 25444 bounce=-0.00x strength=4,255.91038992302475,78.74165843785377
2026-02-23T13:18:18.048662,CPR,BANKNIFTY,BUY_CE_CPR,61050.0,498.374293224213,0.5170463643863634,0.000332279733495,-65.29523463591859,61046.0,4,Narrow CPR (0.178%) bullish breakout above TC=60240,897.0737278035834,199.34971728968523
2026-02-23T13:18:18.048662,Survivor,BANKNIFTY,SELL_PE,60515.41142857143,243.3952650384853,-0.3119459647815593,0.0002949108167106,-56.47655453521251,61046.0,4,Survivor: PE sell at 60515 dist=531 gap=265 res=60622,48.67905300769708,365.09289755772807
2026-02-23T13:18:18.048662,CPR,SENSEX,BUY_CE_CPR,83100.0,625.8675188711713,0.5085809015762994,0.0002581122315655,-84.45196219425125,83059.69,4,Narrow CPR (0.146%) bullish breakout above TC=82687,1126.5615339681085,250.34700754846853
2026-02-23T13:18:18.048662,Ghost Zone,SENSEX,BUY_CE_GTZ,83100.0,625.8675188711713,0.5085809015762994,0.0002581122315655,-84.45196219425125,83059.69,4,Ghost Zone: Demand zone retest 82535 bounce=-0.00x strength=2,813.6277745325227,250.34700754846853
2026-02-23T13:23:57.718075,CPR,NIFTY,BUY_CE_CPR,25650.0,202.0573344013665,0.5155733405453966,0.0008162991204477,-26.652993778975933,25646.15,4,Narrow CPR (0.173%) bullish breakout above TC=25493,363.7032019224597,80.82293376054659
2026-02-23T13:23:57.718075,Ghost Zone,NIFTY,BUY_CE_GTZ,25650.0,202.0573344013665,0.5155733405453966,0.0008162991204477,-26.652993778975933,25646.15,4,Ghost Zone: Demand zone retest 25444 bounce=0.07x strength=4,262.6745347217764,80.82293376054659
2026-02-23T13:23:57.718075,CPR,BANKNIFTY,BUY_CE_CPR,61100.0,498.8653118932925,0.5155825217559356,0.0003304916326134,-65.62482842925871,61091.7,4,Narrow CPR (0.178%) bullish breakout above TC=60240,897.9575614079266,199.54612475731705
2026-02-23T13:23:57.718075,Ghost Zone,BANKNIFTY,BUY_PE_GTZ,61100.0,463.6575219869337,-0.4844174782440644,0.0003304916326134,-65.4571813811376,61091.7,4,Ghost Zone: Supply zone retest 61765 rejection=0.61x strength=2,602.7547785830138,185.4630087947735
2026-02-23T13:23:57.718075,Survivor,BANKNIFTY,SELL_PE,60533.18857142857,236.9380844946681,-0.3046353116906108,0.0002902449872139,-56.14148635478071,61091.7,4,Survivor: PE sell at 60533 dist=559 gap=279 res=60622,47.38761689893363,355.4071267420022
2026-02-23T13:23:57.718075,CPR,SENSEX,BUY_CE_CPR,83100.0,649.2041443848066,0.519762801947926,0.0002573003252288,-84.70642631521154,83103.12,4,Narrow CPR (0.146%) bullish breakout above TC=82687,1168.567459892652,259.68165775392265
2026-02-23T13:23:57.718075,Ghost Zone,SENSEX,BUY_CE_GTZ,83100.0,649.2041443848066,0.519762801947926,0.0002573003252288,-84.70642631521154,83103.12,4,Ghost Zone: Demand zone retest 82535 bounce=0.21x strength=3,843.9653877002486,259.68165775392265
2026-02-23T13:23:57.718075,Survivor,SENSEX,SELL_PE,82353.93714285715,293.456751549802,-0.2968363898407915,0.0002234414727708,-71.42542443370529,83103.12,4,Survivor: PE sell at 82354 dist=749 gap=375 res=83080,58.6913503099604,440.185127324703
2026-02-23T13:29:50.547308,CPR,NIFTY,BUY_CE_CPR,25650.0,212.6521569442212,0.5312021811924671,0.0008116439923195,-26.75143059793163,25665.4,4,Narrow CPR (0.173%) bullish breakout above TC=25493,382.7738824995981,85.06086277768846
2026-02-23T13:29:50.547308,Ghost Zone,NIFTY,BUY_CE_GTZ,25650.0,212.6521569442212,0.5312021811924671,0.0008116439923195,-26.75143059793163,25665.4,4,Ghost Zone: Demand zone retest 25444 bounce=0.14x strength=4,276.4478040274875,85.06086277768846
2026-02-23T13:29:50.547308,CPR,BANKNIFTY,BUY_CE_CPR,61150.0,503.9311678695085,0.5165703420673278,0.0003281064839593,-66.064394355545,61144.85,4,Narrow CPR (0.178%) bullish breakout above TC=60240,907.0761021651152,201.57246714780345
2026-02-23T13:29:50.547308,Ghost Zone,BANKNIFTY,BUY_PE_GTZ,61150.0,465.5377742070814,-0.4834296579326723,0.0003281064839593,-65.87617693311972,61144.85,4,Ghost Zone: Supply zone retest 61765 rejection=0.53x strength=2,605.1991064692058,186.2151096828325
2026-02-23T13:29:50.547308,Survivor,BANKNIFTY,SELL_PE,60586.33857142857,239.95805659636244,-0.3058534184773316,0.0002886898263664,-56.630800569126016,61144.85,4,Survivor: PE sell at 60586 dist=559 gap=279 res=60622,47.991611319272494,359.93708489454366
2026-02-23T13:29:50.547308,CPR,SENSEX,BUY_CE_CPR,83200.0,632.8357661611226,0.5104112235521986,0.0002566814007251,-84.90005592926421,83166.79,4,Narrow CPR (0.146%) bullish breakout above TC=82687,1139.1043790900208,253.13430646444905
2026-02-23T13:29:50.547308,Ghost Zone,SENSEX,BUY_CE_GTZ,83200.0,632.8357661611226,0.5104112235521986,0.0002566814007251,-84.90005592926421,83166.79,4,Ghost Zone: Demand zone retest 82535 bounce=0.28x strength=3,822.6864960094593,253.13430646444905
2026-02-23T13:29:50.547308,Survivor,SENSEX,SELL_PE,82417.60714285714,295.21472152230854,-0.2974157798201564,0.0002229049186653,-71.71873936278583,83166.79,4,Survivor: PE sell at 82418 dist=749 gap=375 res=83080,59.04294430446171,442.8220822834628
2026-02-23T13:35:34.311398,CPR,NIFTY,BUY_CE_CPR,25650.0,202.67553718731503,0.5164269364683266,0.0008158753737261,-26.665334672195804,25647.2,4,Narrow CPR (0.173%) bullish breakout above TC=25493,364.8159669371671,81.07021487492602
2026-02-23T13:35:34.311398,Ghost Zone,NIFTY,BUY_CE_GTZ,25650.0,202.67553718731503,0.5164269364683266,0.0008158753737261,-26.665334672195804,25647.2,4,Ghost Zone: Demand zone retest 25444 bounce=0.07x strength=4,263.4781983435096,81.07021487492602
2026-02-23T13:35:34.311398,CPR,BANKNIFTY,BUY_CE_CPR,61100.0,510.48551876705096,0.5222726742476093,0.0003293921437432,-65.80202760509593,61112.05,4,Narrow CPR (0.178%) bullish breakout above TC=60240,918.8739337806918,204.1942075068204
2026-02-23T13:35:34.311398,Ghost Zone,BANKNIFTY,BUY_PE_GTZ,61100.0,454.92772886069,-0.4777273257523907,0.0003293921437432,-65.48916491852835,61112.05,4,Ghost Zone: Supply zone retest 61765 rejection=0.58x strength=2,591.406047518897,181.971091544276
2026-02-23T13:35:34.311398,Survivor,BANKNIFTY,SELL_PE,60553.53857142857,238.00666399645704,-0.3050682517880703,0.0002896927686486,-56.31490718064586,61112.05,4,Survivor: PE sell at 60554 dist=559 gap=279 res=60622,47.60133279929141,357.0099959946856
2026-02-23T13:35:34.311398,CPR,SENSEX,BUY_CE_CPR,83100.0,654.1219834227231,0.5220995400379577,0.0002571190420023,-84.74784672229006,83112.22,4,Narrow CPR (0.146%) bullish breakout above TC=82687,1177.4195701609017,261.6487933690893
2026-02-23T13:35:34.311398,Ghost Zone,SENSEX,BUY_CE_GTZ,83100.0,654.1219834227231,0.5220995400379577,0.0002571190420023,-84.74784672229006,83112.22,4,Ghost Zone: Demand zone retest 82535 bounce=0.22x strength=3,850.3585784495401,261.6487933690893
2026-02-23T13:35:34.311398,Survivor,SENSEX,SELL_PE,82363.03714285715,293.6678181507159,-0.2969060845005224,0.0002233767979091,-71.46076530812866,83112.22,4,Survivor: PE sell at 82363 dist=749 gap=375 res=83080,58.73356363014318,440.50172722607385
2026-02-23T13:41:23.698241,CPR,NIFTY,BUY_CE_CPR,25650.0,199.9579898335578,0.5124328946653359,0.0008171529645353,-26.62669501631292,25642.3,4,Narrow CPR (0.173%) bullish breakout above TC=25493,359.92438170040407,79.98319593342313
2026-02-23T13:41:23.699240,Ghost Zone,NIFTY,BUY_CE_GTZ,25650.0,199.9579898335578,0.5124328946653359,0.0008171529645353,-26.62669501631292,25642.3,4,Ghost Zone: Demand zone retest 25444 bounce=0.00x strength=4,259.9453867836252,79.98319593342313
2026-02-23T13:41:23.699240,CPR,BANKNIFTY,BUY_CE_CPR,61100.0,499.0752647879453,0.5158502696957281,0.0003306178784574,-65.60164637101136,61092.5,4,Narrow CPR (0.178%) bullish breakout above TC=60240,898.3354766183016,199.6301059151781
2026-02-23T13:41:23.699240,Survivor,BANKNIFTY,SELL_PE,60561.91142857143,245.5732284548721,-0.3127931058313347,0.0002937432246229,-56.82440748870691,61092.5,4,Survivor: PE sell at 60562 dist=531 gap=265 res=60622,49.114645690974434,368.3598426823082
2026-02-23T13:41:23.699240,CPR,SENSEX,BUY_CE_CPR,83100.0,635.4641781407845,0.5132219652167879,0.0002578067428332,-84.5627866225506,83077.69,4,Narrow CPR (0.146%) bullish breakout above TC=82687,1143.8355206534122,254.1856712563138
2026-02-23T13:41:23.699240,Ghost Zone,SENSEX,BUY_CE_GTZ,83100.0,635.4641781407845,0.5132219652167879,0.0002578067428332,-84.5627866225506,83077.69,4,Ghost Zone: Demand zone retest 82535 bounce=-0.00x strength=2,826.1034315830199,254.1856712563138
2026-02-23T13:47:03.347971,CPR,NIFTY,BUY_CE_CPR,25650.0,212.9213220707661,0.531519893759034,0.0008113446015823,-26.75879832959628,25665.8,4,Narrow CPR (0.173%) bullish breakout above TC=25493,383.258379727379,85.16852882830645
2026-02-23T13:47:03.347971,Ghost Zone,NIFTY,BUY_CE_GTZ,25650.0,212.9213220707661,0.531519893759034,0.0008113446015823,-26.75879832959628,25665.8,4,Ghost Zone: Demand zone retest 25444 bounce=0.14x strength=4,276.79771869199595,85.16852882830645
2026-02-23T13:47:03.347971,CPR,BANKNIFTY,BUY_CE_CPR,61150.0,499.6071118316868,0.5139809699666197,0.0003284023515937,-66.01180981543736,61136.95,4,Narrow CPR (0.178%) bullish breakout above TC=60240,899.2928012970362,199.8428447326748
2026-02-23T13:47:03.347971,Ghost Zone,BANKNIFTY,BUY_PE_GTZ,61150.0,469.1137181692611,-0.4860190300333803,0.0003284023515937,-65.87988886178248,61136.95,4,Ghost Zone: Supply zone retest 61765 rejection=0.55x strength=2,609.8478336200395,187.64548726770445
2026-02-23T13:47:03.347971,Survivor,BANKNIFTY,SELL_PE,60578.43857142857,239.68162187876808,-0.3057428363102584,0.000288832023725,-56.58585276943109,61136.95,4,Survivor: PE sell at 60578 dist=559 gap=279 res=60622,47.936324375753614,359.5224328181521
2026-02-23T13:47:03.347971,CPR,SENSEX,BUY_CE_CPR,83200.0,626.8288830511374,0.5075257169648877,0.0002568764504656,-84.82374404028698,83155.55,4,Narrow CPR (0.146%) bullish breakout above TC=82687,1128.2919894920474,250.73155322045497
2026-02-23T13:47:03.347971,Ghost Zone,SENSEX,BUY_CE_GTZ,83200.0,626.8288830511374,0.5075257169648877,0.0002568764504656,-84.82374404028698,83155.55,4,Ghost Zone: Demand zone retest 82535 bounce=0.27x strength=3,814.8775479664786,250.73155322045497
2026-02-23T13:47:03.347971,Survivor,SENSEX,SELL_PE,82406.36714285715,294.89570645546337,-0.2973109098902806,0.0002230020908514,-71.66556610958595,83155.55,4,Survivor: PE sell at 82406 dist=749 gap=375 res=83080,58.979141291092674,442.3435596831951
2026-02-23T13:52:52.782774,CPR,NIFTY,BUY_CE_CPR,25650.0,207.7541368510701,0.5240324335024514,0.0008138921735829,-26.71213749721188,25656.55,4,Narrow CPR (0.173%) bullish breakout above TC=25493,373.9574463319263,83.10165474042806
2026-02-23T13:52:52.782774,Ghost Zone,NIFTY,BUY_CE_GTZ,25650.0,207.7541368510701,0.5240324335024514,0.0008138921735829,-26.71213749721188,25656.55,4,Ghost Zone: Demand zone retest 25444 bounce=0.11x strength=4,270.0803779063912,83.10165474042806
2026-02-23T13:52:52.782774,CPR,BANKNIFTY,BUY_CE_CPR,61100.0,508.8290233299013,0.52135575444885,0.0003295824269111,-65.7724793571162,61109.25,4,Narrow CPR (0.178%) bullish breakout above TC=60240,915.8922419938224,203.5316093319605
2026-02-23T13:52:52.782774,Ghost Zone,BANKNIFTY,BUY_PE_GTZ,61100.0,456.0712334235395,-0.47864424555115,0.0003295824269111,-65.47950423056012,61109.25,4,Ghost Zone: Supply zone retest 61765 rejection=0.59x strength=2,592.8926034506014,182.42849336941583
2026-02-23T13:52:52.782774,Survivor,BANKNIFTY,SELL_PE,60550.73857142857,237.8159421462224,-0.304991092084492,0.0002897910637047,-56.284028754502,61109.25,4,Survivor: PE sell at 60551 dist=559 gap=279 res=60622,47.56318842924448,356.72391321933355
2026-02-23T13:52:52.782774,CPR,SENSEX,BUY_CE_CPR,83100.0,658.2072216876768,0.5240123810788606,0.0002569482689604,-84.78453175709586,83119.68,4,Narrow CPR (0.146%) bullish breakout above TC=82687,1184.7729990378182,263.28288867507075
2026-02-23T13:52:52.782774,Ghost Zone,SENSEX,BUY_CE_GTZ,83100.0,658.2072216876768,0.5240123810788606,0.0002569482689604,-84.78453175709586,83119.68,4,Ghost Zone: Demand zone retest 82535 bounce=0.23x strength=3,855.6693881939799,263.28288867507075
2026-02-23T13:52:52.782774,Survivor,SENSEX,SELL_PE,82370.49714285714,293.87379655854966,-0.296974116094055,0.0002233138467907,-71.49514877607182,83119.68,4,Survivor: PE sell at 82370 dist=749 gap=375 res=83080,58.774759311709936,440.8106948378245
2026-02-23T13:58:38.814543,CPR,NIFTY,BUY_CE_CPR,25650.0,200.3380900275388,0.5130042914283885,0.0008170043171799,-26.631502743511184,25643.0,4,Narrow CPR (0.173%) bullish breakout above TC=25493,360.6085620495698,80.13523601101552
2026-02-23T13:58:38.814543,Ghost Zone,NIFTY,BUY_CE_GTZ,25650.0,200.3380900275388,0.5130042914283885,0.0008170043171799,-26.631502743511184,25643.0,4,Ghost Zone: Demand zone retest 25444 bounce=0.06x strength=4,260.4395170358004,80.13523601101552
2026-02-23T13:58:38.814543,CPR,BANKNIFTY,BUY_CE_CPR,61100.0,511.1723633693,0.5225797831802961,0.0003292424962999,-65.82747806394637,61113.0,4,Narrow CPR (0.178%) bullish breakout above TC=60240,920.11025406474,204.46894534772
2026-02-23T13:58:38.814543,Ghost Zone,BANKNIFTY,BUY_PE_GTZ,61100.0,454.6645734629419,-0.4774202168197039,0.0003292424962999,-65.50799867561604,61113.0,4,Ghost Zone: Supply zone retest 61765 rejection=0.58x strength=2,591.0639455018245,181.8658293851768
2026-02-23T13:58:38.814543,Survivor,BANKNIFTY,SELL_PE,60554.48857142857,238.18066013821223,-0.3051386815080633,0.0002896033927446,-56.34295626432432,61113.0,4,Survivor: PE sell at 60554 dist=559 gap=279 res=60622,47.63613202764245,357.2709902073184
2026-02-23T13:58:38.814543,CPR,SENSEX,BUY_CE_CPR,83100.0,632.0735443684171,0.5116143993655337,0.0002579392570881,-84.51878005468683,83071.45,4,Narrow CPR (0.146%) bullish breakout above TC=82687,1137.7323798631508,252.82941774736685
2026-02-23T13:58:38.814543,Ghost Zone,SENSEX,BUY_CE_GTZ,83100.0,632.0735443684171,0.5116143993655337,0.0002579392570881,-84.51878005468683,83071.45,4,Ghost Zone: Demand zone retest 82535 bounce=0.18x strength=3,821.6956076789422,252.82941774736685
2026-02-23T13:58:38.814543,Survivor,SENSEX,SELL_PE,82322.26714285715,292.56545327236745,-0.2965411259446657,0.000223714304167,-71.27659004108902,83071.45,4,Survivor: PE sell at 82322 dist=749 gap=375 res=83080,58.51309065447349,438.8481799085512
2026-02-23T14:04:33.310027,CPR,NIFTY,BUY_CE_CPR,25600.0,210.9564993925524,0.5313407916973697,0.0008185543646061,-26.54064600076042,25615.35,4,Narrow CPR (0.173%) bullish breakout above TC=25493,379.7216989065943,84.38259975702096
2026-02-23T14:04:33.310027,Ghost Zone,NIFTY,BUY_CE_GTZ,25600.0,210.9564993925524,0.5313407916973697,0.0008185543646061,-26.54064600076042,25615.35,4,Ghost Zone: Demand zone retest 25444 bounce=-0.00x strength=4,274.2434492103181,84.38259975702096
2026-02-23T14:04:33.310027,CPR,BANKNIFTY,BUY_CE_CPR,61050.0,503.282343298717,0.5199954922788929,0.0003319135587172,-65.35206642926639,61054.9,4,Narrow CPR (0.178%) bullish breakout above TC=60240,905.9082179376908,201.3129373194868
2026-02-23T14:04:33.310027,Survivor,BANKNIFTY,SELL_PE,60524.31142857143,243.7157285873473,-0.3120710327627646,0.0002947381539158,-56.52793506524266,61054.9,4,Survivor: PE sell at 60524 dist=531 gap=265 res=60622,48.74314571746945,365.5735928810209
2026-02-23T14:04:33.310027,CPR,SENSEX,BUY_CE_CPR,83000.0,641.3763008678288,0.517483690694712,0.0002587064440076,-84.2858165045721,82994.12,4,Narrow CPR (0.146%) bullish breakout above TC=82687,1154.477341562092,256.5505203471316
2026-02-23T14:04:33.310027,Ghost Zone,SENSEX,BUY_CE_GTZ,83000.0,641.3763008678288,0.517483690694712,0.0002587064440076,-84.2858165045721,82994.12,4,Ghost Zone: Demand zone retest 82535 bounce=0.09x strength=3,833.7891911281775,256.5505203471316
2026-02-23T14:04:33.310027,Survivor,SENSEX,SELL_PE,82244.93714285715,290.70869911423506,-0.2959233729318818,0.0002242855925901,-70.96538554982129,82994.12,4,Survivor: PE sell at 82245 dist=749 gap=375 res=83080,58.141739822847015,436.0630486713526
2026-02-23T14:10:14.558675,CPR,NIFTY,BUY_CE_CPR,25650.0,192.3554325607256,0.50072805219738,0.0008195142263659,-26.5267374349405,25628.0,4,Narrow CPR (0.173%) bullish breakout above TC=25493,346.2397786093061,76.94217302429024
2026-02-23T14:10:14.558675,Ghost Zone,NIFTY,BUY_CE_GTZ,25650.0,192.3554325607256,0.50072805219738,0.0008195142263659,-26.5267374349405,25628.0,4,Ghost Zone: Demand zone retest 25444 bounce=0.00x strength=4,250.06206232894328,76.94217302429024
2026-02-23T14:10:14.558675,CPR,BANKNIFTY,BUY_CE_CPR,61100.0,490.3340953865009,0.5105781238369415,0.0003312318313998,-65.48559853830538,61076.55,4,Narrow CPR (0.178%) bullish breakout above TC=60240,882.6013716957016,196.1336381546004
2026-02-23T14:10:14.558675,Survivor,BANKNIFTY,SELL_PE,60545.96142857144,244.9716799432499,-0.3125602130662913,0.0002940653634988,-56.72817135771127,61076.55,4,Survivor: PE sell at 60546 dist=531 gap=265 res=60622,48.99433598864999,367.45751991487487
2026-02-23T14:10:14.558675,CPR,SENSEX,BUY_CE_CPR,83000.0,661.6581862276507,0.5271325509936339,0.0002579298836445,-84.45100256333772,83031.54,4,Narrow CPR (0.146%) bullish breakout above TC=82687,1190.984735209771,264.6632744910603
2026-02-23T14:10:14.558675,Ghost Zone,SENSEX,BUY_CE_GTZ,83000.0,661.6581862276507,0.5271325509936339,0.0002579298836445,-84.45100256333772,83031.54,4,Ghost Zone: Demand zone retest 82535 bounce=0.00x strength=2,860.155642095946,264.6632744910603
2026-02-23T14:21:37.152683,CPR,NIFTY,BUY_CE_CPR,25650.0,198.91628592325287,0.5107987296516072,0.000817391830442,-26.61793265056053,25640.3,4,Narrow CPR (0.173%) bullish breakout above TC=25493,358.0493146618552,79.56651436930116
2026-02-23T14:21:37.152683,Ghost Zone,NIFTY,BUY_CE_GTZ,25650.0,198.91628592325287,0.5107987296516072,0.000817391830442,-26.61793265056053,25640.3,4,Ghost Zone: Demand zone retest 25444 bounce=-0.00x strength=4,258.5911717002288,79.56651436930116
2026-02-23T14:21:37.152683,CPR,BANKNIFTY,BUY_CE_CPR,61100.0,493.548651438341,0.5125134560783928,0.000331000536689,-65.5316779842387,61082.4,4,Narrow CPR (0.178%) bullish breakout above TC=60240,888.3875725890139,197.4194605753364
2026-02-23T14:21:37.152683,Survivor,BANKNIFTY,SELL_PE,60551.81142857143,245.2085116254966,-0.3126520117384679,0.000293938528029,-56.766034278986375,61082.4,4,Survivor: PE sell at 60552 dist=531 gap=265 res=60622,49.04170232509932,367.8127674382449
2026-02-23T14:21:37.152683,CPR,SENSEX,BUY_CE_CPR,83100.0,632.1721369450097,0.5116529403270269,0.000257928923796,-84.52199918649896,83071.6,4,Narrow CPR (0.146%) bullish breakout above TC=82687,1137.9098465010177,252.86885477800388
2026-02-23T14:21:37.152683,Ghost Zone,SENSEX,BUY_CE_GTZ,83100.0,632.1721369450097,0.5116529403270269,0.000257928923796,-84.52199918649896,83071.6,4,Ghost Zone: Demand zone retest 82535 bounce=0.00x strength=2,821.8237780285126,252.86885477800388
2026-02-23T14:27:38.955014,CPR,NIFTY,BUY_CE_CPR,25650.0,202.3410232012011,0.5160222902811614,0.0008162452014691,-26.654480532105104,25646.7,4,Narrow CPR (0.173%) bullish breakout above TC=25493,364.213841762162,80.93640928048045
2026-02-23T14:27:38.955014,Ghost Zone,NIFTY,BUY_CE_GTZ,25650.0,202.3410232012011,0.5160222902811614,0.0008162452014691,-26.654480532105104,25646.7,4,Ghost Zone: Demand zone retest 25444 bounce=0.00x strength=4,263.0433301615614,80.93640928048045
2026-02-23T14:27:38.956017,CPR,BANKNIFTY,BUY_CE_CPR,61100.0,504.0232331650732,0.5185963141302949,0.0003300422883763,-65.70038462848217,61100.85,4,Narrow CPR (0.178%) bullish breakout above TC=60240,907.2418196971316,201.60929326602928
2026-02-23T14:27:38.956017,Survivor,BANKNIFTY,SELL_PE,60570.26142857143,246.18916699369947,-0.3130313981304375,0.0002934153243742,-56.922295103182805,61100.85,4,Survivor: PE sell at 60570 dist=531 gap=265 res=60622,49.237833398739895,369.2837504905492
2026-02-23T14:27:38.956017,CPR,SENSEX,BUY_CE_CPR,83100.0,645.9308215762576,0.5182029315889448,0.0002574184222008,-84.67671473577452,83097.05,4,Narrow CPR (0.146%) bullish breakout above TC=82687,1162.6754788372637,258.37232863050303
2026-02-23T14:27:38.956017,Ghost Zone,SENSEX,BUY_CE_GTZ,83100.0,645.9308215762576,0.5182029315889448,0.0002574184222008,-84.67671473577452,83097.05,4,Ghost Zone: Demand zone retest 82535 bounce=-0.00x strength=2,839.7100680491349,258.37232863050303
2026-02-23T14:33:43.853728,CPR,NIFTY,BUY_CE_CPR,25700.0,199.15592372641368,0.5083611928690783,0.0008103174987382,-26.83054812324528,25687.3,4,Narrow CPR (0.173%) bullish breakout above TC=25493,358.48066270754464,79.66236949056548
2026-02-23T14:33:43.853728,Ghost Zone,NIFTY,BUY_CE_GTZ,25700.0,199.15592372641368,0.5083611928690783,0.0008103174987382,-26.83054812324528,25687.3,4,Ghost Zone: Demand zone retest 25444 bounce=0.00x strength=4,258.9027008443378,79.66236949056548
2026-02-23T14:33:43.853728,CPR,BANKNIFTY,BUY_CE_CPR,61200.0,505.3053856711231,0.5155153824160602,0.0003261672058761,-66.42981971007829,61191.75,4,Narrow CPR (0.178%) bullish breakout above TC=60240,909.5496942080216,202.12215426844924
2026-02-23T14:33:43.853728,Survivor,BANKNIFTY,SELL_PE,60661.16142857143,251.40399088436607,-0.3150199073875038,0.0002906626785076,-57.75031641263153,61191.75,4,Survivor: PE sell at 60661 dist=531 gap=265 res=60622,50.28079817687322,377.1059863265491
2026-02-23T14:33:43.853728,CPR,SENSEX,BUY_CE_CPR,83200.0,666.2366718348203,0.5260219163664875,0.0002553161108948,-85.26698755240741,83227.88,4,Narrow CPR (0.146%) bullish breakout above TC=82687,1199.2260093026766,266.4946687339281
2026-02-23T14:33:43.853728,Ghost Zone,SENSEX,BUY_CE_GTZ,83200.0,666.2366718348203,0.5260219163664875,0.0002553161108948,-85.26698755240741,83227.88,4,Ghost Zone: Demand zone retest 82535 bounce=0.34x strength=3,866.1076733852664,266.4946687339281
2026-02-23T14:33:43.853728,Survivor,SENSEX,SELL_PE,82478.69714285716,297.11444718589337,-0.2980379568251712,0.0002223283214935,-72.0346819370979,83227.88,4,Survivor: PE sell at 82479 dist=749 gap=375 res=83080,59.42288943717868,445.67167077884005
2026-02-23T14:39:52.954864,CPR,NIFTY,BUY_CE_CPR,25700.0,197.557479417852,0.5060099473920836,0.0008110221851145,-26.80370021677202,25684.4,4,Narrow CPR (0.173%) bullish breakout above TC=25493,355.6034629521335,79.02299176714078
2026-02-23T14:39:52.954864,Ghost Zone,NIFTY,BUY_CE_GTZ,25700.0,197.557479417852,0.5060099473920836,0.0008110221851145,-26.80370021677202,25684.4,4,Ghost Zone: Demand zone retest 25444 bounce=0.26x strength=4,256.8247232432076,79.02299176714078
2026-02-23T14:39:52.954864,CPR,BANKNIFTY,BUY_CE_CPR,61200.0,505.3586341184564,0.5156817023710566,0.0003262962097699,-66.40560368051656,61192.25,4,Narrow CPR (0.178%) bullish breakout above TC=60240,909.6455414132216,202.14345364738256
2026-02-23T14:39:52.954864,Ghost Zone,BANKNIFTY,BUY_PE_GTZ,61200.0,469.52963669996825,-0.4843182976289434,0.0003262962097699,-66.23743905819933,61192.25,4,Ghost Zone: Supply zone retest 61765 rejection=0.47x strength=2,610.3885277099588,187.8118546799873
2026-02-23T14:39:52.954864,Survivor,BANKNIFTY,SELL_PE,60633.73857142857,242.3531771907437,-0.3068067300220675,0.0002874662103473,-57.01820072715685,61192.25,4,Survivor: PE sell at 60634 dist=559 gap=279 res=60622,48.47063543814875,363.5297657861156
2026-02-23T14:39:52.954864,CPR,SENSEX,BUY_CE_CPR,83200.0,652.4525776779701,0.5196542896640842,0.0002559249797468,-85.13006096623226,83202.9,4,Narrow CPR (0.146%) bullish breakout above TC=82687,1174.4146398203463,260.98103107118806
2026-02-23T14:39:52.954864,Ghost Zone,SENSEX,BUY_CE_GTZ,83200.0,652.4525776779701,0.5196542896640842,0.0002559249797468,-85.13006096623226,83202.9,4,Ghost Zone: Demand zone retest 82535 bounce=0.32x strength=3,848.1883509813612,260.98103107118806
2026-02-23T14:39:52.954864,Survivor,SENSEX,SELL_PE,82453.71714285715,296.3273202064811,-0.2977806902900484,0.0002225668820219,-71.90385916309877,83202.9,4,Survivor: PE sell at 82454 dist=749 gap=375 res=83080,59.26546404129622,444.4909803097216
2026-02-23T14:45:49.824464,CPR,NIFTY,BUY_CE_CPR,25650.0,214.7756623490095,0.534227536448521,0.000810495252926,-26.769304692497773,25669.15,4,Narrow CPR (0.173%) bullish breakout above TC=25493,386.5961922282172,85.9102649396038
2026-02-23T14:45:49.824464,Ghost Zone,NIFTY,BUY_CE_GTZ,25650.0,214.7756623490095,0.534227536448521,0.000810495252926,-26.769304692497773,25669.15,4,Ghost Zone: Demand zone retest 25444 bounce=0.21x strength=4,279.2083610537124,85.9102649396038
2026-02-23T14:45:49.824464,CPR,BANKNIFTY,BUY_CE_CPR,61150.0,514.2161352333351,0.52244538946091,0.0003271424436943,-66.21906814483842,61162.85,4,Narrow CPR (0.178%) bullish breakout above TC=60240,925.5890434200032,205.68645409333405
2026-02-23T14:45:49.824464,Ghost Zone,BANKNIFTY,BUY_PE_GTZ,61150.0,457.8227415709116,-0.4775546105390899,0.0003271424436943,-65.90321994881015,61162.85,4,Ghost Zone: Supply zone retest 61765 rejection=0.51x strength=2,595.1695640421851,183.12909662836464
2026-02-23T14:45:49.824464,Survivor,BANKNIFTY,SELL_PE,60604.33857142857,240.9023616689992,-0.3062306154256268,0.0002882063923304,-56.783597602196046,61162.85,4,Survivor: PE sell at 60604 dist=559 gap=279 res=60622,48.18047233379985,361.3535425034988
2026-02-23T14:45:49.824464,CPR,SENSEX,BUY_CE_CPR,83200.0,635.7393517012315,0.5117883811867412,0.000256574333996,-84.93785480408322,83172.16,4,Narrow CPR (0.146%) bullish breakout above TC=82687,1144.3308330622167,254.2957406804926
2026-02-23T14:45:49.824464,Ghost Zone,SENSEX,BUY_CE_GTZ,83200.0,635.7393517012315,0.5117883811867412,0.000256574333996,-84.93785480408322,83172.16,4,Ghost Zone: Demand zone retest 82535 bounce=0.28x strength=3,826.461157211601,254.2957406804926
2026-02-23T14:45:49.824464,Survivor,SENSEX,SELL_PE,82422.97714285715,295.38655211754667,-0.2974722473789629,0.0002228526732818,-71.74732612534179,83172.16,4,Survivor: PE sell at 82423 dist=749 gap=375 res=83080,59.07731042350934,443.07982817632
2026-02-23T14:51:50.698362,CPR,NIFTY,BUY_CE_CPR,25700.0,198.64796770316389,0.5075508429011134,0.0008103818809936,-26.82688028349369,25686.3,4,Narrow CPR (0.173%) bullish breakout above TC=25493,357.566341865695,79.45918708126555
2026-02-23T14:51:50.698362,Ghost Zone,NIFTY,BUY_CE_GTZ,25700.0,198.64796770316389,0.5075508429011134,0.0008103818809936,-26.82688028349369,25686.3,4,Ghost Zone: Demand zone retest 25444 bounce=0.27x strength=4,258.24235801411305,79.45918708126555
2026-02-23T14:51:50.698362,CPR,BANKNIFTY,BUY_CE_CPR,61200.0,514.2214408381697,0.5204614358578115,0.0003252246890038,-66.59169549618707,61207.0,4,Narrow CPR (0.178%) bullish breakout above TC=60240,925.5985935087054,205.68857633526787
2026-02-23T14:51:50.698362,Ghost Zone,BANKNIFTY,BUY_PE_GTZ,61200.0,463.6424434196815,-0.4795385641421885,0.0003252246890038,-66.31978138354428,61207.0,4,Ghost Zone: Supply zone retest 61765 rejection=0.45x strength=2,602.735176445586,185.4569773678726
2026-02-23T14:51:50.698362,Survivor,BANKNIFTY,SELL_PE,60648.48857142857,243.5305090246111,-0.307271883678415,0.0002868694327174,-57.2076696487803,61207.0,4,Survivor: PE sell at 60648 dist=559 gap=279 res=60622,48.70610180492222,365.29576353691664
2026-02-23T14:51:50.698362,CPR,SENSEX,BUY_CE_CPR,83200.0,673.7686770625878,0.529496769650318,0.0002549864069821,-85.32434142743608,83241.54,4,Narrow CPR (0.146%) bullish breakout above TC=82687,1212.7836187126582,269.5074708250351
2026-02-23T14:51:50.698362,Ghost Zone,SENSEX,BUY_CE_GTZ,83200.0,673.7686770625878,0.529496769650318,0.0002549864069821,-85.32434142743608,83241.54,4,Ghost Zone: Demand zone retest 82535 bounce=0.36x strength=3,875.8992801813641,269.5074708250351
2026-02-23T14:51:50.698362,Survivor,SENSEX,SELL_PE,82492.35714285714,297.4818728872742,-0.2981576871622617,0.0002222169293744,-72.09586056987048,83241.54,4,Survivor: PE sell at 82492 dist=749 gap=375 res=83080,59.49637457745485,446.2228093309113
2026-02-23T14:57:48.775729,CPR,NIFTY,BUY_CE_CPR,25700.0,193.3584617762372,0.499631680457054,0.0008124048455842,-26.738373179524626,25676.55,4,Narrow CPR (0.173%) bullish breakout above TC=25493,348.0452311972269,77.34338471049487
2026-02-23T14:57:48.775729,Ghost Zone,NIFTY,BUY_CE_GTZ,25700.0,193.3584617762372,0.499631680457054,0.0008124048455842,-26.738373179524626,25676.55,4,Ghost Zone: Demand zone retest 25444 bounce=0.24x strength=4,251.3660003091084,77.34338471049487
2026-02-23T14:57:48.775729,CPR,BANKNIFTY,BUY_CE_CPR,61200.0,505.72172080436576,0.5156592477058863,0.0003260368624566,-66.45398353349174,61192.2,4,Narrow CPR (0.178%) bullish breakout above TC=60240,910.2990974478583,202.28868832174632
2026-02-23T14:57:48.775729,Ghost Zone,BANKNIFTY,BUY_PE_GTZ,61200.0,469.9427233858878,-0.4843407522941136,0.0003260368624566,-66.28644680089313,61192.2,4,Ghost Zone: Supply zone retest 61765 rejection=0.47x strength=2,610.9255404016542,187.9770893543552
2026-02-23T14:57:48.775729,Survivor,BANKNIFTY,SELL_PE,60633.68857142857,242.6954626807237,-0.3069424944385676,0.0002872931350835,-57.07299154081913,61192.2,4,Survivor: PE sell at 60634 dist=559 gap=279 res=60622,48.53909253614475,364.0431940210856
2026-02-23T14:57:48.775729,CPR,SENSEX,BUY_CE_CPR,83200.0,642.223124014934,0.5148601751724496,0.0002563352520972,-85.01565081747208,83184.15,4,Narrow CPR (0.146%) bullish breakout above TC=82687,1156.0016232268813,256.8892496059736
2026-02-23T14:57:48.775729,Ghost Zone,SENSEX,BUY_CE_GTZ,83200.0,642.223124014934,0.5148601751724496,0.0002563352520972,-85.01565081747208,83184.15,4,Ghost Zone: Demand zone retest 82535 bounce=0.30x strength=3,834.8900612194142,256.8892496059736
2026-02-23T14:57:48.775729,Survivor,SENSEX,SELL_PE,82434.96714285715,295.74779764390405,-0.2975908067466272,0.0002227428397299,-71.80746084034014,83184.15,4,Survivor: PE sell at 82435 dist=749 gap=375 res=83080,59.14955952878081,443.6216964658561
2026-02-23T15:03:47.692798,CPR,NIFTY,BUY_CE_CPR,25700.0,217.16631792157025,0.5343226995850198,0.0008016990184188,-27.040437682081222,25719.6,4,Narrow CPR (0.173%) bullish breakout above TC=25493,390.8993722588264,86.8665271686281
2026-02-23T15:03:47.692798,Ghost Zone,NIFTY,BUY_CE_GTZ,25700.0,217.16631792157025,0.5343226995850198,0.0008016990184188,-27.040437682081222,25719.6,4,Ghost Zone: Demand zone retest 25444 bounce=0.39x strength=4,282.3162132980413,86.8665271686281
2026-02-23T15:03:47.692798,CPR,BANKNIFTY,BUY_CE_CPR,61250.0,520.0403672079192,0.5216328753855559,0.0003226621855544,-67.07387811866863,61260.9,4,Narrow CPR (0.178%) bullish breakout above TC=60240,936.0726609742544,208.0161468831677
2026-02-23T15:03:47.692798,Ghost Zone,BANKNIFTY,BUY_PE_GTZ,61250.0,465.5257660333773,-0.4783671246144441,0.0003226621855544,-66.77738325461048,61260.9,4,Ghost Zone: Supply zone retest 61765 rejection=0.37x strength=2,605.1834958433905,186.2103064133509
2026-02-23T15:03:47.692798,Survivor,BANKNIFTY,SELL_PE,60702.38857142857,246.8751997110776,-0.3085785892143937,0.0002851843608348,-57.74561704461261,61260.9,4,Survivor: PE sell at 60702 dist=559 gap=279 res=60622,49.37503994221552,370.3127995666164
2026-02-23T15:03:47.692798,CPR,SENSEX,BUY_CE_CPR,83300.0,656.6236672565574,0.5197354755348026,0.0002543449816875,-85.61997949386966,83303.46,4,Narrow CPR (0.146%) bullish breakout above TC=82687,1181.922601061803,262.649466902623
2026-02-23T15:03:47.692798,Ghost Zone,SENSEX,BUY_CE_GTZ,83300.0,656.6236672565574,0.5197354755348026,0.0002543449816875,-85.61997949386966,83303.46,4,Ghost Zone: Demand zone retest 82535 bounce=0.42x strength=3,853.6107674335246,262.649466902623
2026-02-23T15:03:47.692798,Survivor,SENSEX,SELL_PE,82554.27714285716,299.6574811792998,-0.2988641962510773,0.0002215610864687,-72.45639818256478,83303.46,4,Survivor: PE sell at 82554 dist=749 gap=375 res=83080,59.93149623585996,449.4862217689497
2026-02-23T15:09:54.860503,CPR,NIFTY,BUY_CE_CPR,25700.0,213.1641560260705,0.5287368261918874,0.000803956649385,-27.000389003290632,25712.6,4,Narrow CPR (0.173%) bullish breakout above TC=25493,383.6954808469269,85.2656624104282
2026-02-23T15:09:54.861794,Ghost Zone,NIFTY,BUY_CE_GTZ,25700.0,213.1641560260705,0.5287368261918874,0.000803956649385,-27.000389003290632,25712.6,4,Ghost Zone: Demand zone retest 25444 bounce=0.36x strength=4,277.11340283389166,85.2656624104282
2026-02-23T15:09:54.861794,CPR,BANKNIFTY,BUY_CE_CPR,61250.0,509.4887658789157,0.5156587955336206,0.0003235984670223,-66.91700195447312,61242.35,4,Narrow CPR (0.178%) bullish breakout above TC=60240,917.0797785820484,203.7955063515663
2026-02-23T15:09:54.861794,Ghost Zone,BANKNIFTY,BUY_PE_GTZ,61250.0,473.5241647043731,-0.4843412044663794,0.0003235984670223,-66.75050401946933,61242.35,4,Ghost Zone: Supply zone retest 61765 rejection=0.39x strength=2,615.5814141156851,189.40966588174925
2026-02-23T15:09:54.861794,Survivor,BANKNIFTY,SELL_PE,60683.83857142857,245.92518949861915,-0.3082097234821661,0.0002856616456233,-57.59276101156673,61242.35,4,Survivor: PE sell at 60684 dist=559 gap=279 res=60622,49.18503789972383,368.8877842479287
2026-02-23T15:09:54.861794,CPR,SENSEX,BUY_CE_CPR,83300.0,647.1347007965378,0.5153718109669393,0.0002547638493838,-85.50218789571795,83286.28,4,Narrow CPR (0.146%) bullish breakout above TC=82687,1164.842461433768,258.85388031861515
2026-02-23T15:09:54.861794,Ghost Zone,SENSEX,BUY_CE_GTZ,83300.0,647.1347007965378,0.5153718109669393,0.0002547638493838,-85.50218789571795,83286.28,4,Ghost Zone: Demand zone retest 82535 bounce=0.41x strength=3,841.2751110354992,258.85388031861515
2026-02-23T15:09:54.861794,Survivor,SENSEX,SELL_PE,82537.09714285715,299.02842700259134,-0.2986604731053422,0.0002217503033191,-72.35227025086296,83286.28,4,Survivor: PE sell at 82537 dist=749 gap=375 res=83080,59.80568540051827,448.542640503887
2026-02-23T15:16:04.485650,CPR,NIFTY,BUY_CE_CPR,25700.0,212.654166485474,0.5281026505379903,0.0008044294114349,-26.98862490110833,25711.8,4,Narrow CPR (0.173%) bullish breakout above TC=25493,382.7774996738532,85.0616665941896
2026-02-23T15:16:04.485650,Ghost Zone,NIFTY,BUY_CE_GTZ,25700.0,212.654166485474,0.5281026505379903,0.0008044294114349,-26.98862490110833,25711.8,4,Ghost Zone: Demand zone retest 25444 bounce=0.36x strength=4,276.4504164311162,85.0616665941896
2026-02-23T15:16:04.485650,CPR,BANKNIFTY,BUY_CE_CPR,61250.0,525.0439088875719,0.5245091239381438,0.0003222692070012,-67.1287461647832,61269.85,4,Narrow CPR (0.178%) bullish breakout above TC=60240,945.0790359976294,210.0175635550288
2026-02-23T15:16:04.485650,Ghost Zone,BANKNIFTY,BUY_PE_GTZ,61250.0,461.57930771302927,-0.4754908760618562,0.0003222692070012,-66.76960469609072,61269.85,4,Ghost Zone: Supply zone retest 61765 rejection=0.36x strength=2,600.0531000269381,184.6317230852117
2026-02-23T15:16:04.485650,Survivor,BANKNIFTY,SELL_PE,60711.33857142857,247.2217668529447,-0.3087126138462595,0.000285010280718,-57.801505183399854,61269.85,4,Survivor: PE sell at 60711 dist=559 gap=279 res=60622,49.44435337058894,370.83265027941707
2026-02-23T15:16:04.485650,CPR,SENSEX,BUY_CE_CPR,83300.0,645.4355303959019,0.5145649192612305,0.0002548201545751,-85.48484709370867,83283.11,4,Narrow CPR (0.146%) bullish breakout above TC=82687,1161.7839547126234,258.1742121583608
2026-02-23T15:16:04.485650,Ghost Zone,SENSEX,BUY_CE_GTZ,83300.0,645.4355303959019,0.5145649192612305,0.0002548201545751,-85.48484709370867,83283.11,4,Ghost Zone: Demand zone retest 82535 bounce=0.40x strength=3,839.0661895146725,258.1742121583608
2026-02-23T15:16:04.485650,Survivor,SENSEX,SELL_PE,82533.92714285715,298.9502788084246,-0.2986351819655363,0.000221773925278,-72.33925750833433,83283.11,4,Survivor: PE sell at 82534 dist=749 gap=375 res=83080,59.790055761684926,448.42541821263694
2026-02-23T15:22:02.694996,CPR,NIFTY,BUY_CE_CPR,25700.0,213.5034787431141,0.5292167778168756,0.0008037778597632,-27.00374054613223,25713.2,4,Narrow CPR (0.173%) bullish breakout above TC=25493,384.3062617376054,85.40139149724564
2026-02-23T15:22:02.694996,Ghost Zone,NIFTY,BUY_CE_GTZ,25700.0,213.5034787431141,0.5292167778168756,0.0008037778597632,-27.00374054613223,25713.2,4,Ghost Zone: Demand zone retest 25444 bounce=0.37x strength=4,277.55452236604833,85.40139149724564
2026-02-23T15:22:02.694996,CPR,BANKNIFTY,BUY_CE_CPR,61250.0,521.601950470973,0.5224488562801044,0.0003224611654901,-67.10713347602271,61263.45,4,Narrow CPR (0.178%) bullish breakout above TC=60240,938.8835108477514,208.6407801883892
2026-02-23T15:22:02.694996,Ghost Zone,BANKNIFTY,BUY_PE_GTZ,61250.0,464.53734929642815,-0.4775511437198956,0.0003224611654901,-66.79291644733598,61263.45,4,Ghost Zone: Supply zone retest 61765 rejection=0.36x strength=2,603.8985540853566,185.81493971857128
2026-02-23T15:22:02.694996,Survivor,BANKNIFTY,SELL_PE,60704.93857142857,247.0964594629586,-0.3086643685474844,0.0002850736693835,-57.7810677061809,61263.45,4,Survivor: PE sell at 60705 dist=559 gap=279 res=60622,49.41929189259172,370.6446891944379
2026-02-23T15:22:02.694996,CPR,SENSEX,BUY_CE_CPR,83300.0,648.7040472155786,0.5160781525548395,0.000254682172309,-85.52674914554125,83289.06,4,Narrow CPR (0.146%) bullish breakout above TC=82687,1167.6672849880415,259.48161888623144
2026-02-23T15:22:02.694996,Ghost Zone,SENSEX,BUY_CE_GTZ,83300.0,648.7040472155786,0.5160781525548395,0.000254682172309,-85.52674914554125,83289.06,4,Ghost Zone: Demand zone retest 82535 bounce=0.41x strength=3,843.3152613802522,259.48161888623144
2026-02-23T15:22:02.694996,Survivor,SENSEX,SELL_PE,82539.87714285715,299.1641009395498,-0.2987044983037008,0.0002217095548025,-72.37466781274829,83289.06,4,Survivor: PE sell at 82540 dist=749 gap=375 res=83080,59.83282018790997,448.7461514093248
2026-02-23T15:28:06.336728,CPR,NIFTY,BUY_CE_CPR,25700.0,215.58734947527228,0.5320879123048217,0.0008025121126614469,-27.028324682853643,25716.8,4,Narrow CPR (0.173%) bullish breakout above TC=25493,388.0572290554901,86.23493979010891
2026-02-23T15:28:06.336728,Ghost Zone,NIFTY,BUY_CE_GTZ,25700.0,215.58734947527228,0.5320879123048217,0.0008025121126614469,-27.028324682853643,25716.8,4,Ghost Zone: Demand zone retest 25444 bounce=0.38x strength=4,280.26355431785396,86.23493979010891
2026-02-23T15:28:06.336728,CPR,BANKNIFTY,BUY_CE_CPR,61300.0,505.0359594196452,0.5112320714245344,0.0003221273146569422,-67.1993395488086,61278.7,4,Narrow CPR (0.178%) bullish breakout above TC=60240,909.0647269553614,202.0143837678581
2026-02-23T15:28:06.336728,Ghost Zone,BANKNIFTY,BUY_PE_GTZ,61300.0,482.6857544890372,-0.48876792857546564,0.0003221273146569422,-67.13009197573386,61278.7,4,Ghost Zone: Supply zone retest 61765 rejection=0.34x strength=2,627.4914808357483,193.0743017956149
2026-02-23T15:28:06.336728,Survivor,BANKNIFTY,SELL_PE,60720.18857142857,248.0623725291589,-0.3090375550072998,0.00028459074330314325,-57.93604210190916,61278.7,4,Survivor: PE sell at 60720 dist=559 gap=279 res=60622,49.612474505831784,372.09355879373834
2026-02-23T15:28:06.336728,CPR,SENSEX,BUY_CE_CPR,83300.0,661.371190688209,0.5219934371306936,0.0002541947697528694,-85.65327418908663,83312.35,4,Narrow CPR (0.146%) bullish breakout above TC=82687,1190.4681432387763,264.54847627528363
2026-02-23T15:28:06.336728,Ghost Zone,SENSEX,BUY_CE_GTZ,83300.0,661.371190688209,0.5219934371306936,0.0002541947697528694,-85.65327418908663,83312.35,4,Ghost Zone: Demand zone retest 82535 bounce=0.43x strength=3,859.7825478946718,264.54847627528363
2026-02-23T15:28:06.336728,Survivor,SENSEX,SELL_PE,82563.16714285716,299.81583970831707,-0.29891518080646773,0.0002215130766628191,-72.4829250840316,83312.35,4,Survivor: PE sell at 82563 dist=749 gap=375 res=83080,59.963167941663414,449.7237595624756
