date,symbol,type,strike,entry,exit,spot_entry,pcr,vwap,gross_pnl,costs,net_pnl,version,tolerance,has_oi,position_scale
2020-11-13,NIFTY50,BUY_CE,12700,46.91101112405704,74.63876804744582,12627.052534536444,5.413418292979176,12627.052534536444,1778.6,57.87,1720.73,V1,,,
2020-11-19,NIFTY50,BUY_PE,12750,48.98424160599734,65.44461200275776,12818.356275305478,0.7726778057078004,12818.356275305478,1047.61,58.34,989.27,V1,,,
2020-11-27,NIFTY50,BUY_CE,12950,77.1546456339729,117.37918709806794,12949.958155079494,1.0715316070007346,12949.958155079494,2576.66,64.75,2511.91,V1,,,
2020-12-02,NIFTY50,BUY_CE,13100,32.416751639008,54.52452791797972,12985.49485287802,1.1276994883078237,12985.49485287802,1420.05,54.57,1365.48,V1,,,
2020-12-10,NIFTY50,BUY_CE,13500,21.52705483155978,39.90474744060026,13370.465628425254,1.4956278232701232,13370.465628425254,1182.57,52.1,1130.47,V1,,,
2020-12-11,NIFTY50,BUY_CE,13500,38.80721540098784,67.87763188273821,13434.998381509871,1.5432153515209532,13434.998381509871,1868.77,56.03,1812.74,V1,,,
2020-12-14,NIFTY50,BUY_CE,13550,36.8980285935686,64.97780959319564,13479.021498632545,1.7468715977158076,13479.021498632545,1805.32,55.59,1749.73,V1,,,
2020-12-18,NIFTY50,BUY_CE,13750,16.215948735213715,33.22575234847146,13628.594973553378,4.022952140905202,13628.594973553378,1096.0,50.89,1045.11,V1,,,
2020-12-22,NIFTY50,BUY_PE,13450,74.82366603080118,110.30385907764051,13475.783462251731,0.42349994042724104,13475.783462251731,2270.11,64.22,2205.89,V1,,,
2021-01-04,NIFTY50,BUY_CE,14150,32.02603885486997,53.265139290278995,13998.261303390382,1017826.2401524202,13998.261303390382,1363.91,54.49,1309.42,V1,,,
2021-01-05,NIFTY50,BUY_CE,14200,32.925208646892315,54.71075895066252,14052.055119147757,1277790.2594371513,14052.055119147757,1398.97,54.69,1344.28,V1,,,
2021-01-06,NIFTY50,BUY_CE,14150,65.99246064586896,101.62469555677387,14097.67647750958,1403147.079769554,14097.67647750958,2283.41,62.21,2221.2,V1,,,
2021-01-07,NIFTY50,BUY_CE,14150,76.67369373236943,116.47807724282022,14124.55644642185,2.4953666898045306,14124.55644642185,2549.62,64.64,2484.98,V1,,,
2021-01-13,NIFTY50,BUY_CE,14550,43.01960795623563,68.93806091073223,14419.898631616092,1.2127964118690555,14419.898631616092,1662.87,56.99,1605.88,V1,,,
2021-01-14,NIFTY50,BUY_CE,14600,48.92283500628491,77.57203196585876,14489.532088543203,1.1876533896489156,14489.532088543203,1837.53,58.33,1779.2,V1,,,
2021-01-18,NIFTY50,BUY_PE,14300,33.634485131484325,53.56405860200578,14474.293523465727,0.8747617277542066,14474.293523465727,1278.42,54.85,1223.57,V1,,,
2021-01-22,NIFTY50,BUY_PE,14350,27.12309634589701,47.40283465777263,14484.191307510893,0.46539575499080227,14484.191307510893,1303.65,53.37,1250.28,V1,,,
2021-01-25,NIFTY50,BUY_PE,14250,12.046229600899778,22.465391922970515,14477.511202700907,0.46307023184787743,14477.511202700907,670.52,49.94,620.58,V1,,,
2021-02-10,NIFTY50,BUY_CE,15100,120.21894539694767,158.80721217876652,15016.730521304666,1.8042377422778626,15016.730521304666,2453.83,74.55,2379.28,V1,,,
2021-02-17,NIFTY50,BUY_PE,15200,123.52024838618672,140.4636494609672,15247.761995354127,0.32515318358238204,15247.761995354127,1049.84,75.3,974.54,V1,,,
2021-02-18,NIFTY50,BUY_PE,15100,91.43689174343581,123.79626603145934,15227.538564205051,0.30005116176889135,15227.538564205051,2061.39,68.0,1993.39,V1,,,
2021-02-19,NIFTY50,BUY_PE,15000,74.67655511176417,102.42027508510341,15179.89459386977,0.08646128090741752,15179.89459386977,1768.81,64.19,1704.62,V1,,,
2021-02-26,NIFTY50,BUY_PE,14550,63.05048470216752,85.28097875478903,14814.681363053503,0.584502952279547,14814.681363053503,1416.06,61.54,1354.51,V1,,,
2021-03-01,NIFTY50,BUY_PE,14750,105.35426743565677,142.36554347039117,14810.455436887756,0.4914143880208333,14810.455436887756,2357.43,71.17,2286.26,V1,,,
2021-03-09,NIFTY50,BUY_CE,15100,120.9145350750232,141.55276439311405,15053.62055378105,1.6428559346350045,15053.62055378105,1290.3,74.71,1215.6,V1,,,
2021-03-12,NIFTY50,BUY_PE,15050,137.04092520304494,181.01385800114014,15049.334738425188,0.8404923538225224,15049.334738425188,2796.22,78.38,2717.84,V1,,,
2021-03-15,NIFTY50,BUY_PE,14950,95.5140175906181,129.9285716742492,15044.589097769773,0.34934062703714663,15044.589097769773,2192.98,68.93,2124.06,V1,,,
2021-03-16,NIFTY50,BUY_PE,14900,72.30107033134846,100.86552850176726,15054.02756978815,0.38372145367444843,15054.02756978815,1822.92,63.65,1759.27,V1,,,
2021-03-18,NIFTY50,BUY_PE,14550,31.688236319288535,46.58340120327472,14875.571737298476,7.323324789454413e-07,14875.571737298476,952.92,54.41,898.51,V1,,,
2021-03-23,NIFTY50,BUY_CE,14800,85.20412800263148,117.93927743732289,14677.647438092457,2.540929203539823,14677.647438092457,2088.17,66.58,2021.59,V1,,,
2021-03-30,NIFTY50,BUY_CE,14850,40.09558195984437,60.18781701166648,14611.423570234861,1.330135440180587,14611.423570234861,1286.44,56.32,1230.12,V1,,,
2021-04-15,NIFTY50,BUY_PE,14600,133.18966414312035,175.8625059899377,14599.210176975583,0.6493939687423793,14599.210176975583,2713.47,77.5,2635.97,V1,,,
2021-05-05,NIFTY50,BUY_PE,14600,84.28785025816978,118.62982097572058,14673.45308644406,0.5541350623929533,14673.45308644406,2192.66,66.38,2126.28,V1,,,
2021-05-11,NIFTY50,BUY_CE,14850,96.79866982904969,134.89663502842075,14783.691182699884,3.841279300754867,14783.691182699884,2431.19,69.22,2361.97,V1,,,
2021-05-17,NIFTY50,BUY_CE,14900,59.07497142777902,90.8842738090714,14800.7286184836,1.31071569790431,14800.7286184836,2038.36,60.64,1977.72,V1,,,
2021-05-20,NIFTY50,BUY_PE,14900,78.97636232898549,87.1199959320974,14924.460970456603,0.6164376090750436,14924.460970456603,496.95,65.17,431.78,V1,,,
2021-05-31,NIFTY50,BUY_CE,15600,14.767983891663789,27.616095689288418,15361.756393266907,1.0550470670811731,15361.756393266907,826.86,50.56,776.3,V1,,,
2021-06-02,NIFTY50,BUY_CE,15600,41.14597469646105,70.95903874542108,15497.52487094949,3.6951161367431693,15497.52487094949,1915.99,56.56,1859.43,V1,,,
2021-06-04,NIFTY50,BUY_CE,15650,59.952597984081876,98.94211860650273,15598.246889990154,4.255126953125,15598.246889990154,2503.33,60.84,2442.5,V1,,,
2021-06-07,NIFTY50,BUY_CE,15750,39.33549825128466,68.3655557162797,15640.696646568775,1.5474629764505947,15640.696646568775,1865.95,56.15,1809.8,V1,,,
2021-06-08,NIFTY50,BUY_CE,15750,48.1913147661262,81.96778060197062,15668.592519257361,1.496479728089342,15668.592519257361,2170.09,58.16,2111.93,V1,,,
2021-06-14,NIFTY50,BUY_CE,15800,39.194691601079285,68.60068838995306,15728.732426951634,1.2621695969381652,15728.732426951634,1890.37,56.12,1834.25,V1,,,
2021-06-21,NIFTY50,BUY_CE,15750,35.428865172728365,48.09177156030064,15716.048057183541,1.0945973496432213,15716.048057183541,806.8,55.26,751.54,V1,,,
2021-06-22,NIFTY50,BUY_CE,15750,31.227042195298964,67.19918090551303,15705.681238715239,1.052395514780836,15705.681238715239,2319.0,54.3,2264.69,V1,,,
2021-06-23,NIFTY50,BUY_PE,15700,46.88202105244454,50.828793110299124,15695.05098744642,0.544122160834868,15695.05098744642,237.49,57.87,179.62,V1,,,
2021-06-28,NIFTY50,BUY_CE,15800,49.678112572115424,99.4373736034217,15798.379631486314,1.6119402985074627,15798.379631486314,3205.27,58.5,3146.77,V1,,,
2021-06-29,NIFTY50,BUY_PE,15750,27.189203957021164,41.3006869037695,15789.807174205887,0.7299953746530989,15789.807174205887,903.89,53.39,850.51,V1,,,
2021-06-30,NIFTY50,BUY_PE,15700,13.124615392177475,27.21892655644912,15793.251400393174,0.6991914940746483,15793.251400393174,908.26,50.19,858.08,V1,,,
2021-07-01,NIFTY50,BUY_PE,15700,13.610323626555783,33.449113755199875,15783.448298407775,0.7191843244474824,15783.448298407775,1280.34,50.3,1230.05,V1,,,
2021-07-02,NIFTY50,BUY_PE,15700,20.441806325369726,47.45248830467308,15755.738895027629,0.28529971887185995,15755.738895027629,1742.45,51.85,1690.6,V1,,,
2021-07-07,NIFTY50,BUY_CE,15900,12.31639580863066,30.768694654293252,15792.215359291367,1.7508721526780218,15792.215359291367,1191.0,50.0,1141.0,V1,,,
2021-07-13,NIFTY50,BUY_CE,15800,39.15791096783778,58.21440318885523,15767.63641630689,1.8388019839755818,15767.63641630689,1219.68,56.11,1163.58,V1,,,
2021-07-14,NIFTY50,BUY_CE,15850,17.258993353957067,40.23424015266896,15756.858795337865,1.5627623044639452,15756.858795337865,1482.18,51.13,1431.05,V1,,,
2021-07-16,NIFTY50,BUY_CE,15900,26.48618257592807,58.51197762896604,15840.875992379042,4.600195612283217,15840.875992379042,2065.1,53.23,2011.88,V1,,,
2021-07-27,NIFTY50,BUY_PE,15750,43.150219415406355,56.46453708810979,15779.880521320305,0.24619524870081663,15779.880521320305,846.01,57.02,788.99,V1,,,
2021-07-28,NIFTY50,BUY_PE,15700,25.781182630375042,51.99747788275086,15779.55642698533,0.23139991277802005,15779.55642698533,1688.89,53.07,1635.83,V1,,,
2021-07-30,NIFTY50,BUY_PE,15750,47.729105909788814,50.07226690056205,15768.533504092335,0.33725226738327174,15768.533504092335,133.23,58.06,75.18,V1,,,
2021-08-09,NIFTY50,BUY_CE,16250,59.998484947383986,104.80987727502912,16223.285302926255,4.472352389878163,16223.285302926255,2880.6,60.85,2819.75,V1,,,
2021-08-10,NIFTY50,BUY_CE,16300,56.42499576906448,63.046721922134395,16265.107808472545,2.117017481270068,16265.107808472545,407.12,60.04,347.08,V1,,,
2021-08-11,NIFTY50,BUY_CE,16300,57.53911840764977,62.70281290074402,16270.87230853888,2.0219407777381377,16270.87230853888,312.19,60.29,251.9,V1,,,
2021-08-18,NIFTY50,BUY_CE,16550,44.18090953308638,85.09816781649019,16507.817860954958,4.15077365958978,16507.817860954958,2634.41,57.25,2577.16,V1,,,
2021-08-24,NIFTY50,BUY_CE,16600,36.70684901895402,72.48137804257638,16536.742311049857,1.7106560485400075,16536.742311049857,2304.05,55.55,2248.5,V1,,,
2021-08-27,NIFTY50,BUY_CE,16700,23.576616866606855,50.834031486565905,16605.46877620749,1.6245614035087719,16605.46877620749,1757.22,52.56,1704.66,V1,,,
2021-09-07,NIFTY50,BUY_CE,17350,27.8464197723888,58.48660122455072,17259.595525017623,1.8271371956973015,17259.595525017623,1974.78,53.54,1921.24,V1,,,
2021-09-17,NIFTY50,BUY_CE,17600,33.557161715626535,68.73897012738763,17524.682710771485,2.4029692470837754,17524.682710771485,2266.87,54.83,2212.04,V1,,,
2021-09-20,NIFTY50,BUY_PE,17400,16.662447553866514,36.09682650490237,17536.940517781284,0.9098795672586242,17536.940517781284,1252.95,50.99,1201.96,V1,,,
2021-09-28,NIFTY50,BUY_PE,17750,61.82672510404882,108.8990170814262,17766.909432963967,0.719348054679285,17766.909432963967,3026.41,61.27,2965.14,V1,,,
2021-09-29,NIFTY50,BUY_PE,17700,34.67274321962759,67.29307255391981,17779.08594801618,0.23758339510748702,17779.08594801618,2100.44,55.09,2045.35,V1,,,
2021-09-30,NIFTY50,BUY_PE,17600,17.13226377495903,35.914421457568395,17755.586450917483,0.8376352249003606,17755.586450917483,1210.5,51.1,1159.4,V1,,,
2021-10-05,NIFTY50,BUY_CE,17800,29.44647953412459,57.35937070258148,17671.729589384246,1.498583569405099,17671.729589384246,1797.41,53.9,1743.51,V1,,,
2021-10-11,NIFTY50,BUY_CE,17950,36.17795757943804,66.32400314531047,17818.828815333403,1.2834375383106533,17818.828815333403,1939.51,55.43,1884.07,V1,,,
2021-10-12,NIFTY50,BUY_CE,18000,33.14894722687859,61.39207374920789,17856.899422830273,1.381512811082506,17856.899422830273,1817.37,54.74,1762.63,V1,,,
2021-10-21,NIFTY50,BUY_PE,18200,26.700889264503076,50.367915809638795,18359.499562440873,0.8643955680502728,18359.499562440873,1523.33,53.27,1470.05,V1,,,
2021-10-22,NIFTY50,BUY_PE,18100,9.272941365485394,20.269446320681155,18337.744574561406,0.3419666095346918,18337.744574561406,709.01,49.31,659.7,V1,,,
2021-10-25,NIFTY50,BUY_PE,18150,34.935045020461985,66.32212415129251,18248.25034887495,5.263157894736842e-07,18248.25034887495,2020.41,55.15,1965.27,V1,,,
2021-10-28,NIFTY50,BUY_PE,17850,12.64957266009992,24.511304899578427,18131.34019432988,0.2363447559709242,18131.34019432988,763.77,50.08,713.69,V1,,,
2021-11-01,NIFTY50,BUY_PE,17950,74.38212636091612,117.37688701303388,18005.833601038863,0.23310118803768948,18005.833601038863,2757.27,64.12,2693.14,V1,,,
2021-11-02,NIFTY50,BUY_PE,17900,77.24189330413265,99.74881603950962,17943.172980186842,0.5952767951046946,17943.172980186842,1428.44,64.77,1363.66,V1,,,
2021-11-03,NIFTY50,BUY_PE,17850,88.21523911106851,104.3692601664588,17864.38609687314,0.20949117186917976,17864.38609687314,1012.46,67.27,945.19,V1,,,
2021-11-11,NIFTY50,BUY_PE,17850,43.0037444444979,73.1601437416606,17982.424146468602,0.9239649068800985,17982.424146468602,1937.51,56.98,1880.53,V1,,,
2021-11-12,NIFTY50,BUY_CE,18100,61.31258428087858,99.97757431683777,17995.930863603862,1.0898692810457515,17995.930863603862,2481.77,61.15,2420.62,V1,,,
2021-11-15,NIFTY50,BUY_CE,18100,68.55312604131268,111.50081166080913,18024.65880503145,1.6910213020107505,18024.65880503145,2756.49,62.8,2693.69,V1,,,
2021-11-16,NIFTY50,BUY_PE,18000,81.24228366168063,91.0656458309061,18021.20921936351,0.6522294621183085,18021.20921936351,604.92,65.68,539.24,V1,,,
2021-11-17,NIFTY50,BUY_PE,17900,49.1156134678813,82.93217062995853,18006.250455449037,0.654571098858828,18006.250455449037,2172.33,58.37,2113.95,V1,,,
2021-11-18,NIFTY50,BUY_PE,17750,18.94121644138977,35.2293771834997,17985.48956479456,0.23159166976571216,17985.48956479456,1048.17,51.51,996.66,V1,,,
2021-11-24,NIFTY50,BUY_PE,17400,29.836088015608766,50.81225612790478,17614.201396296783,0.2577844561315636,17614.201396296783,1347.72,53.99,1293.74,V1,,,
2021-11-26,NIFTY50,BUY_PE,17050,21.123903136636272,34.854706359684904,17389.176963926802,0.6053167542073106,17389.176963926802,881.59,52.01,829.58,V1,,,
2021-11-30,NIFTY50,BUY_PE,17000,40.721961177845515,65.1724294047844,17195.199094202904,0.5628426193561248,17195.199094202904,1568.63,56.46,1512.17,V1,,,
2021-12-06,NIFTY50,BUY_PE,16900,33.55746891450963,53.20052827248257,17162.901834001008,0.5050026329647183,17162.901834001008,1259.88,54.83,1205.05,V1,,,
2021-12-07,NIFTY50,BUY_PE,17200,132.87276282656057,184.2757661846153,17188.94891039374,0.5629035413813344,17188.94891039374,3279.35,77.43,3201.92,V1,,,
2021-12-16,NIFTY50,BUY_PE,17250,87.57711132601435,125.74283976499831,17354.489976570097,0.670852144469526,17354.489976570097,2439.17,67.12,2372.05,V1,,,
2021-12-17,NIFTY50,BUY_PE,17000,43.84529963799332,66.2372906548032,17261.389344573563,0.6880335696715382,17261.389344573563,1434.01,57.17,1376.84,V1,,,
2021-12-21,NIFTY50,BUY_PE,16750,53.09303594244648,78.35524237732619,16978.03040836825,0.2420291149415022,16978.03040836825,1616.41,59.28,1557.13,V1,,,
2021-12-30,NIFTY50,BUY_CE,17200,100.35312164939296,146.33159648918115,17147.76173716064,1.5039209991286668,17147.76173716064,2940.5,70.03,2870.47,V1,,,
2021-12-31,NIFTY50,BUY_CE,17350,63.07620954534559,96.70957523984669,17202.801219554098,1.863491141446413,17202.801219554098,2155.01,61.55,2093.46,V1,,,
2022-01-06,NIFTY50,BUY_CE,17750,82.16381741936493,125.52068862544925,17673.20849125035,1187200.0,17673.20849125035,2777.7,65.89,2711.81,V1,,,
2022-01-07,NIFTY50,BUY_CE,17800,93.81326518576498,141.23304526587123,17749.149055479924,3.6634249471458773,17749.149055479924,3036.45,68.54,2967.91,V1,,,
2022-01-14,NIFTY50,BUY_CE,18250,58.46591322022505,95.94803376177586,18135.7453444914,1240600.0,18135.7453444914,2406.23,60.5,2345.73,V1,,,
2022-01-17,NIFTY50,BUY_CE,18300,35.736443568641334,69.45431571458772,18198.515171396208,1230800.0,18198.515171396208,2171.15,55.33,2115.82,V1,,,
2022-02-01,NIFTY50,BUY_CE,17600,18.459581757108936,31.380374410817872,17239.311327359286,1.5370343101163304,17239.311327359286,830.13,51.4,778.73,V1,,,
2022-02-16,NIFTY50,BUY_CE,17300,158.66157773116265,208.62304643208802,17266.455657748054,1.4477264590046546,17266.455657748054,3175.87,83.3,3092.58,V1,,,
2022-02-21,NIFTY50,BUY_PE,17200,129.49741653241927,172.9009684095551,17271.339783351697,0.6243447129523079,17271.339783351697,2762.26,76.66,2685.6,V1,,,
2022-02-28,NIFTY50,BUY_CE,16800,154.6122953678705,197.7159478551794,16696.268477811267,1.2839562443026435,16696.268477811267,2733.03,82.37,2650.66,V1,,,
2022-03-15,NIFTY50,BUY_CE,16650,163.5079655161935,208.15496749692483,16570.637487009288,3.421463815789474,16570.637487009288,2829.58,84.4,2745.18,V1,,,
2022-03-22,NIFTY50,BUY_CE,17300,112.70452275821208,147.4704280531181,17071.625236817024,1.5335032229051118,17071.625236817024,2209.05,72.84,2136.21,V1,,,
2022-03-23,NIFTY50,BUY_CE,17250,182.48805769569663,231.06392550952972,17195.68543898535,1.5688802278518963,17195.68543898535,3076.79,88.72,2988.07,V1,,,
2022-03-29,NIFTY50,BUY_CE,17350,94.82341168702533,134.1559671602438,17226.553058571655,1.6662887377173092,17226.553058571655,2511.97,68.77,2443.19,V1,,,
2022-04-01,NIFTY50,BUY_CE,17650,59.16891192082767,87.71058504521615,17420.354939769295,1.916827479737553,17420.354939769295,1826.57,60.66,1765.91,V1,,,
2022-04-06,NIFTY50,BUY_CE,17800,126.33480305329431,179.7505505053928,17788.00717101109,2.0232022670917464,17788.00717101109,3412.34,75.94,3336.4,V1,,,
2022-04-07,NIFTY50,BUY_PE,17650,55.20401675945595,85.08492458041255,17821.68540490247,0.7133422878889635,17821.68540490247,1914.9,59.76,1855.14,V1,,,
2022-04-08,NIFTY50,BUY_PE,17800,95.50371750308568,140.51834655853884,17849.770697598968,0.6918901313646727,17849.770697598968,2879.93,68.93,2811.0,V1,,,
2022-04-11,NIFTY50,BUY_PE,17650,63.546026483077185,96.8127546563187,17791.370894370742,0.6729996743024644,17791.370894370742,2131.07,61.66,2069.41,V1,,,
2022-04-13,NIFTY50,BUY_PE,17500,57.67444529027125,89.79328642547299,17639.618758048542,0.2375140656106639,17639.618758048542,2058.97,60.32,1998.65,V1,,,
2022-04-20,NIFTY50,BUY_PE,17150,72.30418152096627,110.46614914087331,17232.609605004134,6.492241771083555e-07,17232.609605004134,2444.89,63.65,2381.24,V1,,,
2022-04-29,NIFTY50,BUY_PE,17100,119.08602796984542,125.55913494934462,17116.464153457393,0.7143746110765401,17116.464153457393,373.05,74.29,298.75,V1,,,
2022-05-02,NIFTY50,BUY_PE,17050,92.44003970139966,132.74526170985533,17127.794029354438,0.6545039908779932,17127.794029354438,2575.93,68.23,2507.7,V1,,,
2022-05-13,NIFTY50,BUY_PE,15800,28.28665852656968,44.8664748867856,16074.286806728149,0.2438282042610754,16074.286806728149,1063.42,53.64,1009.79,V1,,,
2022-05-16,NIFTY50,BUY_PE,15850,58.64511406942438,87.27004691346224,16000.665408441122,0.23046188269138565,16000.665408441122,1832.17,60.54,1771.63,V1,,,
2022-05-19,NIFTY50,BUY_PE,15800,62.47321424913571,89.03474451545216,16000.551799287017,0.2480704697986577,16000.551799287017,1696.96,61.41,1635.54,V1,,,
2022-05-24,NIFTY50,BUY_PE,16150,154.00852334860338,163.59936543391578,16144.65032850104,0.6102883865939205,16144.65032850104,561.47,82.24,479.23,V1,,,
2022-05-25,NIFTY50,BUY_PE,16050,119.94426505240972,161.38191456200144,16104.136657552473,0.21987978046868195,16104.136657552473,2638.59,74.49,2564.1,V1,,,
2022-06-01,NIFTY50,BUY_CE,16500,136.36507571873153,182.7013768545403,16457.203936435006,6.129880805589806,16457.203936435006,2949.64,78.22,2871.42,V1,,,
2022-06-02,NIFTY50,BUY_CE,16650,110.39904848440347,150.51243272974284,16542.455979230574,5.975160256410256,16542.455979230574,2556.49,72.32,2484.18,V1,,,
2022-06-08,NIFTY50,BUY_PE,16350,77.52930898539671,108.93023095284792,16513.95182405234,0.6442584716696392,16513.95182405234,2004.7,64.84,1939.86,V1,,,
2022-06-09,NIFTY50,BUY_PE,16500,141.35963050886312,191.35803469435564,16482.812127604622,0.6496956281128943,16482.812127604622,3185.02,79.36,3105.66,V1,,,
2022-06-16,NIFTY50,BUY_PE,15350,14.160364872687751,22.726887781299496,15779.319905663273,0.7194918087596122,15779.319905663273,549.63,50.42,499.21,V1,,,
2022-06-21,NIFTY50,BUY_CE,15650,51.179420638642114,76.93865909573849,15459.917801386038,1.8494527585436675,15459.917801386038,1649.37,58.84,1590.52,V1,,,
2022-06-23,NIFTY50,BUY_CE,15550,73.50146585845687,106.36600098250078,15423.312673107894,1.7821252059308073,15423.312673107894,2101.12,63.92,2037.2,V1,,,
2022-06-28,NIFTY50,BUY_CE,15850,49.53877004858896,75.5866233625902,15664.902245161296,1.7174617878647522,15664.902245161296,1668.71,58.47,1610.24,V1,,,
2022-06-29,NIFTY50,BUY_CE,15800,91.74811076418518,132.25574923860432,15736.204602716676,1.6922186197313571,15736.204602716676,2589.32,68.07,2521.24,V1,,,
2022-07-04,NIFTY50,BUY_CE,15850,84.93223025504358,111.54557537619178,15770.039325035907,6.481270744428639,15770.039325035907,1691.55,66.52,1625.03,V1,,,
2022-07-05,NIFTY50,BUY_CE,15800,109.48133548926126,155.49048654792816,15778.691786674639,1671200.0,15778.691786674639,2938.93,72.11,2866.82,V1,,,
2022-07-06,NIFTY50,BUY_CE,16000,50.07535752126478,76.05079120967662,15807.006303010334,5.583398898505114,15807.006303010334,1663.81,58.59,1605.22,V1,,,
2022-07-14,NIFTY50,BUY_PE,15950,26.60238289049903,47.84003789348826,16101.326811594208,0.7199170124481328,16101.326811594208,1365.93,53.25,1312.68,V1,,,
2022-07-15,NIFTY50,BUY_PE,16050,75.3210238105039,120.43676449084057,16056.573922451871,0.2689155107187894,16056.573922451871,2894.35,64.34,2830.01,V1,,,
2022-07-25,NIFTY50,BUY_CE,16650,30.998375954389303,59.33094930769629,16540.664613872268,3.111111111111111,16540.664613872268,1824.0,54.25,1769.75,V1,,,
2022-08-04,NIFTY50,BUY_CE,17400,40.40452259063386,70.793309823866,17269.06492960945,1812900.0,17269.06492960945,1953.59,56.39,1897.2,V1,,,
2022-08-05,NIFTY50,BUY_CE,17400,64.59432054595254,107.06708743698215,17337.8084176186,4.420307692307692,17337.8084176186,2727.26,61.9,2665.36,V1,,,
2022-08-08,NIFTY50,BUY_CE,17550,29.395083768552013,53.322962181381655,17374.203466555296,1.4706747023372042,17374.203466555296,1539.18,53.89,1485.29,V1,,,
2022-08-10,NIFTY50,BUY_CE,17550,33.75173328222172,62.14743068890281,17415.182623420613,1.2876672056445686,17415.182623420613,1827.02,54.88,1772.14,V1,,,
2022-08-26,NIFTY50,BUY_PE,17550,77.069715421012,77.70880662087039,17560.28498498499,0.6732235062699778,17560.28498498499,11.36,64.73,-53.37,V1,,,
2022-08-30,NIFTY50,BUY_CE,17750,33.73834975259979,57.5637917856131,17542.65032620697,1.5952093397745573,17542.65032620697,1530.85,54.88,1475.97,V1,,,
2022-09-01,NIFTY50,BUY_CE,17550,107.38809200605829,160.58269961709487,17542.20588285209,1.673913043478261,17542.20588285209,3405.4,71.63,3333.76,V1,,,
2022-09-02,NIFTY50,BUY_CE,17550,105.39915788373764,157.95448929037565,17538.213478467766,1.767512077294686,17538.213478467766,3364.74,71.18,3293.56,V1,,,
2022-09-05,NIFTY50,BUY_CE,17650,66.68862843365696,104.9736072689546,17543.931017806113,1.6792885829030408,17543.931017806113,2455.05,62.37,2392.68,V1,,,
2022-09-06,NIFTY50,BUY_CE,17650,95.16943323620308,144.0473271340798,17612.901078288363,4.324619586422162,17612.901078288363,3130.42,68.85,3061.56,V1,,,
2022-09-07,NIFTY50,BUY_CE,17600,112.44916966639175,125.77346559608496,17598.512012044186,1.7014778325123152,17598.512012044186,819.63,72.78,746.84,V1,,,
2022-09-08,NIFTY50,BUY_CE,17800,50.979627450940825,82.23622996373594,17639.348684114608,1.7594088669950738,17639.348684114608,2005.7,58.8,1946.9,V1,,,
2022-09-14,NIFTY50,BUY_CE,18000,77.64510366210561,120.03008004157535,17912.831043610386,4.150943396226415,17912.831043610386,2716.48,64.86,2651.61,V1,,,
2022-09-20,NIFTY50,BUY_CE,17800,109.59088878132934,161.21054666182863,17776.357137069008,1.1662049861495845,17776.357137069008,3302.47,72.13,3230.34,V1,,,
2022-09-22,NIFTY50,BUY_PE,17650,104.07015304185461,152.83887043872318,17667.563373916862,0.5195296931048227,17667.563373916862,3119.87,70.88,3048.99,V1,,,
2022-09-29,NIFTY50,BUY_PE,16800,16.314327274453717,29.48725473395507,17072.658229308723,0.18134814247414785,17072.658229308723,847.31,50.91,796.4,V1,,,
2022-10-03,NIFTY50,BUY_PE,16900,79.47700818797239,119.99884751711748,16960.29044370296,0.2481198047235783,16960.29044370296,2595.02,65.28,2529.74,V1,,,
2022-10-10,NIFTY50,BUY_CE,17250,106.11940925427643,125.49196742533262,17197.93489591871,1.504688361831219,17197.93489591871,1214.05,71.34,1142.71,V1,,,
2022-10-21,NIFTY50,BUY_CE,17600,79.72225656028786,118.52338219014322,17482.39998038392,1.6029714285714285,17482.39998038392,2483.42,65.34,2418.08,V1,,,
2022-11-03,NIFTY50,BUY_CE,18050,69.89186106130273,86.35282976409854,18016.581990846687,1.3889168765743074,18016.581990846687,1039.5,63.1,976.39,V1,,,
2022-11-04,NIFTY50,BUY_CE,18100,74.18481824687478,93.9920738595985,18075.2600471568,3.8394241417497232,18075.2600471568,1254.68,64.08,1190.6,V1,,,
2022-11-07,NIFTY50,BUY_CE,18200,48.608670372264896,87.1329171613004,18112.833531003653,3.905500184569952,18112.833531003653,2477.61,58.26,2419.35,V1,,,
2022-11-09,NIFTY50,BUY_CE,18150,73.79610760130527,125.45423355023581,18126.518223176598,1.4184736213078368,18126.518223176598,3318.92,63.99,3254.94,V1,,,
2022-11-10,NIFTY50,BUY_PE,18050,38.6858129597249,75.06863458874702,18113.583205826108,0.5385821480568933,18113.583205826108,2342.7,56.0,2286.7,V1,,,
2022-11-22,NIFTY50,BUY_PE,18250,54.46028699266117,97.22495367882524,18294.425058575067,0.7669221986625346,18294.425058575067,2750.12,59.59,2690.53,V1,,,
2022-11-23,NIFTY50,BUY_PE,18250,62.95506643186309,63.33284878039206,18268.1088558856,0.6475289512314467,18268.1088558856,-0.07,61.52,-61.59,V1,,,
2022-11-30,NIFTY50,BUY_CE,18750,20.369918092332682,42.341099035949014,18579.196300296677,1.5747335586171043,18579.196300296677,1415.9,51.83,1364.06,V1,,,
2022-12-07,NIFTY50,BUY_PE,18550,23.01439194744671,46.379040828021914,18696.61397247493,0.6492279327033879,18696.61397247493,1505.17,52.44,1452.73,V1,,,
2022-12-08,NIFTY50,BUY_PE,18600,50.60944925577678,63.24257404235107,18641.956018558303,0.2038753159224937,18641.956018558303,798.95,58.71,740.24,V1,,,
2022-12-09,NIFTY50,BUY_PE,18500,19.188535231509377,43.86105258763652,18604.875011108157,0.5658549710749361,18604.875011108157,1591.42,51.57,1539.85,V1,,,
2022-12-12,NIFTY50,BUY_PE,18500,31.943491432261908,68.11894068710617,18557.398237614805,0.5968497232865049,18557.398237614805,2331.89,54.47,2277.42,V1,,,
2022-12-13,NIFTY50,BUY_CE,18600,41.15991435756405,65.36932802646672,18545.346771936845,1.47609896709104,18545.346771936845,1552.84,56.56,1496.27,V1,,,
2022-12-16,NIFTY50,BUY_PE,18250,7.8459639728303046,17.87091067634826,18487.05458757816,0.6286043829296425,18487.05458757816,646.61,48.98,597.62,V1,,,
2022-12-19,NIFTY50,BUY_PE,18400,39.06572531834627,74.76132205881706,18474.63889767933,0.5704246411483254,18474.63889767933,2298.02,56.09,2241.93,V1,,,
2022-12-20,NIFTY50,BUY_PE,18400,54.14407602806841,99.28397530891672,18431.80797568676,0.5119617224880383,18431.80797568676,2904.17,59.52,2844.66,V1,,,
2022-12-21,NIFTY50,BUY_PE,18200,22.139575883878933,44.278791464703716,18352.721288486606,0.4841507177033493,18352.721288486606,1426.1,52.24,1373.86,V1,,,
2022-12-22,NIFTY50,BUY_PE,18150,18.983811511093336,40.185461805815535,18292.09709247225,0.49938309685379395,18292.09709247225,1366.57,51.52,1315.05,V1,,,
2022-12-26,NIFTY50,BUY_PE,18000,41.05157359656641,72.5407413495868,18113.025547957222,0.5353835978835979,18113.025547957222,2024.65,56.54,1968.11,V1,,,
2022-12-29,NIFTY50,BUY_CE,18200,33.382585788483084,60.85791817495349,18042.070757088128,1.4019654841802494,18042.070757088128,1767.52,54.79,1712.73,V1,,,
2022-12-30,NIFTY50,BUY_CE,18100,90.6219501623109,146.2615475020491,18095.866074354137,3.909706546275395,18095.866074354137,3570.38,67.82,3502.57,V1,,,
2023-01-02,NIFTY50,BUY_CE,18200,64.19634462907652,90.04527659707676,18133.21263847372,4.510416666666667,18133.21263847372,1650.1,61.8,1588.3,V1,,,
2023-01-03,NIFTY50,BUY_CE,18250,54.78049845915939,81.85840957034566,18157.143745950412,4.923958333333333,18157.143745950412,1733.42,59.66,1673.76,V1,,,
2023-01-06,NIFTY50,BUY_PE,17850,19.018915136803116,35.90853208942111,18072.503146814564,0.6667623009611247,18072.503146814564,1087.11,51.53,1035.59,V1,,,
2023-01-10,NIFTY50,BUY_PE,17900,54.10327594086539,89.02138054440707,18005.084465389216,0.6267994080452038,18005.084465389216,2241.77,59.51,2182.26,V1,,,
2023-01-11,NIFTY50,BUY_PE,17900,66.86597246178553,107.66600056142758,17966.520471277552,0.25053574907461523,17966.520471277552,2617.97,62.41,2555.56,V1,,,
2023-01-12,NIFTY50,BUY_PE,17850,53.96219206485148,90.28190480411988,17939.005102389983,0.24464948159421668,17939.005102389983,2332.65,59.48,2273.18,V1,,,
2023-01-16,NIFTY50,BUY_PE,17900,80.61306018740652,89.43418107401476,17914.17534511171,0.6665369649805447,17914.17534511171,540.21,65.54,474.67,V1,,,
2023-01-19,NIFTY50,BUY_CE,18100,63.17035827958625,104.71926819824165,18019.034062039253,1.6857142857142857,18019.034062039253,2667.94,61.57,2606.37,V1,,,
2023-01-24,NIFTY50,BUY_CE,18100,84.6039869967608,89.60358843329193,18109.072790239385,1.4261052631578948,18109.072790239385,291.0,66.45,224.56,V1,,,
2023-01-25,NIFTY50,BUY_PE,17900,21.56027200425524,42.14510410552323,18068.681174018762,0.6623789564966036,18068.681174018762,1325.59,52.1,1273.49,V1,,,
2023-01-27,NIFTY50,BUY_PE,17600,6.792627882067109,14.11583500627301,17922.06864614057,0.21336002528711412,17922.06864614057,471.93,48.75,423.19,V1,,,
2023-01-31,NIFTY50,BUY_PE,17650,47.16662229116173,81.8289760942425,17738.30619560946,0.6680345117845118,17738.30619560946,2227.9,57.93,2169.97,V1,,,
2023-02-01,NIFTY50,BUY_PE,17600,51.1117512176761,87.93728681208094,17674.646129218625,0.3206050270630978,17674.646129218625,2366.55,58.83,2307.72,V1,,,
2023-02-02,NIFTY50,BUY_PE,17600,68.41899253376323,114.672844219441,17622.22255555556,0.26290508907399524,17622.22255555556,2970.8,62.77,2908.03,V1,,,
2023-02-06,NIFTY50,BUY_CE,17750,59.76072857270174,99.98444234436029,17668.9277693439,1.4778314310798946,17668.9277693439,2583.39,60.8,2522.6,V1,,,
2023-02-09,NIFTY50,BUY_CE,17900,41.30641054515854,74.52997640961294,17786.776147518965,1.8922907834824934,17786.776147518965,2136.94,56.6,2080.35,V1,,,
2023-02-10,NIFTY50,BUY_CE,17850,64.88993535169902,88.45896061731305,17801.40533267643,1.5324226723190453,17801.40533267643,1502.08,61.96,1440.12,V1,,,
2023-02-14,NIFTY50,BUY_CE,17950,47.11285452786251,82.89524207311962,17846.85186023128,1.33839849752433,17846.85186023128,2300.5,57.92,2242.59,V1,,,
2023-02-15,NIFTY50,BUY_CE,18000,37.53314527774182,68.47086209912568,17872.12957429049,4.446173800259404,17872.12957429049,1990.28,55.74,1934.54,V1,,,
2023-02-17,NIFTY50,BUY_CE,17950,78.4170773110618,84.40852729321188,17931.867998950507,1.5293607800650053,17931.867998950507,357.69,65.04,292.65,V1,,,
2023-02-20,NIFTY50,BUY_PE,17850,37.88296682093369,68.97374667378583,17955.099434066447,0.7075866188769414,17955.099434066447,2000.06,55.82,1944.25,V1,,,
2023-02-21,NIFTY50,BUY_PE,17850,38.31043822580796,70.06883148360708,17949.365058310912,0.7730461739272312,17949.365058310912,2043.16,55.92,1987.25,V1,,,
2023-02-28,NIFTY50,BUY_PE,17300,19.566208132694555,39.75131930114361,17447.63380249717,9.100837277029486e-07,17447.63380249717,1300.47,51.65,1248.81,V1,,,
2023-03-02,NIFTY50,BUY_PE,17300,39.58887270771811,59.62805877914131,17386.31531192221,0.24420581655480986,17386.31531192221,1283.2,56.21,1226.99,V1,,,
2023-03-08,NIFTY50,BUY_CE,17750,22.254627857165815,42.71232578371357,17558.790241675168,1.3557955166757791,17558.790241675168,1317.08,52.26,1264.82,V1,,,
2023-03-20,NIFTY50,BUY_PE,17000,70.8362034004549,115.02007997338875,17026.851695374287,6.444960041247745e-07,17026.851695374287,2835.71,63.32,2772.39,V1,,,
2023-03-24,NIFTY50,BUY_PE,16950,40.73604449594859,71.07668752003154,17054.632193523114,0.2354185215545583,17054.632193523114,1950.34,56.47,1893.87,V1,,,
2023-03-27,NIFTY50,BUY_PE,17000,54.85404202999234,92.2820768880835,17064.1037221917,0.2842752308661647,17064.1037221917,2404.13,59.68,2344.45,V1,,,
2023-03-28,NIFTY50,BUY_PE,16950,45.42289614701349,78.19875227923183,17040.15156912003,0.7429463860320036,17040.15156912003,2106.32,57.53,2048.79,V1,,,
2023-04-13,NIFTY50,BUY_CE,17850,22.69821003582956,46.47000438121604,17704.809853074832,4.034929356357928,17704.809853074832,1531.68,52.36,1479.31,V1,,,
2023-04-20,NIFTY50,BUY_PE,17600,29.613443548818395,58.76579165472623,17693.888194990595,0.5776342169748273,17693.888194990595,1877.67,53.94,1823.73,V1,,,
2023-04-21,NIFTY50,BUY_PE,17600,37.73503853945749,49.16325230776578,17657.58460650734,0.2568065414682361,17657.58460650734,725.89,55.78,670.1,V1,,,
2023-04-27,NIFTY50,BUY_CE,17900,13.462090251747668,31.782362208172753,17750.606612599724,1.7653267460139233,17750.606612599724,1182.0,50.26,1131.73,V1,,,
2023-04-28,NIFTY50,BUY_CE,18050,6.058724395341187,15.370657834964808,17832.352381494416,4.463509991311903,17832.352381494416,601.1,48.58,552.52,V1,,,
2023-05-04,NIFTY50,BUY_CE,18250,5.2680638400611315,14.748735242250126,18061.21625856873,4.553050397877984,18061.21625856873,612.34,48.4,563.94,V1,,,
2023-05-08,NIFTY50,BUY_CE,18250,28.729111792891672,60.15348746387521,18150.220501363016,1.678686413393432,18150.220501363016,2025.25,53.74,1971.52,V1,,,
2023-05-09,NIFTY50,BUY_CE,18250,38.15621617350644,76.71479544975367,18179.105818971682,1.5458252843957931,18179.105818971682,2483.91,55.88,2428.03,V1,,,
2023-05-11,NIFTY50,BUY_CE,18300,43.20102760996633,85.50195770000445,18243.255966973826,1.3924963924963925,18243.255966973826,2724.46,57.03,2667.44,V1,,,
2023-05-15,NIFTY50,BUY_CE,18400,31.4019506290997,65.18707798431242,18308.743972084834,1.3971272506574954,18308.743972084834,2177.2,54.34,2122.85,V1,,,
2023-05-18,NIFTY50,BUY_PE,18150,19.996783828750722,43.390259936752656,18269.493067921656,0.6555921523700415,18269.493067921656,1508.22,51.75,1456.47,V1,,,
2023-05-19,NIFTY50,BUY_PE,18200,42.58974532303637,83.39226135231891,18242.863208176896,0.6345114345114345,18242.863208176896,2627.6,56.89,2570.71,V1,,,
2023-05-26,NIFTY50,BUY_CE,18500,17.838952780120962,38.44183648170677,18333.672782314065,1.509741550695825,18333.672782314065,1328.21,51.26,1276.95,V1,,,
2023-05-31,NIFTY50,BUY_CE,18550,57.709555438438656,66.17999804216252,18515.379996525226,1.3436433018678449,18515.379996525226,526.42,60.33,466.09,V1,,,
2023-06-01,NIFTY50,BUY_PE,18500,41.495438323873714,63.07993359426325,18547.072251329922,0.6955708047411104,18547.072251329922,1382.6,56.64,1325.96,V1,,,
2023-06-02,NIFTY50,BUY_PE,18550,50.900473418041656,60.74077820397457,18555.679068313424,0.352859703438162,18555.679068313424,617.85,58.78,559.07,V1,,,
2023-06-09,NIFTY50,BUY_PE,18550,22.154378523587184,40.63722543702547,18636.593707005013,0.2514744271487963,18636.593707005013,1189.14,52.24,1136.9,V1,,,
2023-06-12,NIFTY50,BUY_PE,18600,36.61670372733079,49.90129744678312,18637.501361912105,0.26400730816077955,18637.501361912105,846.63,55.53,791.1,V1,,,
2023-06-14,NIFTY50,BUY_CE,18750,25.185286721118246,51.56731943195405,18666.70105153361,1.3236277788707456,18666.70105153361,1699.87,52.93,1646.94,V1,,,
2023-06-15,NIFTY50,BUY_CE,18700,47.263276352428875,98.78231118560498,18675.83179307965,1.326185323627779,18675.83179307965,3320.26,57.95,3262.31,V1,,,
2023-06-16,NIFTY50,BUY_CE,18800,26.332309780473224,60.26213775749621,18718.026774940085,1.390470297029703,18718.026774940085,2188.55,53.19,2135.36,V1,,,
2023-06-19,NIFTY50,BUY_CE,18750,58.781948448169715,117.40924129391863,18746.847360422336,3.600380228136882,18746.847360422336,3776.42,60.57,3715.84,V1,,,
2023-06-20,NIFTY50,BUY_CE,18850,25.66660487511308,46.464367476717285,18762.5235796842,1.5894780447390224,18762.5235796842,1337.79,53.04,1284.75,V1,,,
2023-06-21,NIFTY50,BUY_CE,18850,30.572058412243678,57.4548595080325,18782.815043189563,1.5447390223695112,18782.815043189563,1730.22,54.16,1676.06,V1,,,
2023-06-26,NIFTY50,BUY_PE,18700,24.266205594446546,56.35821706969438,18766.67586255524,0.6281657151222368,18766.67586255524,2070.26,52.72,2017.54,V1,,,
2023-06-27,NIFTY50,BUY_CE,18800,45.34874346331708,67.30180677956177,18768.79299274149,1.2959205698251672,18768.79299274149,1404.98,57.52,1347.47,V1,,,
2023-06-28,NIFTY50,BUY_CE,19000,8.055099455925301,21.01069208860961,18814.843446930496,1.3194474422620333,18814.843446930496,836.45,49.03,787.41,V1,,,
2023-07-06,NIFTY50,BUY_CE,19500,14.085556669343077,33.426790848227085,19334.061183255148,4.8356104010577345,19334.061183255148,1247.92,50.4,1197.51,V1,,,
2023-07-20,NIFTY50,BUY_CE,19950,8.274075226045625,20.797269460803243,19732.82532893943,1.373324396782842,19732.82532893943,808.34,49.08,759.26,V1,,,
2023-07-25,NIFTY50,BUY_PE,19700,38.649170671636966,77.27033044207552,19770.13763999461,0.6181607865818393,19770.13763999461,2487.77,55.99,2431.78,V1,,,
2023-07-27,NIFTY50,BUY_PE,19700,51.98043909986063,100.35303066089419,19729.29233119463,0.5480059084194978,19729.29233119463,3114.51,59.03,3055.49,V1,,,
2023-07-28,NIFTY50,BUY_PE,19650,41.00221408111065,83.380597052767,19699.387825732905,0.19076947064785219,19699.387825732905,2730.34,56.53,2673.81,V1,,,
2023-08-02,NIFTY50,BUY_PE,19500,15.713261723288724,34.67251855702305,19671.27623866252,0.6054284432480933,19671.27623866252,1222.53,50.77,1171.75,V1,,,
2023-08-04,NIFTY50,BUY_PE,19500,36.98253471331191,73.78651474657227,19577.15598752506,0.253718510876107,19577.15598752506,2370.66,55.61,2315.05,V1,,,
2023-08-14,NIFTY50,BUY_PE,19400,23.042904476717013,49.8637666398632,19516.469133040056,0.5978960396039604,19516.469133040056,1729.14,52.44,1676.7,V1,,,
2023-08-16,NIFTY50,BUY_PE,19450,48.5376857825222,94.7663784485421,19484.487964560176,0.6316831683168317,19484.487964560176,2976.92,58.24,2918.68,V1,,,
2023-08-18,NIFTY50,BUY_PE,19300,26.487946170660507,57.914628433262436,19386.474927632986,0.6152525654486545,19386.474927632986,2026.28,53.23,1973.05,V1,,,
2023-08-22,NIFTY50,BUY_CE,19400,52.13804556639843,60.19466458955071,19372.38859732505,1.4574927485371219,19372.38859732505,501.78,59.06,442.71,V1,,,
2023-08-24,NIFTY50,BUY_PE,19400,59.94568668600732,63.87709869628098,19388.227392360834,0.6650306748466258,19388.227392360834,231.4,60.84,170.56,V1,,,
2023-08-25,NIFTY50,BUY_PE,19250,17.6974356482433,41.46266177052749,19365.38310510259,0.6653935343063702,19365.38310510259,1533.2,51.23,1481.98,V1,,,
2023-08-28,NIFTY50,BUY_PE,19300,34.74706365668044,52.246523675261386,19354.712540287488,0.5170111287758347,19354.712540287488,1120.5,55.1,1065.4,V1,,,
2023-08-31,NIFTY50,BUY_PE,19300,46.16351672611199,59.678659835198246,19310.253906952013,0.1946361355081556,19310.253906952013,857.85,57.7,800.14,V1,,,
2023-09-06,NIFTY50,BUY_CE,19600,9.838428679177923,25.919944142411197,19434.799581606025,1.1143790849673203,19434.799581606025,1038.33,49.44,988.89,V1,,,
2023-09-13,NIFTY50,BUY_CE,20050,11.418801567223454,29.637887451230732,19890.334976195507,3.4422432185309355,19890.334976195507,1176.23,49.8,1126.44,V1,,,
2023-09-15,NIFTY50,BUY_CE,20200,17.169873953446768,42.37765148601459,20070.604527763368,1.3068633952254642,20070.604527763368,1626.89,51.11,1575.79,V1,,,
2023-09-18,NIFTY50,BUY_CE,20150,41.48094011926514,54.02505136496849,20101.99256489269,1.5557029177718833,20101.99256489269,796.74,56.64,740.11,V1,,,
2023-09-20,NIFTY50,BUY_PE,19900,9.582925604539014,23.762159558948746,20084.326123240244,0.7943785278193757,20084.326123240244,915.15,49.38,865.77,V1,,,
2023-09-28,NIFTY50,BUY_PE,19500,17.936546396261747,39.19985106410137,19654.90583005881,0.2225623087013555,19654.90583005881,1370.97,51.28,1319.69,V1,,,
2023-09-29,NIFTY50,BUY_PE,19650,73.11618181442645,74.04004886847636,19640.159970387762,0.20513853904282117,19640.159970387762,31.36,63.83,-32.48,V1,,,
2023-10-03,NIFTY50,BUY_PE,19550,39.55907004619894,78.43260906433409,19618.15769805681,0.5992494303712639,19618.15769805681,2503.77,56.2,2447.57,V1,,,
2023-10-13,NIFTY50,BUY_CE,19750,64.52608959109057,81.31972204685647,19713.605961184443,1.5389033942558747,19713.605961184443,1063.15,61.88,1001.27,V1,,,
2023-10-17,NIFTY50,BUY_CE,19800,69.55035522386243,86.62179705333976,19775.384477248284,1.7179744296816244,19775.384477248284,1079.19,63.02,1016.17,V1,,,
2023-10-18,NIFTY50,BUY_PE,19650,32.09257102696483,55.83563418686569,19759.96472013609,0.801607662048914,19759.96472013609,1526.15,54.5,1471.65,V1,,,
2023-10-19,NIFTY50,BUY_PE,19600,24.77844300396646,52.63421946656008,19717.301339993664,0.32542113323124044,19717.301339993664,1795.53,52.84,1742.69,V1,,,
2023-11-01,NIFTY50,BUY_PE,19000,73.28500134386377,86.56065346509637,19019.009611960468,0.5265819324859915,19019.009611960468,831.75,63.87,767.88,V1,,,
2023-11-09,NIFTY50,BUY_CE,19400,77.58786620932369,88.33537738662277,19372.452627789786,1.625487646293888,19372.452627789786,666.23,64.85,601.38,V1,,,
2023-11-17,NIFTY50,BUY_CE,19750,58.40141710930038,101.21300040068962,19654.774664918536,2.931735934349429,19654.774664918536,2751.63,60.49,2691.14,V1,,,
2023-11-20,NIFTY50,BUY_CE,19700,84.01039493881763,95.77522936143754,19668.83229282004,3.2731798496109406,19668.83229282004,729.66,66.31,663.34,V1,,,
2023-11-21,NIFTY50,BUY_CE,19800,55.9723183271517,78.71668639495036,19723.63652737753,2.233544478105205,19723.63652737753,1452.12,59.93,1392.19,V1,,,
2023-11-22,NIFTY50,BUY_CE,19800,62.97686277421053,88.07995930839448,19753.563975888646,5.788262370540852,19753.563975888646,1602.25,61.53,1540.72,V1,,,
2023-11-23,NIFTY50,BUY_CE,19800,52.440112515010696,68.79606523725955,19764.894346075067,5.172612197928654,19764.894346075067,1039.5,59.13,980.37,V1,,,
2023-11-24,NIFTY50,BUY_CE,19800,54.792665028415286,62.35899969510238,19778.70714258323,1.7926119837114602,19778.70714258323,468.97,59.67,409.3,V1,,,
2023-11-30,NIFTY50,BUY_CE,20150,10.521579819403087,27.310028722995895,19978.291616074017,2.0585628363406143,19978.291616074017,1083.87,49.59,1034.28,V1,,,
2023-12-08,NIFTY50,BUY_CE,20950,36.2987454134709,72.95320648272585,20830.13159406877,1.683853673919899,20830.13159406877,2361.24,55.46,2305.78,V1,,,
2023-12-11,NIFTY50,BUY_CE,21000,42.45080060611144,83.56237656121758,20899.181362811072,1.7257962787764112,20899.181362811072,2647.68,56.86,2590.82,V1,,,
2023-12-13,NIFTY50,BUY_PE,20950,85.82154642880232,151.3080477581343,20927.04616880592,0.5747924013195314,20927.04616880592,4210.38,66.72,4143.66,V1,,,
2023-12-21,NIFTY50,BUY_PE,21250,59.315808301385914,103.18904090109382,21341.305819239868,0.9766041232337271,21341.305819239868,2820.07,60.69,2759.38,V1,,,
2024-01-01,NIFTY50,BUY_CE,21750,70.3801932541428,120.63583527980049,21661.469829984548,4.259136212624584,21661.469829984548,3229.37,63.21,3166.16,V1,,,
2024-01-09,NIFTY50,BUY_PE,21550,62.788392739244046,90.35041616710629,21619.64518010091,0.8034939908313716,21619.64518010091,1761.67,61.48,1700.19,V1,,,
2024-01-10,NIFTY50,BUY_PE,21600,79.65798647316842,136.59560472076936,21624.355613810105,0.8400259067357513,21624.355613810105,3658.78,65.32,3593.45,V1,,,
2024-01-11,NIFTY50,BUY_CE,21650,90.81740287310458,100.77900625374285,21626.562006839613,1.8811128015648773,21626.562006839613,610.14,67.86,542.28,V1,,,
2024-01-23,NIFTY50,BUY_PE,21250,24.712407663937938,44.984522898682656,21535.605103349677,0.727688190862437,21535.605103349677,1304.1,52.82,1251.27,V1,,,
2024-01-24,NIFTY50,BUY_PE,21450,105.71270651417035,165.02679181966494,21466.020743045072,0.6290984156017662,21466.020743045072,3802.62,71.25,3731.37,V1,,,
2024-02-05,NIFTY50,BUY_CE,21750,147.0732332044845,214.94851311855325,21753.15157025344,1.7384115319389486,21753.15157025344,4341.3,80.66,4260.64,V1,,,
2024-02-07,NIFTY50,BUY_CE,21950,104.07438852157247,158.76719649578462,21862.648820730326,1.583344109659899,21862.648820730326,3503.78,70.88,3432.9,V1,,,
2024-02-08,NIFTY50,BUY_PE,21700,69.41022033036734,109.17226598271296,21868.62397147865,0.7268667381207574,21868.62397147865,2549.71,62.99,2486.72,V1,,,
2024-02-09,NIFTY50,BUY_PE,21800,121.05134862764498,179.64427937625697,21832.649593841743,0.6366765764356126,21832.649593841743,3749.9,74.74,3675.17,V1,,,
2024-02-12,NIFTY50,BUY_PE,21600,54.7527550660825,88.55367198372257,21810.749590785912,0.563448599593178,21810.749590785912,2169.11,59.66,2109.46,V1,,,
2024-02-13,NIFTY50,BUY_PE,21750,119.92123047588757,179.5525386627914,21773.132017067077,0.6402916073968705,21773.132017067077,3817.64,74.48,3743.16,V1,,,
2024-02-15,NIFTY50,BUY_CE,21900,61.66570161528671,103.58657690940521,21747.917278887657,1.3797045600513809,21747.917278887657,2692.63,61.23,2631.4,V1,,,
2024-02-21,NIFTY50,BUY_CE,22050,111.36478300621275,179.92447779664212,22048.776268180016,1575080.4792442587,22048.776268180016,4399.58,72.54,4327.04,V1,,,
2024-02-22,NIFTY50,BUY_CE,22200,65.78856606791123,114.66086558186342,22098.71511468128,3.3360232626728634,22098.71511468128,3141.51,62.17,3079.34,V1,,,
2024-02-23,NIFTY50,BUY_CE,22200,78.64567507298852,134.7587876882828,22136.449117979144,3.3308106426454285,22136.449117979144,3605.74,65.09,3540.65,V1,,,
2024-02-28,NIFTY50,BUY_PE,21950,20.293164416112177,43.543923983871196,22136.608743745786,0.746210697732682,22136.608743745786,1498.85,51.82,1447.03,V1,,,
2024-02-29,NIFTY50,BUY_PE,22000,42.367284267669675,83.21903784253368,22093.914886860937,0.9354585427135679,22093.914886860937,2630.87,56.84,2574.04,V1,,,
2024-03-05,NIFTY50,BUY_CE,22350,52.47616111748448,97.35458939726803,22236.51655596037,3.6693506867231256,22236.51655596037,2887.88,59.14,2828.74,V1,,,
2024-03-06,NIFTY50,BUY_CE,22450,50.3450150356357,96.31188799078319,22347.18263517946,2.741533566059135,22347.18263517946,2959.25,58.65,2900.6,V1,,,
2024-03-07,NIFTY50,BUY_CE,22500,55.42765216022872,85.62889366585819,22411.155732335897,2.611578635020805,22411.155732335897,1935.57,59.81,1875.76,V1,,,
2024-03-11,NIFTY50,BUY_PE,22350,57.04858044719913,85.2400397486106,22408.247741358387,0.8164445123638056,22408.247741358387,1804.7,60.18,1744.52,V1,,,
2024-03-12,NIFTY50,BUY_PE,22350,59.852442163619344,112.16590618632425,22398.01788140105,0.6405660377358491,22398.01788140105,3366.83,60.82,3306.02,V1,,,
2024-03-13,NIFTY50,BUY_PE,22000,10.4010219207089,22.218337012130092,22327.783055334923,0.6409853249475891,22327.783055334923,761.76,49.57,712.2,V1,,,
2024-03-14,NIFTY50,BUY_PE,22150,52.38853287984148,94.22359217221324,22261.86130083467,0.5312309964381896,22261.86130083467,2690.69,59.12,2631.57,V1,,,
2024-03-15,NIFTY50,BUY_PE,22000,40.83996432562253,75.55646045557981,22150.44177244511,0.6306141951177134,22150.44177244511,2233.87,56.49,2177.38,V1,,,
2024-03-18,NIFTY50,BUY_PE,22050,72.74274798249462,125.63015767089026,22101.959091789606,0.5066657360228939,22101.959091789606,3399.0,63.75,3335.25,V1,,,
2024-03-19,NIFTY50,BUY_PE,21800,25.330089781022252,48.53941592307085,22033.638626205087,0.9371319709040526,22033.638626205087,1494.2,52.96,1441.24,V1,,,
2024-03-20,NIFTY50,BUY_PE,21850,47.213134524681664,85.07246817183618,21983.37381768281,0.5223482321547699,21983.37381768281,2435.06,57.94,2377.12,V1,,,
2024-03-26,NIFTY50,BUY_CE,22000,91.04096649053281,112.6346540142676,21957.345029629207,1.672555589399939,21957.345029629207,1363.87,67.91,1295.96,V1,,,
2024-03-27,NIFTY50,BUY_CE,22100,73.82137311416409,125.67371946043806,22013.383773300597,1.6300639658848615,22013.383773300597,3331.5,63.99,3267.51,V1,,,
2024-03-28,NIFTY50,BUY_CE,22350,28.906280596687793,55.32799951718115,22114.203027497053,4.735595390524968,22114.203027497053,1700.99,53.78,1647.21,V1,,,
2024-04-03,NIFTY50,BUY_CE,22450,50.0399586116946,93.99586769114032,22332.39921099414,4.450409006333787,22332.39921099414,2829.05,58.58,2770.46,V1,,,
2024-04-04,NIFTY50,BUY_CE,22500,66.4646418820139,120.00465586456843,22425.476512027868,4.385469455383874,22425.476512027868,3443.74,62.32,3381.42,V1,,,
2024-04-05,NIFTY50,BUY_CE,22500,82.64852865499415,105.58648168136817,22464.011065934297,1.2461888592811463,22464.011065934297,1454.26,66.0,1388.26,V1,,,
2024-04-08,NIFTY50,BUY_CE,22650,39.28130318154308,75.7558002822586,22490.068173571908,1.0024524363991767,22490.068173571908,2348.41,56.14,2292.27,V1,,,
2024-04-18,NIFTY50,BUY_PE,22000,5.9405676268183925,13.85740551839347,22348.821342442974,0.6286107290233838,22348.821342442974,510.73,48.55,462.18,V1,,,
2024-04-19,NIFTY50,BUY_PE,22150,56.27816529510619,102.78589451657923,22229.547482967453,0.5079514363885089,22229.547482967453,2991.98,60.0,2931.98,V1,,,
2024-05-06,NIFTY50,BUY_PE,22450,40.002573110336016,76.7312942122507,22582.31771427547,0.653066643065758,22582.31771427547,2364.6,56.3,2308.3,V1,,,
2024-05-07,NIFTY50,BUY_PE,22300,17.768576385908545,37.04432922482293,22544.633978898433,0.6586628581629921,22544.633978898433,1242.24,51.24,1190.99,V1,,,
2024-05-09,NIFTY50,BUY_PE,21950,5.887157044303876,12.9952268211601,22356.674867359412,0.6848134822950199,22356.674867359412,458.34,48.54,409.8,V1,,,
2024-05-13,NIFTY50,BUY_PE,22100,74.99993596865897,128.22742701321397,22152.358567160758,0.572150832104487,22152.358567160758,3420.16,64.26,3355.9,V1,,,
2024-05-14,NIFTY50,BUY_CE,22200,69.91716359004204,121.98292003803655,22117.193471448893,1.3056747734859322,22117.193471448893,3346.85,63.11,3283.75,V1,,,
2024-05-15,NIFTY50,BUY_CE,22200,57.19067451272531,104.51473357985124,22099.53374208664,3.174162390582554,22099.53374208664,3044.53,60.21,2984.32,V1,,,
2024-05-16,NIFTY50,BUY_CE,22400,23.66974396548585,47.5034692161973,22160.588756363642,1.3746448863636365,22160.588756363642,1535.31,52.58,1482.73,V1,,,
2024-05-21,NIFTY50,BUY_CE,22550,31.677490437017696,64.02393698802715,22378.638270768162,2.799252902437191,22378.638270768162,2083.86,54.41,2029.45,V1,,,
2024-05-22,NIFTY50,BUY_CE,22600,37.44049744469976,74.06027471129369,22449.310373268952,3.189645264929619,22449.310373268952,2358.54,55.72,2302.83,V1,,,
2024-05-23,NIFTY50,BUY_CE,22950,12.98970038386824,27.108085987382363,22603.19825337169,18.155242471382028,22603.19825337169,909.88,50.16,859.72,V1,,,
2024-05-28,NIFTY50,BUY_CE,22900,76.11240977289162,135.2537273189104,22844.959122080156,4.883076923076923,22844.959122080156,3802.97,64.52,3738.45,V1,,,
2024-05-31,NIFTY50,BUY_PE,22550,42.929024613017646,80.17368665832271,22688.860869308457,0.23358901177310026,22688.860869308457,2396.9,56.97,2339.93,V1,,,
2024-06-04,NIFTY50,BUY_PE,21900,48.03306868739219,67.59166695880253,22546.748307594924,4.99325910021471e-07,22546.748307594924,1248.76,58.13,1190.63,V1,,,
2024-06-21,NIFTY50,BUY_PE,23500,272.3659517018914,281.00114457394005,23519.228813509893,0.19406750173973555,23519.228813509893,453.38,109.16,344.22,V1,,,
2024-07-01,NIFTY50,BUY_CE,24150,197.8283650751,254.26780193683635,23928.820317401412,3.778184892897407,23928.820317401412,3580.4,92.21,3488.2,V1,,,
2024-07-02,NIFTY50,BUY_CE,24100,231.1596771243021,297.04584481391316,24005.220374261167,3.7205244911013438,24005.220374261167,4179.6,99.79,4079.81,V1,,,
2024-07-11,NIFTY50,BUY_PE,24300,55.80635185007668,56.789455003119414,24318.24550769739,0.6778216843665102,24318.24550769739,41.95,59.9,-17.95,V1,,,
2024-07-19,NIFTY50,BUY_PE,24550,49.10317886032681,76.40215385035046,24606.465343981115,0.7560893854748604,24606.465343981115,1749.96,58.37,1691.59,V1,,,
2024-07-22,NIFTY50,BUY_PE,24500,31.323596155576524,70.21658627770071,24609.369124935205,0.7257614757614758,24609.369124935205,2508.24,54.33,2453.92,V1,,,
2024-07-23,NIFTY50,BUY_PE,24500,48.63720817206013,101.77255381028564,24556.336961940375,0.724045474045474,24556.336961940375,3424.47,58.26,3366.2,V1,,,
2024-07-24,NIFTY50,BUY_PE,24400,28.723618818548857,65.34876555085415,24516.561528258047,0.6348504795937558,24516.561528258047,2362.29,53.73,2308.56,V1,,,
2024-07-25,NIFTY50,BUY_PE,24400,49.66027444100655,105.28210388453326,24443.783746689576,0.5886815486571328,24443.783746689576,3585.21,58.5,3526.71,V1,,,
2024-08-08,NIFTY50,BUY_PE,24100,74.77097549003884,119.48711217907133,24273.812794565347,0.20157400355420158,24273.812794565347,2868.67,64.21,2804.46,V1,,,
2024-08-13,NIFTY50,BUY_PE,24150,97.39824455294001,150.36103121952885,24268.935446904175,0.7119027761229596,24268.935446904175,3394.27,69.36,3324.91,V1,,,
2024-08-14,NIFTY50,BUY_PE,24150,108.05225002429506,145.9045050541721,24240.417385238416,0.779313942872049,24240.417385238416,2410.88,71.78,2339.09,V1,,,
2024-08-23,NIFTY50,BUY_CE,24800,133.10696906002522,177.4744954774386,24722.515024440454,1.6533735718904936,24722.515024440454,2823.33,77.48,2745.84,V1,,,
2024-09-04,NIFTY50,BUY_PE,25200,87.84267736976653,93.45589981840885,25210.92619925834,0.5352716429037369,25210.92619925834,329.51,67.18,262.32,V1,,,
2024-09-05,NIFTY50,BUY_PE,25150,53.47694691776451,82.26070125883713,25228.93376907022,0.5663964215823316,25228.93376907022,1844.48,59.37,1785.11,V1,,,
2024-09-06,NIFTY50,BUY_PE,24850,11.926040056360762,27.088178491244463,25152.525823381875,0.1959391646722767,25152.525823381875,977.93,49.91,928.02,V1,,,
2024-10-09,NIFTY50,BUY_PE,25000,105.04345657763588,147.8395999359288,25092.270705299496,0.4951390073341293,25092.270705299496,2732.44,71.1,2661.34,V1,,,
2024-10-10,NIFTY50,BUY_PE,25000,138.9609046029891,144.7293727817385,25010.68107664383,0.22772006560962274,25010.68107664383,319.63,78.81,240.82,V1,,,
2024-10-11,NIFTY50,BUY_PE,24950,117.00171645205046,118.75600026601441,24968.066967120194,0.25607131878266215,24968.066967120194,68.06,73.82,-5.76,V1,,,
2024-10-16,NIFTY50,BUY_PE,24950,89.904084823429,115.83217511456108,25039.925491123933,0.20241247425713446,25039.925491123933,1645.21,67.65,1577.55,V1,,,
2024-10-17,NIFTY50,BUY_PE,24750,45.32603258736344,79.00731276657683,24995.854247204657,0.21592216759075217,24995.854247204657,2165.04,57.51,2107.53,V1,,,
2024-10-18,NIFTY50,BUY_PE,24850,90.96704363736899,146.8830801385464,24946.69347972883,0.21788240261796685,24946.69347972883,3588.16,67.9,3520.27,V1,,,
2024-10-21,NIFTY50,BUY_PE,24800,77.70359041624943,131.6413230284416,24896.00902837942,0.6749457111834962,24896.00902837942,3465.13,64.88,3400.25,V1,,,
2024-10-22,NIFTY50,BUY_PE,24450,20.337529282724972,39.350635526094266,24792.846795665642,0.29720065386187167,24792.846795665642,1224.21,51.83,1172.39,V1,,,
2024-10-25,NIFTY50,BUY_PE,24200,23.509888035115637,46.04447078092138,24482.63661674073,0.7795990246545652,24482.63661674073,1451.18,52.55,1398.64,V1,,,
2024-10-28,NIFTY50,BUY_PE,24350,94.95392321841246,156.66108338582666,24395.59685637803,0.25621173928700036,24395.59685637803,3961.9,68.8,3893.1,V1,,,
2024-10-30,NIFTY50,BUY_CE,24350,116.92523661116502,189.4494321048796,24332.73659573991,1.519090446292211,24332.73659573991,4654.33,73.8,4580.53,V1,,,
2024-10-31,NIFTY50,BUY_PE,24200,48.38167658416296,79.79305993797999,24307.13670224166,0.6982275586049171,24307.13670224166,2016.75,58.21,1958.54,V1,,,
2024-11-01,NIFTY50,BUY_PE,24300,75.235570966468,86.37112668118165,24330.493219275275,0.6462743437764606,24330.493219275275,692.3,64.32,627.98,V1,,,
2024-11-11,NIFTY50,BUY_PE,24150,70.7759951243388,123.69072145872477,24233.589908137346,0.7067519858781994,24233.589908137346,3401.54,63.3,3338.23,V1,,,
2024-11-19,NIFTY50,BUY_PE,23500,54.139629932946264,95.31408864570085,23648.4558053521,0.25282041797669685,23648.4558053521,2647.2,59.52,2587.68,V1,,,
2024-11-21,NIFTY50,BUY_PE,23350,44.71427787839821,81.39185388427977,23517.25747375924,7.252157516861267e-07,23517.25747375924,2359.45,57.37,2302.08,V1,,,
2024-11-28,NIFTY50,BUY_PE,23900,71.77655170509206,113.15384734492216,24108.156918481243,0.49514272903900763,24108.156918481243,2653.46,63.53,2589.93,V1,,,
2024-11-29,NIFTY50,BUY_PE,24150,143.52090869421045,209.9418164415365,24176.76812680168,0.5158025844620894,24176.76812680168,4248.43,79.85,4168.58,V1,,,
2024-12-05,NIFTY50,BUY_CE,24700,51.49457479519515,84.47974686558715,24381.381572671617,1.1781166923184554,24381.381572671617,2117.52,58.92,2058.61,V1,,,
2024-12-09,NIFTY50,BUY_CE,24600,131.2397212232936,199.51171319990823,24549.78482521767,1.6032712719679834,24549.78482521767,4373.18,77.06,4296.13,V1,,,
2024-12-12,NIFTY50,BUY_PE,24550,103.13073352979154,133.83689048900192,24625.546742908406,0.745854851861919,24625.546742908406,1949.69,70.66,1879.03,V1,,,
2024-12-17,NIFTY50,BUY_PE,24350,56.71174583020729,94.54606335047816,24571.504014528517,0.6959563453197146,24571.504014528517,2429.74,60.1,2369.63,V1,,,
2024-12-20,NIFTY50,BUY_PE,23600,7.816945673344435,15.727569086571709,24116.33500642124,0.8450130851991858,24116.33500642124,509.6,48.98,460.62,V1,,,
2024-12-24,NIFTY50,BUY_PE,23750,68.70375744315243,115.86665918099999,23874.235775229132,0.48881111464630395,23874.235775229132,3029.6,62.83,2966.77,V1,,,
2024-12-26,NIFTY50,BUY_PE,23750,101.05629129390945,117.14498468859433,23787.28969552556,0.5386233493046628,23787.28969552556,1003.22,70.19,933.03,V1,,,
2024-12-30,NIFTY50,BUY_PE,23650,60.12538043650966,106.83256960983203,23759.586441561638,0.4593409347199599,23759.586441561638,3003.41,60.88,2942.53,V1,,,
2024-12-31,NIFTY50,BUY_PE,23650,67.08817493027709,118.56508174934041,23731.46630909814,0.5089546022490629,23731.46630909814,3309.8,62.46,3247.33,V1,,,
2025-01-06,NIFTY50,BUY_PE,23600,36.70944744796634,64.73562280452742,23871.249935902688,0.9328115770821028,23871.249935902688,1801.92,55.55,1746.37,V1,,,
2025-01-09,NIFTY50,BUY_PE,23550,52.12584225599949,88.33606453253513,23758.83967442196,0.6366713352007469,23758.83967442196,2326.27,59.06,2267.22,V1,,,
2025-01-10,NIFTY50,BUY_PE,23450,59.44800096554263,99.34263789146661,23629.883133881835,0.23294849023090586,23629.883133881835,2562.19,60.72,2501.46,V1,,,
2025-01-15,NIFTY50,BUY_PE,23200,77.56317961501645,126.36272549839751,23312.42881039999,0.2795795526008445,23312.42881039999,3132.2,64.85,3067.36,V1,,,
2025-01-17,NIFTY50,BUY_PE,23200,114.10507824707747,120.77567131922531,23217.69961251168,0.281654448366368,23217.69961251168,387.79,73.16,314.63,V1,,,
2025-01-21,NIFTY50,BUY_PE,23000,38.046454518252176,67.45824983133102,23238.151399590028,0.7655879045357991,23238.151399590028,1891.19,55.86,1835.34,V1,,,
2025-01-22,NIFTY50,BUY_PE,23150,92.9645948224661,148.87956995336668,23215.650772543933,0.2708408192597916,23215.650772543933,3587.31,68.35,3518.96,V1,,,
2025-01-28,NIFTY50,BUY_PE,22950,80.69500882959255,129.752276816968,23059.48565705129,0.66091540857896,23059.48565705129,3147.69,65.56,3082.13,V1,,,
2025-02-03,NIFTY50,BUY_CE,23350,106.13157235925428,124.46059918778923,23323.026943964185,1.3891740550629958,23323.026943964185,1146.42,71.34,1075.08,V1,,,
2025-02-04,NIFTY50,BUY_CE,23750,28.447607414364484,52.04818505986964,23425.064316084317,4.351601423487544,23425.064316084317,1518.34,53.67,1464.67,V1,,,
2025-02-06,NIFTY50,BUY_CE,23600,112.81565239378688,178.9663456416718,23559.863458007778,1.8454379562043797,23559.863458007778,4242.9,72.87,4170.03,V1,,,
2025-02-07,NIFTY50,BUY_PE,23550,95.60049367619104,102.3939688021385,23575.22444141139,0.8261988304093567,23575.22444141139,402.97,68.95,334.02,V1,,,
2025-02-10,NIFTY50,BUY_PE,23400,38.410704410164726,70.31687916511547,23605.997353509345,0.7498142447723172,23605.997353509345,2052.7,55.94,1996.76,V1,,,
2025-02-13,NIFTY50,BUY_PE,23050,41.52857035231318,73.74088858478709,23260.71616985709,6.863417982155113e-07,23260.71616985709,2071.32,56.65,2014.68,V1,,,
2025-02-14,NIFTY50,BUY_PE,22950,51.997896534216125,90.4898876816529,23112.920866292923,7.063643427279791e-07,23112.920866292923,2474.19,59.03,2415.16,V1,,,
2025-02-17,NIFTY50,BUY_PE,22950,74.37284500942405,127.10677769224824,23019.2885830785,7.679901697258275e-07,23019.2885830785,3388.42,64.12,3324.3,V1,,,
2025-02-18,NIFTY50,BUY_PE,22950,91.92461971177909,153.54434616792457,22972.273249035232,0.19421294128663733,22972.273249035232,3957.42,68.11,3889.3,V1,,,
2025-02-19,NIFTY50,BUY_PE,22950,97.45776768493124,161.64122034144805,22959.27673768775,0.20524492825333993,22959.27673768775,4121.4,69.37,4052.03,V1,,,
2025-02-28,NIFTY50,BUY_PE,22100,6.196078107560652,13.895587014928353,22483.17581131426,0.6580463620527938,22483.17581131426,496.55,48.61,447.94,V1,,,
2025-03-10,NIFTY50,BUY_CE,22450,73.86111789442475,128.89752330331947,22379.156737073718,4.324008498583569,22379.156737073718,3537.83,64.0,3473.83,V1,,,
2025-03-11,NIFTY50,BUY_CE,22500,79.95310812713069,102.90076363027413,22445.044712972172,4.154814562776455,22445.044712972172,1455.94,65.39,1390.55,V1,,,
2025-03-26,NIFTY50,BUY_CE,23500,100.27247963301306,162.22988050932796,23439.38383798737,4.407451212300414,23439.38383798737,3976.04,70.01,3906.03,V1,,,
2025-03-27,NIFTY50,BUY_CE,23600,91.41674283787142,122.19472412272512,23517.420670033673,1.8913748378728923,23517.420670033673,1958.91,68.0,1890.92,V1,,,
2025-04-01,NIFTY50,BUY_PE,23150,11.503529614130002,23.529361565656835,23534.192224205442,0.9013374260030695,23534.192224205442,774.85,49.82,725.03,V1,,,
2025-04-25,NIFTY50,BUY_PE,24050,153.57274568304638,211.22775946495844,24170.196100738536,0.7503087182020252,24170.196100738536,3676.44,82.14,3594.3,V1,,,
2025-05-12,NIFTY50,BUY_CE,24900,35.87557497594207,57.29198886021963,24371.94783491592,1.3409918744746427,24371.94783491592,1373.9,55.36,1318.54,V1,,,
2025-05-14,NIFTY50,BUY_CE,24650,130.5253641054751,187.55445262191546,24494.008181190962,1.239693192713327,24494.008181190962,3644.87,76.89,3567.97,V1,,,
2025-05-15,NIFTY50,BUY_CE,25050,52.99809826669116,82.96350186077999,24637.166706357253,1.258149568552253,24637.166706357253,1921.24,59.26,1861.98,V1,,,
2025-05-19,NIFTY50,BUY_CE,24950,142.10303579351057,205.61148700029884,24846.528661932258,1.4198901484165012,24846.528661932258,4060.24,79.53,3980.72,V1,,,
2025-05-20,NIFTY50,BUY_PE,24700,109.01316107709135,160.65920149501807,24865.894713799535,0.7617461746174617,24865.894713799535,3304.41,72.0,3232.41,V1,,,
2025-05-21,NIFTY50,BUY_PE,24800,137.0847416892393,197.57773828334598,24894.483062197665,0.7674102285092492,24894.483062197665,3866.79,78.39,3788.4,V1,,,
2025-05-27,NIFTY50,BUY_CE,24850,171.85589294662714,243.2606512781575,24808.698533151684,1.1074440777411074,24808.698533151684,4560.36,86.3,4474.06,V1,,,
2025-05-28,NIFTY50,BUY_PE,24750,155.70724092683122,176.81441122359413,24800.192135028432,0.9752421959095802,24800.192135028432,1307.12,82.62,1224.5,V1,,,
2025-05-29,NIFTY50,BUY_PE,24850,185.90645349204533,259.7403513257068,24837.67030643242,0.3553365563406471,24837.67030643242,4712.3,89.49,4622.81,V1,,,
2025-05-30,NIFTY50,BUY_PE,24750,146.58391667764772,177.26239605547812,24823.225857852176,0.7591934550863565,24823.225857852176,1930.95,80.55,1850.4,V1,,,
2025-06-02,NIFTY50,BUY_PE,24700,140.34826396350763,201.59276702044957,24786.249035103843,0.31405038759689924,24786.249035103843,3914.21,79.13,3835.08,V1,,,
2025-06-03,NIFTY50,BUY_PE,24550,99.63451490848365,147.45971468588098,24748.63618240898,0.3180717054263566,24748.63618240898,3060.45,69.87,2990.59,V1,,,
2025-06-04,NIFTY50,BUY_PE,24600,128.96691392274442,186.31407012801964,24717.415186552065,0.3477961432506887,24717.415186552065,3666.09,76.54,3589.55,V1,,,
2025-06-16,NIFTY50,BUY_PE,24950,104.8491944585985,176.68110357564137,24949.177039432958,0.6776344556187145,24949.177039432958,4614.18,71.05,4543.12,V1,,,
2025-06-20,NIFTY50,BUY_CE,25100,36.33348463275888,72.4052419688186,24904.68289910913,1.667504835589942,24904.68289910913,2323.46,55.47,2267.99,V1,,,
2025-06-23,NIFTY50,BUY_CE,24950,93.5441517569725,118.93604474615262,24918.273997549335,2.1626692456479693,24918.273997549335,1609.04,68.48,1540.56,V1,,,
2025-06-24,NIFTY50,BUY_CE,25050,71.46600345859042,131.8593295018026,24974.06362567205,2.05183752417795,24974.06362567205,3885.92,63.46,3822.46,V1,,,
2025-06-30,NIFTY50,BUY_CE,25500,76.09432666882094,135.08211200134815,25403.75771678399,3.336294980008885,25403.75771678399,3793.03,64.51,3728.52,V1,,,
2025-07-01,NIFTY50,BUY_CE,25550,88.63420860032966,108.94764988923559,25495.893483456573,1.738075429839157,25495.893483456573,1281.85,67.36,1214.48,V1,,,
2025-07-04,NIFTY50,BUY_PE,25450,76.89679555090697,139.48691348749907,25494.62034778682,0.4969600845889506,25494.62034778682,4026.16,64.69,3961.47,V1,,,
2025-07-07,NIFTY50,BUY_PE,25450,84.3571872159755,90.531578162211,25475.403468953606,0.17049960348929422,25475.403468953606,367.23,66.39,300.84,V1,,,
2025-07-15,NIFTY50,BUY_PE,25200,59.301667900896064,115.28855866380628,25262.78172109688,0.21731047304275977,25262.78172109688,3605.1,60.69,3544.41,V1,,,
2025-07-17,NIFTY50,BUY_PE,25100,61.43089977451564,79.34672870737352,25159.036590351603,0.644767521601975,25159.036590351603,1137.08,61.18,1075.9,V1,,,
2025-07-18,NIFTY50,BUY_PE,24950,22.441314365105427,51.70312545563472,25114.525400516806,0.6243857085934387,25114.525400516806,1887.56,52.31,1835.25,V1,,,
2025-07-21,NIFTY50,BUY_PE,25100,74.88536244526222,145.51944870782808,25101.794029347915,0.5733626051957555,25101.794029347915,4548.24,64.24,4484.0,V1,,,
2025-07-24,NIFTY50,BUY_PE,25050,51.64768701116736,59.98099113852814,25083.049041431157,0.5523417297193756,25083.049041431157,519.9,58.95,460.95,V1,,,
2025-07-25,NIFTY50,BUY_PE,24850,9.057593706970692,24.708095450149905,25063.840984974966,0.5061435843426365,25063.840984974966,1010.7,49.26,961.44,V1,,,
2025-07-30,NIFTY50,BUY_PE,24850,57.6961872549291,67.25220877052722,24878.183857904092,0.6328365001706678,24878.183857904092,596.78,60.33,536.45,V1,,,
2025-07-31,NIFTY50,BUY_PE,24750,49.1035258491338,103.98409234766737,24800.526596471405,0.25356252226576415,24800.526596471405,3537.38,58.37,3479.01,V1,,,
2025-08-01,NIFTY50,BUY_PE,24550,14.151084106435974,34.7980333460113,24751.42151290108,0.8047442928197934,24751.42151290108,1332.51,50.42,1282.09,V1,,,
2025-08-04,NIFTY50,BUY_PE,24700,61.190316010784954,120.7857781346961,24738.848952966997,0.8201195736937874,24738.848952966997,3838.22,61.12,3777.1,V1,,,
2025-08-06,NIFTY50,BUY_PE,24550,31.26813954098634,56.95025520210055,24677.14904896353,0.7977868528520616,24677.14904896353,1652.13,54.31,1597.82,V1,,,
2025-08-11,NIFTY50,BUY_CE,24600,68.89529833724555,89.76700350445562,24534.4765181408,1.1095630145661812,24534.4765181408,1325.72,62.87,1262.85,V1,,,
2025-08-13,NIFTY50,BUY_CE,24600,64.27311152374023,102.98239597068823,24520.15956046409,1.107267329288757,24520.15956046409,2483.49,61.82,2421.67,V1,,,
2025-08-14,NIFTY50,BUY_CE,24650,53.5713747228001,84.42822119685934,24541.644533117444,1.990174672489083,24541.644533117444,1978.79,59.39,1919.4,V1,,,
2025-08-25,NIFTY50,BUY_PE,24950,68.8428220657006,80.452305704136,24996.818305160774,0.6744186046511628,24996.818305160774,725.5,62.86,662.64,V1,,,
2025-09-01,NIFTY50,BUY_PE,24650,87.10654331701517,151.76242771581087,24677.90670587386,0.13206845238095238,24677.90670587386,4156.05,67.02,4089.04,V1,,,
2025-09-02,NIFTY50,BUY_PE,24600,78.53395186325179,102.93696282694275,24637.849430872957,0.3153429345501212,24637.849430872957,1550.81,65.07,1485.74,V1,,,
2025-09-15,NIFTY50,BUY_CE,25050,70.57402073014782,101.2824934377735,24998.29578175357,1.480865952328887,24998.29578175357,1962.54,63.26,1899.28,V1,,,
2025-09-16,NIFTY50,BUY_CE,25250,25.924508583614625,58.304571080319725,25067.86188052506,1.5767171129220023,25067.86188052506,2088.28,53.1,2035.18,V1,,,
2025-09-19,NIFTY50,BUY_CE,25350,65.09939030194437,81.21808017180423,25288.12725686712,1.6055506993006994,25288.12725686712,1019.18,62.01,957.17,V1,,,
2025-09-22,NIFTY50,BUY_PE,25200,36.61393586221493,79.63754537721809,25303.9200703811,0.6073985680190931,25303.9200703811,2773.87,55.53,2718.34,V1,,,
2025-09-23,NIFTY50,BUY_PE,25150,25.50470303201837,58.428683217125034,25295.65724421548,0.5611288722301842,25295.65724421548,2123.69,53.0,2070.69,V1,,,
2025-09-25,NIFTY50,BUY_PE,24900,5.176062681375015,14.961377937034266,25161.099507999133,6.893223960846488e-07,25161.099507999133,632.12,48.38,583.74,V1,,,
2025-09-30,NIFTY50,BUY_PE,24600,10.185337493288444,27.395388722125425,24800.587868595856,6.361323155216285e-07,24800.587868595856,1111.33,49.52,1061.81,V1,,,
2025-10-08,NIFTY50,BUY_CE,25050,47.13918299091347,99.22109361850934,24956.330552890115,4.0646864686468644,24956.330552890115,3356.78,57.92,3298.86,V1,,,
2025-10-09,NIFTY50,BUY_CE,25200,27.13698018832929,61.42296124931135,25032.02212823727,5.416007036059806,25032.02212823727,2211.32,53.37,2157.95,V1,,,
2025-10-10,NIFTY50,BUY_CE,25300,26.354625214438784,59.569044300949194,25123.755529128954,5.316622691292876,25123.755529128954,2142.18,53.2,2088.99,V1,,,
2025-10-13,NIFTY50,BUY_CE,25250,51.387775031158526,74.7674155921061,25163.038341608226,4.731750219876869,25163.038341608226,1495.08,58.89,1436.19,V1,,,
2025-10-15,NIFTY50,BUY_CE,25300,51.70368722429521,106.37477164595987,25210.743112442287,1.4504331087584215,25210.743112442287,3522.8,58.96,3463.83,V1,,,
2025-10-16,NIFTY50,BUY_CE,25600,13.058244059263416,30.75703825948437,25309.453636896404,3.5720643615200274,25309.453636896404,1141.88,50.17,1091.71,V1,,,
2025-10-30,NIFTY50,BUY_PE,25900,60.14100384467747,81.74766802185691,25930.33968997838,0.5212228622064687,25930.33968997838,1376.76,60.88,1315.88,V1,,,
2025-10-31,NIFTY50,BUY_PE,25700,12.698913934168104,32.00435385555447,25921.860835661086,0.6274133333333334,25921.860835661086,1246.14,50.09,1196.05,V1,,,
2025-11-04,NIFTY50,BUY_PE,25600,10.690580027631768,27.05442964789575,25847.962068271485,0.3497467071935157,25847.962068271485,1056.29,49.63,1006.66,V1,,,
2025-11-06,NIFTY50,BUY_PE,25500,15.024630405321204,36.279122198776136,25717.935381678413,0.3848812576652916,25717.935381678413,1371.54,50.62,1320.92,V1,,,
2025-11-07,NIFTY50,BUY_PE,25500,33.83517399800712,74.24522541348617,25619.260491432273,0.018363808322824717,25619.260491432273,2605.58,54.9,2550.68,V1,,,
2025-11-14,NIFTY50,BUY_CE,25900,42.40544396205405,80.78231017118448,25790.56339116421,3.0101246105919004,25790.56339116421,2470.47,56.85,2413.63,V1,,,
2025-11-17,NIFTY50,BUY_CE,26000,25.647920720104594,62.04979204146933,25849.44249805145,3.5638629283489096,25849.44249805145,2349.02,53.03,2295.99,V1,,,
2025-11-18,NIFTY50,BUY_CE,25900,83.06089332404554,87.41113226808949,25901.916567332028,3.6630321910695742,25901.916567332028,249.52,66.1,183.43,V1,,,
2025-11-19,NIFTY50,BUY_CE,26050,31.59359864853741,67.32872985049526,25922.34776515152,1.6736319903788335,25922.34776515152,2303.49,54.39,2249.11,V1,,,
2025-11-21,NIFTY50,BUY_CE,26050,77.53631098544065,95.77486185271601,26031.042609415854,4.611428571428571,26031.042609415854,1151.71,64.84,1086.87,V1,,,
2025-11-25,NIFTY50,BUY_PE,25900,25.174858176408634,60.29712389238141,26031.053651898306,0.5003570335611548,26031.053651898306,2266.28,52.93,2213.35,V1,,,
2025-12-02,NIFTY50,BUY_PE,26050,38.15062135542394,73.03619776892646,26153.564453245704,0.3001853669174572,26153.564453245704,2245.88,55.88,2190.0,V1,,,
2025-12-03,NIFTY50,BUY_PE,26000,27.66965544577397,64.48453044077273,26130.027314303523,0.3020627605881062,26130.027314303523,2375.0,53.49,2321.5,V1,,,
2025-12-04,NIFTY50,BUY_PE,26050,54.47177917008776,76.12219361332664,26088.97284721637,8.495454931611588e-07,26088.97284721637,1381.81,59.59,1322.22,V1,,,
2025-12-08,NIFTY50,BUY_PE,25950,46.19950169528602,71.0442324673764,26038.11597938145,0.6773798175132779,26038.11597938145,1592.04,57.71,1534.33,V1,,,
2025-12-09,NIFTY50,BUY_PE,25850,31.679843663348947,69.18879447493319,25991.57134137374,0.5912981455064193,25991.57134137374,2418.41,54.41,2364.01,V1,,,
2025-12-10,NIFTY50,BUY_PE,25750,15.290982940116464,37.093696850556796,25965.248091397858,0.5767625231910947,25965.248091397858,1406.96,50.68,1356.28,V1,,,
2025-12-11,NIFTY50,BUY_PE,25900,66.36954266757857,130.80836765462863,25932.96703968255,0.6181953765846383,25932.96703968255,4150.07,62.3,4087.77,V1,,,
2025-12-19,NIFTY50,BUY_CE,25950,71.75730048747391,99.87836440608632,25902.62487834551,1.2645997026969633,25902.62487834551,1794.4,63.52,1730.88,V1,,,
2025-12-30,NIFTY50,BUY_PE,25950,37.62108285202248,83.97733220251565,26041.859990385714,0.32357078910346593,26041.859990385714,2989.44,55.76,2933.69,V1,,,
2026-01-06,NIFTY50,BUY_PE,26200,70.75181333531873,80.71455599888066,26199.89622925233,0.5199345561009214,26199.89622925233,618.04,63.3,554.75,V1,,,
2026-01-07,NIFTY50,BUY_PE,26150,47.4902114907909,69.55487015126418,26201.37397591016,0.5262332229388182,26201.37397591016,1411.38,58.0,1353.37,V1,,,
2026-01-08,NIFTY50,BUY_PE,25900,9.027612399473583,23.335794067586427,26167.152992554416,0.24064351103931073,26167.152992554416,923.72,49.25,874.47,V1,,,
2026-01-13,NIFTY50,BUY_PE,25750,36.72871498616587,79.95189297422627,25859.737607309304,0.19721129781909189,25859.737607309304,2786.75,55.56,2731.2,V1,,,
2026-01-14,NIFTY50,BUY_PE,25650,32.708568157434456,73.3425772047226,25764.86874691029,0.20354243542435424,25764.86874691029,2620.53,54.64,2565.89,V1,,,
2026-01-16,NIFTY50,BUY_PE,25700,63.65833940699122,76.47777425601839,25724.587611656996,0.6578481510621558,25724.587611656996,805.94,61.68,744.25,V1,,,
2026-01-19,NIFTY50,BUY_PE,25600,42.257216021153,90.70313197831678,25685.562456466017,0.5960081974516618,25685.562456466017,3123.06,56.81,3066.24,V1,,,
2026-01-20,NIFTY50,BUY_PE,25250,5.062346982242161,12.986329748128508,25612.417813815304,0.5498109485451258,25612.417813815304,511.54,48.35,463.19,V1,,,
2026-01-22,NIFTY50,BUY_PE,25300,37.50323958248464,79.22368733389746,25418.90178661995,0.6128681327220452,25418.90178661995,2689.07,55.73,2633.34,V1,,,
2026-01-23,NIFTY50,BUY_PE,25050,14.618477591552164,33.70739267203259,25301.25362723914,0.2230869001297017,25301.25362723914,1231.36,50.53,1180.83,V1,,,
2026-01-27,NIFTY50,BUY_PE,25200,89.90951911340198,162.10995217325762,25198.946713533536,0.2282483267943688,25198.946713533536,4643.88,67.65,4576.23,V1,,,
2026-01-29,NIFTY50,BUY_CE,25400,46.166090009064646,90.128306756256,25243.848044272112,1.8052936498920822,25243.848044272112,2830.97,57.7,2773.26,V1,,,
2026-01-30,NIFTY50,BUY_CE,25300,77.46773418768316,110.30720822315374,25244.979790663234,2.0174940361240488,25244.979790663234,2097.95,64.82,2033.13,V1,,,
2026-02-09,NIFTY50,BUY_CE,25850,129.8226392124816,171.74421780151374,25771.878511510866,1.2786668025685455,25771.878511510866,2666.1,76.73,2589.36,V1,,,
2026-02-12,NIFTY50,BUY_PE,25800,135.1214963232087,149.62979307561153,25839.885833418957,0.8084283781171467,25839.885833418957,887.51,77.94,809.57,V1,,,
2020-11-19,NIFTY50,BUY_PE,12750,48.98,65.44,12818.36,0.773,12818.36,1047.61,58.34,989.27,V2,0.656,True,1.0
2020-12-22,NIFTY50,BUY_PE,13450,74.82,143.92,13475.78,0.423,13475.78,4448.41,64.22,4384.19,V2,0.668,True,1.0
2021-01-22,NIFTY50,BUY_PE,14350,27.12,53.33,14484.19,0.465,14484.19,1687.55,53.37,1634.18,V2,0.7,True,1.0
2021-01-25,NIFTY50,BUY_PE,14250,12.05,34.31,14477.51,0.463,14477.51,1437.97,49.94,1388.03,V2,0.733,True,1.0
2021-02-18,NIFTY50,BUY_PE,15100,91.44,129.9,15227.54,0.3,15227.54,2456.71,68.0,2388.7,V2,0.799,True,1.0
2021-02-19,NIFTY50,BUY_PE,15000,74.68,131.15,15179.89,0.086,15179.89,3630.69,64.19,3566.5,V2,0.698,True,1.0
2021-04-12,NIFTY50,BUY_PE,14300,16.88,41.29,14703.93,0.239,14703.93,1575.26,51.04,1524.22,V2,0.908,True,1.0
2021-07-30,NIFTY50,BUY_PE,15750,47.73,50.07,15768.53,0.337,15768.53,133.23,58.06,75.18,V2,0.463,True,1.0
2021-09-17,NIFTY50,BUY_CE,17600,33.56,78.67,17524.68,2.403,17524.68,2910.24,54.83,2855.4,V2,0.44,True,1.0
2021-09-29,NIFTY50,BUY_PE,17700,34.67,65.49,17779.09,0.238,17779.09,1983.66,55.09,1928.57,V2,0.502,True,1.0
2021-10-13,NIFTY50,BUY_CE,18150,22.9,55.59,17956.86,1.294,17956.86,2109.55,52.41,2057.14,V2,0.531,True,1.0
2021-11-30,NIFTY50,BUY_PE,17000,40.72,91.37,17195.2,0.563,17195.2,3266.29,56.46,3209.83,V2,0.835,True,1.0
2021-12-30,NIFTY50,BUY_CE,17200,100.35,125.46,17147.76,1.504,17147.76,1588.1,70.03,1518.07,V2,0.684,True,1.0
2022-02-01,NIFTY50,BUY_CE,17600,18.46,49.87,17239.31,1.537,17239.31,2028.17,51.4,1976.77,V2,0.833,True,1.0
2022-02-28,NIFTY50,BUY_CE,16800,154.61,196.62,16696.27,1.284,16696.27,2662.04,82.37,2579.66,V2,1.0,True,1.0
2022-03-30,NIFTY50,BUY_CE,17500,68.5,129.07,17293.85,1.471,17293.85,3898.7,62.78,3835.92,V2,0.772,True,1.0
2022-04-19,NIFTY50,BUY_PE,16950,9.95,26.76,17333.74,0.241,17333.74,1085.12,49.46,1035.65,V2,0.711,True,1.0
2022-05-31,NIFTY50,BUY_CE,16600,82.52,148.52,16393.58,1.703,16393.58,4244.63,65.97,4178.65,V2,0.91,True,1.0
2022-06-29,NIFTY50,BUY_CE,15800,91.75,118.73,15736.2,1.692,15736.2,1712.91,68.07,1644.84,V2,0.839,True,1.0
2022-07-28,NIFTY50,BUY_CE,16950,12.68,32.75,16693.26,1.477,16693.26,1295.94,50.08,1245.85,V2,0.561,True,1.0
2022-08-05,NIFTY50,BUY_CE,17400,64.59,88.97,17337.81,4.42,17337.81,1554.19,61.9,1492.29,V2,0.578,True,1.0
2022-09-07,NIFTY50,BUY_CE,17600,112.45,125.77,17598.51,1.701,17598.51,819.63,72.78,746.84,V2,0.67,True,1.0
2022-09-14,NIFTY50,BUY_CE,18000,77.65,128.74,17912.83,4.151,17912.83,3281.06,64.86,3216.19,V2,0.626,True,1.0
2022-11-30,NIFTY50,BUY_CE,18750,20.37,47.96,18579.2,1.575,18579.2,1780.2,51.83,1728.36,V2,0.431,True,1.0
2022-12-29,NIFTY50,BUY_CE,18200,33.38,72.48,18042.07,1.402,18042.07,2521.01,54.79,2466.22,V2,0.588,True,1.0
2023-01-10,NIFTY50,BUY_PE,17900,54.1,83.5,18005.08,0.627,18005.08,1883.66,59.51,1824.16,V2,0.619,True,1.0
2023-01-27,NIFTY50,BUY_PE,17600,6.79,18.95,17922.07,0.213,17922.07,785.36,48.75,736.61,V2,0.569,True,1.0
2023-01-30,NIFTY50,BUY_PE,17650,28.96,68.66,17809.82,0.171,17809.82,2561.6,53.79,2507.81,V2,0.572,True,1.0
2023-01-31,NIFTY50,BUY_PE,17650,47.17,103.47,17738.31,0.668,17738.31,3630.58,57.93,3572.65,V2,0.557,True,1.0
2023-02-02,NIFTY50,BUY_PE,17600,68.42,109.05,17622.22,0.263,17622.22,2606.64,62.77,2543.87,V2,0.658,True,1.0
2023-02-28,NIFTY50,BUY_PE,17300,19.57,48.03,17447.63,0.0,17447.63,1836.77,51.65,1785.12,V2,0.483,True,1.0
2023-03-16,NIFTY50,BUY_PE,17000,31.76,80.91,17133.54,0.0,17133.54,3172.67,54.43,3118.25,V2,0.659,True,1.0
2023-05-31,NIFTY50,BUY_CE,18550,57.71,66.18,18515.38,1.344,18515.38,526.42,60.33,466.09,V2,0.409,True,1.0
2023-06-28,NIFTY50,BUY_CE,19000,8.06,20.69,18814.84,1.319,18814.84,815.78,49.03,766.75,V2,0.334,True,1.0
2023-07-25,NIFTY50,BUY_PE,19700,38.65,73.17,19770.14,0.618,19770.14,2222.16,55.99,2166.17,V2,0.407,True,1.0
2023-08-25,NIFTY50,BUY_PE,19250,17.7,40.86,19365.38,0.665,19365.38,1494.14,51.23,1442.91,V2,0.363,True,1.0
2023-08-31,NIFTY50,BUY_PE,19300,46.16,59.68,19310.25,0.195,19310.25,857.85,57.7,800.14,V2,0.354,True,1.0
2023-09-15,NIFTY50,BUY_CE,20200,17.17,42.94,20070.6,1.307,20070.6,1663.08,51.11,1611.97,V2,0.35,True,1.0
2023-11-30,NIFTY50,BUY_CE,20150,10.52,27.6,19978.29,2.059,19978.29,1102.63,49.59,1053.03,V2,0.349,True,1.0
2024-01-23,NIFTY50,BUY_PE,21250,24.71,59.18,21535.61,0.728,21535.61,2223.79,52.82,2170.97,V2,0.583,True,1.0
2024-01-24,NIFTY50,BUY_PE,21450,105.71,210.63,21466.02,0.629,21466.02,6758.08,71.25,6686.83,V2,0.606,True,1.0
2024-02-08,NIFTY50,BUY_PE,21700,69.41,115.07,21868.62,0.727,21868.62,2931.92,62.99,2868.92,V2,0.676,True,1.0
2024-03-13,NIFTY50,BUY_PE,22000,10.4,26.64,22327.78,0.641,22327.78,1048.3,49.57,998.73,V2,0.471,True,1.0
2024-03-14,NIFTY50,BUY_PE,22150,52.39,112.95,22261.86,0.531,22261.86,3904.05,59.12,3844.93,V2,0.496,True,1.0
2024-03-15,NIFTY50,BUY_PE,22000,40.84,79.64,22150.44,0.631,22150.44,2498.63,56.49,2442.14,V2,0.512,True,1.0
2024-04-18,NIFTY50,BUY_PE,22000,5.94,17.32,22348.82,0.629,22348.82,734.85,48.55,686.3,V2,0.493,True,1.0
2024-05-31,NIFTY50,BUY_PE,22550,42.93,92.01,22688.86,0.234,22688.86,3163.75,56.97,3106.78,V2,0.452,True,1.0
2024-06-21,NIFTY50,BUY_PE,23500,272.37,281.0,23519.23,0.194,23519.23,453.38,109.16,344.22,V2,0.937,True,1.0
2024-07-23,NIFTY50,BUY_PE,24500,48.64,120.08,24556.34,0.724,24556.34,4610.79,58.26,4552.53,V2,0.461,True,1.0
2024-08-01,NIFTY50,BUY_CE,25000,47.86,98.4,24881.04,4.209,24881.04,3256.35,58.09,3198.26,V2,0.489,True,1.0
2024-08-30,NIFTY50,BUY_CE,25250,105.09,152.09,25121.98,1.824,25121.98,3004.74,71.11,2933.63,V2,0.341,True,1.0
2024-09-27,NIFTY50,BUY_CE,26200,62.49,108.75,26063.32,1775800.0,26063.32,2973.56,61.42,2912.15,V2,0.411,True,1.0
2024-11-21,NIFTY50,BUY_PE,23350,44.71,96.31,23517.26,0.0,23517.26,3326.34,57.37,3268.97,V2,0.651,True,1.0
2024-12-20,NIFTY50,BUY_PE,23600,7.82,21.48,24116.34,0.845,24116.34,882.08,48.98,833.1,V2,0.592,True,1.0
2024-12-30,NIFTY50,BUY_PE,23650,60.13,97.7,23759.59,0.459,23759.59,2411.64,60.88,2350.76,V2,0.582,True,1.0
2025-01-28,NIFTY50,BUY_PE,22950,80.7,132.1,23059.49,0.661,23059.49,3299.93,65.56,3234.37,V2,0.543,True,1.0
2025-02-04,NIFTY50,BUY_CE,23750,28.45,68.25,23425.06,4.352,23425.06,2568.24,53.67,2514.57,V2,0.578,True,1.0
2025-02-28,NIFTY50,BUY_PE,22100,6.2,19.01,22483.18,0.658,22483.18,827.68,48.61,779.07,V2,0.57,True,1.0
2025-03-27,NIFTY50,BUY_CE,23600,91.42,122.19,23517.42,1.891,23517.42,1958.91,68.0,1890.92,V2,0.527,True,1.0
2025-04-17,NIFTY50,BUY_CE,23850,24.4,58.11,23143.52,1.579,23143.52,2175.13,52.75,2122.38,V2,0.841,True,1.0
2025-05-15,NIFTY50,BUY_CE,25050,53.0,115.12,24637.17,1.258,24637.17,4004.82,59.26,3945.56,V2,0.711,True,1.0
2025-05-27,NIFTY50,BUY_CE,24850,171.86,180.25,24808.7,1.107,24808.7,477.05,86.3,390.75,V2,0.713,True,1.0
2025-05-28,NIFTY50,BUY_PE,24750,155.71,176.81,24800.19,0.975,24800.19,1307.12,82.62,1224.5,V2,0.69,True,1.0
2025-05-30,NIFTY50,BUY_PE,24750,146.58,177.26,24823.23,0.759,24823.23,1930.95,80.55,1850.4,V2,0.559,True,1.0
2025-06-20,NIFTY50,BUY_CE,25100,36.33,83.47,24904.68,1.668,24904.68,3040.23,55.47,2984.76,V2,0.489,True,1.0
2025-09-19,NIFTY50,BUY_CE,25350,65.1,97.89,25288.13,1.606,25288.13,2099.76,62.01,2037.75,V2,0.315,True,1.0
2025-10-17,NIFTY50,BUY_CE,25700,13.72,34.64,25410.52,3.868,25410.52,1350.69,50.32,1300.37,V2,0.391,True,1.0
2025-11-06,NIFTY50,BUY_PE,25500,15.02,40.86,25717.94,0.385,25717.94,1668.46,50.62,1617.85,V2,0.417,True,1.0
2025-11-14,NIFTY50,BUY_CE,25900,42.41,80.78,25790.56,3.01,25790.56,2470.47,56.85,2413.63,V2,0.401,True,1.0
2025-12-19,NIFTY50,BUY_CE,25950,71.76,99.88,25902.62,1.265,25902.62,1794.4,63.52,1730.88,V2,0.372,True,1.0
2025-12-30,NIFTY50,BUY_PE,25950,37.62,71.35,26041.86,0.324,26041.86,2171.34,55.76,2115.58,V2,0.318,True,1.0
2026-01-06,NIFTY50,BUY_PE,26200,70.75,80.71,26199.9,0.52,26199.9,618.04,63.3,554.75,V2,0.306,True,1.0
2026-01-14,NIFTY50,BUY_PE,25650,32.71,65.77,25764.87,0.204,25764.87,2129.53,54.64,2074.89,V2,0.394,True,1.0
2026-01-16,NIFTY50,BUY_PE,25700,63.66,76.48,25724.59,0.658,25724.59,805.94,61.68,744.25,V2,0.404,True,1.0
2026-01-19,NIFTY50,BUY_PE,25600,42.26,82.67,25685.56,0.596,25685.56,2602.46,56.81,2545.64,V2,0.408,True,1.0
2026-01-22,NIFTY50,BUY_PE,25300,37.5,81.38,25418.9,0.613,25418.9,2828.75,55.73,2773.02,V2,0.503,True,1.0
2026-01-27,NIFTY50,BUY_PE,25200,89.91,144.36,25198.95,0.228,25198.95,3493.61,67.65,3425.96,V2,0.541,True,1.0
2026-01-29,NIFTY50,BUY_CE,25400,46.17,96.97,25243.85,1.805,25243.85,3274.67,57.7,3216.96,V2,0.568,True,1.0
2020-11-13,BANKNIFTY,BUY_CE,28500,268.79973962109034,339.4743822534261,28278.672419955197,4.906093473790857,28278.672419955197,2065.49,75.42,1990.07,V1,,,
2020-11-14,BANKNIFTY,BUY_CE,28600,287.76281137090155,363.5694752326146,28446.95991602672,4.995205344201347,28446.95991602672,2215.58,77.42,2138.16,V1,,,
2020-11-20,BANKNIFTY,BUY_CE,29200,369.0894466672835,454.07632376002834,29133.4827541361,1.8100996785722565,29133.4827541361,2475.52,85.95,2389.57,V1,,,
2020-11-24,BANKNIFTY,BUY_CE,29700,212.65908384560316,272.34505031612764,29270.209308540154,1.4089773244472537,29270.209308540154,1746.93,69.53,1677.4,V1,,,
2020-11-27,BANKNIFTY,BUY_CE,29600,292.3531599066064,369.61873824612843,29425.859762506356,1.244169595793737,29425.859762506356,2258.39,77.9,2180.49,V1,,,
2020-12-02,BANKNIFTY,BUY_PE,29500,321.4503216312987,406.66059802681,29511.83753828466,0.7193081785477837,29511.83753828466,2490.78,80.95,2409.83,V1,,,
2020-12-03,BANKNIFTY,BUY_PE,29400,272.7590102576687,302.98260790537125,29518.8985366667,0.27238892505847684,29518.8985366667,854.89,75.84,779.05,V1,,,
2020-12-10,BANKNIFTY,BUY_CE,30500,185.05539335918002,252.4212789178995,30233.420327955755,2.0039229823516194,30233.420327955755,1981.6,66.63,1914.97,V1,,,
2020-12-11,BANKNIFTY,BUY_CE,30600,202.2006777269071,277.55354663562304,30424.20480900165,2.114460969433476,30424.20480900165,2217.41,68.43,2148.98,V1,,,
2020-12-15,BANKNIFTY,BUY_CE,30700,230.31434642815475,312.5578477490005,30585.39216647801,1.5737048358161516,30585.39216647801,2418.45,71.38,2347.06,V1,,,
2020-12-16,BANKNIFTY,BUY_CE,30700,228.07019949813912,312.1174342422626,30605.761142740444,1.3627153406615247,30605.761142740444,2472.8,71.15,2401.65,V1,,,
2020-12-18,BANKNIFTY,BUY_CE,30700,215.906819236312,225.91532903692973,30695.107308674575,1.2489855499169993,30695.107308674575,260.49,69.87,190.62,V1,,,
2020-12-21,BANKNIFTY,BUY_PE,29500,50.59880903774956,75.71687506863987,30240.245369804292,0.4055993079922035,30240.245369804292,742.17,52.51,689.66,V1,,,
2020-12-23,BANKNIFTY,BUY_PE,29900,253.3031463283587,340.6237225328921,29898.573401163118,0.4632379965371389,29898.573401163118,2566.16,73.8,2492.37,V1,,,
2021-01-01,BANKNIFTY,BUY_CE,31200,251.20586547781204,341.79533285736176,31150.403984043427,1.584147254806384,31150.403984043427,2664.31,73.58,2590.74,V1,,,
2021-01-04,BANKNIFTY,BUY_PE,31200,227.6577688930047,314.1273455800522,31238.716955430842,0.7369378758767039,31238.716955430842,2545.33,71.1,2474.22,V1,,,
2021-01-18,BANKNIFTY,BUY_PE,31800,111.32385002069896,161.5992547248914,32223.084359376127,0.9758649672913601,32223.084359376127,1483.7,58.89,1424.81,V1,,,
2021-01-21,BANKNIFTY,BUY_PE,32200,179.84850522385204,269.0494530864354,32227.93496760468,0.5581062444479755,32227.93496760468,2635.63,66.08,2569.54,V1,,,
2021-01-22,BANKNIFTY,BUY_PE,31200,27.570774553812953,45.42079926411361,32000.49047049623,0.4072082184226379,32000.49047049623,528.93,50.09,478.84,V1,,,
2021-01-29,BANKNIFTY,BUY_PE,30600,157.9820368048604,222.8586508501814,30828.931630640735,0.21677741611942272,30828.931630640735,1912.02,63.79,1848.23,V1,,,
2021-02-10,BANKNIFTY,BUY_CE,35800,520.6017229282006,625.1244122887521,35711.35293245523,2.235683589281208,35711.35293245523,3032.57,101.86,2930.7,V1,,,
2021-02-17,BANKNIFTY,BUY_CE,36900,512.3003426763862,616.0871308737942,36745.67708995933,1.2010467330056753,36745.67708995933,3012.05,100.99,2911.06,V1,,,
2021-02-19,BANKNIFTY,BUY_PE,35800,222.13984268189233,276.5167571827319,36756.19624200763,0.740202691651614,36756.19624200763,1586.43,70.52,1515.9,V1,,,
2021-02-26,BANKNIFTY,BUY_PE,34800,368.19979000092826,441.9126197594854,35347.14511037199,0.02215920225308896,35347.14511037199,2138.47,85.86,2052.61,V1,,,
2021-03-05,BANKNIFTY,BUY_PE,35200,273.2363041692788,347.08820100659227,35620.533135536796,0.6321800230112027,35620.533135536796,2159.73,75.89,2083.84,V1,,,
2021-03-08,BANKNIFTY,BUY_PE,35300,304.32101603190495,384.3768918876587,35629.68591622981,0.7968807372967767,35629.68591622981,2339.69,79.15,2260.54,V1,,,
2021-03-12,BANKNIFTY,BUY_PE,35500,410.4398778318191,506.7637100213537,35607.180408250715,0.702046930395918,35607.180408250715,2807.17,90.3,2716.87,V1,,,
2021-03-15,BANKNIFTY,BUY_PE,35200,316.9046772945203,397.86600120640844,35519.554733579695,0.1655135616005632,35519.554733579695,2364.51,80.47,2284.04,V1,,,
2021-03-16,BANKNIFTY,BUY_PE,34800,172.62262486575855,227.98590803978124,35452.7208780152,0.14724839551008212,35452.7208780152,1624.84,65.33,1559.52,V1,,,
2021-03-17,BANKNIFTY,BUY_PE,34200,98.96462002749377,134.54400387679033,35192.916173018326,0.15008030333009215,35192.916173018326,1046.37,57.59,988.77,V1,,,
2021-03-22,BANKNIFTY,BUY_PE,33600,179.4051868228562,235.14921942360345,34204.50409852989,0.25668408880879273,34204.50409852989,1635.01,66.04,1568.97,V1,,,
2021-03-24,BANKNIFTY,BUY_PE,33300,203.24695427674305,261.7821314411191,33879.2614044071,0.5937749646375263,33879.2614044071,1714.2,68.54,1645.66,V1,,,
2021-03-25,BANKNIFTY,BUY_PE,33000,152.06321158168066,203.8620354464224,33595.093655599456,0.633860808115538,33595.093655599456,1521.93,63.17,1458.76,V1,,,
2021-03-26,BANKNIFTY,BUY_PE,33300,299.53342697156586,382.97617574705106,33476.17021735992,0.6334307431626948,33476.17021735992,2441.86,78.65,2363.21,V1,,,
2021-04-05,BANKNIFTY,BUY_PE,32700,125.2980119659951,174.13557998301516,33255.96672383194,0.36707820123111295,33255.96672383194,1438.18,60.36,1377.82,V1,,,
2021-04-07,BANKNIFTY,BUY_PE,33000,321.25868618666755,415.51007763302505,33023.486009561166,0.300474478196186,33023.486009561166,2761.23,80.93,2680.3,V1,,,
2021-04-08,BANKNIFTY,BUY_PE,32800,259.1947457492879,340.9696521738287,32957.36907940916,0.6621609433928646,32957.36907940916,2399.23,74.42,2324.82,V1,,,
2021-04-09,BANKNIFTY,BUY_PE,32400,160.18575778775084,220.22087708132665,32783.47586482681,0.6645429705575636,32783.47586482681,1766.82,64.02,1702.8,V1,,,
2021-04-13,BANKNIFTY,BUY_PE,31800,337.42639025267454,418.78290627830734,31968.50006760178,0.32816888962741836,31968.50006760178,2372.64,82.63,2290.01,V1,,,
2021-04-19,BANKNIFTY,BUY_PE,31200,341.0749106844851,420.98200637571335,31368.828067753293,0.8582175014487686,31368.828067753293,2328.63,83.01,2245.61,V1,,,
2021-04-22,BANKNIFTY,BUY_CE,31800,294.9530465278367,368.0617933531903,31445.80162185734,2.2456464806638423,31445.80162185734,2133.59,78.17,2055.42,V1,,,
2021-04-23,BANKNIFTY,BUY_CE,31700,313.5501324039742,390.32322120985526,31406.91606840946,1.3911343143465298,31406.91606840946,2239.84,80.12,2159.72,V1,,,
2021-05-20,BANKNIFTY,BUY_CE,33300,325.15096983389776,420.0166479472933,33216.26927161921,1.242337036495457,33216.26927161921,2778.91,81.34,2697.56,V1,,,
2021-05-21,BANKNIFTY,BUY_CE,34600,97.1665251151544,134.42630899229883,33676.12464744179,1.1091417816937346,33676.12464744179,1096.95,57.4,1039.55,V1,,,
2021-05-25,BANKNIFTY,BUY_CE,34700,239.2025026931242,313.20636974531146,34307.56526462987,2.3748821119143946,34307.56526462987,2170.4,72.32,2098.08,V1,,,
2021-05-26,BANKNIFTY,BUY_CE,34700,274.28489324873044,356.3683127590376,34410.01016380392,1.0964862944971068,34410.01016380392,2405.74,76.0,2329.74,V1,,,
2021-05-27,BANKNIFTY,BUY_CE,35100,201.29214808007782,270.24295297466114,34658.76614707215,1.0496935923394641,34658.76614707215,2026.09,68.34,1957.75,V1,,,
2021-05-28,BANKNIFTY,BUY_CE,35100,284.8391277679384,373.03149283936494,34881.42813980446,2.1739004552083228,34881.42813980446,2586.56,77.11,2509.45,V1,,,
2021-06-03,BANKNIFTY,BUY_CE,35600,231.73438284193617,316.17849051178246,35356.12242128016,1.8099454514614401,35356.12242128016,2484.01,71.53,2412.48,V1,,,
2021-06-07,BANKNIFTY,BUY_CE,35400,365.11694679694483,371.79250555447265,35431.01091025085,1.1765072911834735,35431.01091025085,133.94,85.54,48.41,V1,,,
2021-06-08,BANKNIFTY,BUY_PE,35100,221.04793786669507,298.80265618411113,35365.58465842753,0.49673152330892917,35365.58465842753,2285.85,70.41,2215.44,V1,,,
2021-06-09,BANKNIFTY,BUY_PE,34800,160.1063735620537,221.68181810019396,35243.152998372534,0.49015409298695034,35243.152998372534,1812.9,64.01,1748.89,V1,,,
2021-06-10,BANKNIFTY,BUY_PE,35100,295.94969855844647,392.46332385618604,35160.69498762337,0.1462695188330608,35160.69498762337,2833.45,78.27,2755.18,V1,,,
2021-06-11,BANKNIFTY,BUY_PE,35000,282.71340765212517,295.71636085676874,35076.337291791555,0.2060136776001585,35076.337291791555,338.03,76.88,261.15,V1,,,
2021-06-14,BANKNIFTY,BUY_PE,35000,268.2177138893967,372.4268561834232,34980.73908380436,0.2251692642587914,34980.73908380436,3068.62,75.36,2993.25,V1,,,
2021-06-18,BANKNIFTY,BUY_PE,34600,106.50238688605896,179.56921095324577,34750.381604891234,0.7571634871251989,34750.381604891234,2166.26,58.38,2107.88,V1,,,
2021-06-23,BANKNIFTY,BUY_PE,34600,157.81881934926605,177.67106574638785,34616.64343209257,0.41328275799704234,34616.64343209257,565.37,63.77,501.6,V1,,,
2021-06-29,BANKNIFTY,BUY_PE,35000,151.4035605611116,169.33958670515173,35051.32823887781,0.6646421470673842,35051.32823887781,509.21,63.1,446.12,V1,,,
2021-06-30,BANKNIFTY,BUY_PE,34800,71.36052583293167,124.46971748970913,35090.35191787229,0.776619461155472,35090.35191787229,1575.65,54.69,1520.96,V1,,,
2021-07-07,BANKNIFTY,BUY_CE,35800,58.18885407526432,105.44548062875091,35426.33086412262,1.8560381348966861,35426.33086412262,1402.97,53.31,1349.66,V1,,,
2021-07-16,BANKNIFTY,BUY_CE,35800,120.0997457311696,198.41589363638306,35613.034876933845,1.5685662838378165,35613.034876933845,2320.82,59.81,2261.01,V1,,,
2021-07-27,BANKNIFTY,BUY_CE,34800,228.82794094745987,335.0900976631307,34789.65891361726,1.6294067212526562,34789.65891361726,3137.11,71.23,3065.89,V1,,,
2021-07-28,BANKNIFTY,BUY_PE,34500,109.9757963909633,173.8358503060126,34758.20444409078,0.7908811181425206,34758.20444409078,1890.26,58.75,1831.51,V1,,,
2021-07-29,BANKNIFTY,BUY_PE,34700,188.4196768672282,281.7679412262203,34749.83530598804,0.6995060738112862,34749.83530598804,2758.13,66.98,2691.15,V1,,,
2021-07-30,BANKNIFTY,BUY_PE,34600,166.06891062782597,251.73473738126512,34700.88963297444,0.7695047122684614,34700.88963297444,2532.37,64.64,2467.74,V1,,,
2021-08-09,BANKNIFTY,BUY_CE,36000,130.19856126548257,200.3949682034932,35701.55317392423,1.3450728583537992,35701.55317392423,2076.14,60.87,2015.27,V1,,,
2021-08-10,BANKNIFTY,BUY_CE,36000,198.99194980171342,293.610459867317,35881.9045955271,2.45336887527616,35881.9045955271,2794.22,68.09,2726.13,V1,,,
2021-08-13,BANKNIFTY,BUY_CE,36200,139.72954078752446,215.18286773344573,35943.872298695234,1.4538889089890745,35943.872298695234,2231.66,61.87,2169.79,V1,,,
2021-08-16,BANKNIFTY,BUY_CE,36100,199.16396410184825,295.87975550654994,35997.27417888182,13.608227225908076,35997.27417888182,2856.92,68.11,2788.81,V1,,,
2021-08-18,BANKNIFTY,BUY_PE,35600,67.27571872771114,118.18943708092405,35922.93361662761,0.6113849186791523,35922.93361662761,1510.72,54.26,1456.46,V1,,,
2021-08-23,BANKNIFTY,BUY_PE,35100,58.50853855262358,102.57777254730067,35482.35997386571,0.23857386686895504,35482.35997386571,1307.58,53.34,1254.24,V1,,,
2021-08-30,BANKNIFTY,BUY_CE,36300,49.98893600438441,85.20729871298803,35706.72519983479,1.3529042386185244,35706.72519983479,1044.38,52.45,991.93,V1,,,
2021-09-03,BANKNIFTY,BUY_CE,36800,98.32552972259145,167.84044713464812,36546.784388392465,3.3085399449035813,36546.784388392465,2061.49,57.52,2003.97,V1,,,
2021-09-07,BANKNIFTY,BUY_PE,36500,110.62188283748037,185.17085336810487,36679.71340606804,0.7733145407564013,36679.71340606804,2209.85,58.82,2151.03,V1,,,
2021-09-13,BANKNIFTY,BUY_PE,36500,142.83766026360536,230.76527260253076,36602.26364401201,0.38868007959319034,36602.26364401201,2604.2,62.2,2542.01,V1,,,
2021-09-16,BANKNIFTY,BUY_CE,37700,37.6856682767002,67.2678413695129,37040.82218924795,1.2857142857142858,37040.82218924795,878.02,51.16,826.86,V1,,,
2021-09-22,BANKNIFTY,BUY_PE,36900,44.99424673952035,79.86683343991021,37430.97212682965,0.9374512556543441,37430.97212682965,1034.94,51.92,983.02,V1,,,
2021-09-29,BANKNIFTY,BUY_PE,37700,177.26704316812902,270.245707708493,37810.550966353825,0.5655002243158367,37810.550966353825,2749.08,65.81,2683.27,V1,,,
2021-10-04,BANKNIFTY,BUY_CE,37600,241.286524164836,246.3678153354378,37569.415772137305,1.290300389818849,37569.415772137305,108.55,72.54,36.01,V1,,,
2021-10-05,BANKNIFTY,BUY_CE,37700,171.54205360123706,261.06928156563015,37515.71140743011,1.366888328365054,37515.71140743011,2646.88,65.21,2581.67,V1,,,
2021-10-06,BANKNIFTY,BUY_CE,37500,260.96115927681967,378.4390088935653,37508.9415032329,3.1867290514674607,37508.9415032329,3466.79,74.6,3392.19,V1,,,
2021-10-07,BANKNIFTY,BUY_CE,37800,144.17225259776387,223.3336433615911,37539.83526870066,1.1124516275893468,37539.83526870066,2341.77,62.34,2279.43,V1,,,
2021-10-08,BANKNIFTY,BUY_CE,37800,207.43319018858165,309.54737325934923,37699.732502371386,1.4348209042865532,37699.732502371386,3016.9,68.98,2947.92,V1,,,
2021-10-27,BANKNIFTY,BUY_CE,40900,191.95351828291314,300.1597281346418,40788.56596220395,6.566905867454622,40788.56596220395,3201.9,67.36,3134.54,V1,,,
2021-11-03,BANKNIFTY,BUY_PE,39400,216.01163744135192,303.94643682550765,39648.356438321774,0.3978585995921142,39648.356438321774,2591.25,69.88,2521.37,V1,,,
2021-11-08,BANKNIFTY,BUY_PE,39400,223.1647105352531,313.55881838461903,39623.272144014714,0.7229771463866584,39623.272144014714,2663.52,70.63,2592.89,V1,,,
2021-11-09,BANKNIFTY,BUY_PE,39400,239.73605276835042,334.5504798823908,39582.45119806971,0.9017719568567026,39582.45119806971,2792.75,72.37,2720.37,V1,,,
2021-11-15,BANKNIFTY,BUY_PE,38700,195.59394463272838,279.9040447089395,38950.893776936304,0.1862248391072162,38950.893776936304,2486.51,67.74,2418.77,V1,,,
2021-11-16,BANKNIFTY,BUY_PE,38300,136.71774230772826,201.81025685020018,38723.1118592991,0.2159758615213594,38723.1118592991,1922.31,61.56,1860.75,V1,,,
2021-11-17,BANKNIFTY,BUY_PE,38000,109.57648985113701,164.43750794341815,38524.616611337646,0.2449126598235188,38524.616611337646,1621.17,58.71,1562.46,V1,,,
2021-11-18,BANKNIFTY,BUY_PE,38000,161.20551414608053,234.2747998495415,38337.58487335645,0.25821150560091133,38337.58487335645,2156.49,64.13,2092.36,V1,,,
2021-11-22,BANKNIFTY,BUY_PE,37100,41.615910953318235,66.43819750155288,38030.582796477414,0.2195673232160155,38030.582796477414,734.94,51.57,683.37,V1,,,
2021-11-24,BANKNIFTY,BUY_PE,37400,172.3634584518004,254.21118587129666,37615.05726779481,0.2633268210996372,37615.05726779481,2417.04,65.3,2351.74,V1,,,
2021-11-25,BANKNIFTY,BUY_PE,37400,219.96999551345107,317.0787895234946,37491.08544317345,0.5894468085106382,37491.08544317345,2864.93,70.3,2794.63,V1,,,
2021-12-06,BANKNIFTY,BUY_PE,35700,93.83681796166093,144.73513558331757,36161.83764339374,0.5522226237802674,36161.83764339374,1505.48,57.05,1448.43,V1,,,
2021-12-16,BANKNIFTY,BUY_PE,36500,151.13176587011185,214.9824369013054,36931.48600677585,0.7846233497281905,36931.48600677585,1882.57,63.07,1819.5,V1,,,
2021-12-28,BANKNIFTY,BUY_CE,35200,233.79338471127812,319.09911389539855,34978.98276532152,1.1412749200098449,34978.98276532152,2509.41,71.75,2437.66,V1,,,
2021-12-29,BANKNIFTY,BUY_CE,35000,317.1081588887864,425.24337263046397,35001.59875456236,1.082652346486108,35001.59875456236,3177.24,80.5,3096.75,V1,,,
2021-12-31,BANKNIFTY,BUY_CE,35500,146.44060934760637,209.31576555127688,35057.205432413415,1.5187814933577646,35057.205432413415,1854.24,62.58,1791.66,V1,,,
2022-01-13,BANKNIFTY,BUY_CE,38500,278.3710605127071,375.6569305546072,38292.19623332577,904400.0,38292.19623332577,2859.71,76.43,2783.28,V1,,,
2022-01-20,BANKNIFTY,BUY_PE,37900,126.9525439125191,198.37314492309855,38181.304236776414,0.5856476788972228,38181.304236776414,2113.34,60.53,2052.81,V1,,,
2022-01-24,BANKNIFTY,BUY_PE,36900,33.96047086004273,57.65429364329235,37710.297100286676,0.6162910895182965,37710.297100286676,702.57,50.77,651.8,V1,,,
2022-01-28,BANKNIFTY,BUY_CE,37700,216.94741098086888,310.7987027391387,37520.458013982156,2.027325275880189,37520.458013982156,2768.04,69.98,2698.06,V1,,,
2022-01-31,BANKNIFTY,BUY_CE,38000,134.1352724700555,201.32532642154712,37589.740097526315,1.4688749286122216,37589.740097526315,1985.51,61.28,1924.23,V1,,,
2022-02-07,BANKNIFTY,BUY_PE,38000,59.8655635336263,95.72105410491565,38716.06364655316,0.8468766312858883,38716.06364655316,1061.66,53.49,1008.18,V1,,,
2022-02-17,BANKNIFTY,BUY_PE,37500,292.5546897504573,378.88395681213797,37792.36676457052,0.6323993319725366,37792.36676457052,2529.45,77.92,2451.53,V1,,,
2022-02-18,BANKNIFTY,BUY_PE,37600,411.6014137011807,520.0709128088166,37616.92855126825,0.28584123222748814,37616.92855126825,3170.23,90.42,3079.82,V1,,,
2022-02-21,BANKNIFTY,BUY_PE,37700,398.067815009832,504.63204902980834,37744.01325487101,0.589196462898885,37744.01325487101,3115.68,89.0,3026.69,V1,,,
2022-02-25,BANKNIFTY,BUY_PE,36400,488.6052197430872,589.7511067290098,36484.19301278961,0.7365068129534595,36484.19301278961,2937.32,98.5,2838.82,V1,,,
2022-03-03,BANKNIFTY,BUY_PE,34900,181.82082597022782,232.7302635568997,35764.674475762135,0.7870942812982998,35764.674475762135,1489.97,66.29,1423.68,V1,,,
2022-03-22,BANKNIFTY,BUY_CE,36300,360.36727439338756,442.9846323187056,35848.14289527584,1.5559648625672995,35848.14289527584,2406.22,85.04,2321.18,V1,,,
2022-03-23,BANKNIFTY,BUY_CE,36100,582.019835628198,695.996915257741,36142.905726872385,1.5831680362708982,36142.905726872385,3304.29,108.31,3195.98,V1,,,
2022-03-28,BANKNIFTY,BUY_PE,35700,388.28244717165217,484.3236300926021,35814.03669097235,0.29457026713124274,35814.03669097235,2802.7,87.97,2714.73,V1,,,
2022-04-01,BANKNIFTY,BUY_CE,37100,117.42782528674252,162.20091939255707,36213.85559476559,1.0007659900421295,36213.85559476559,1318.03,59.53,1258.5,V1,,,
2022-04-06,BANKNIFTY,BUY_CE,37600,384.8569179182923,499.77527732489455,37590.57615422126,2.1543919745534623,37590.57615422126,3367.93,87.61,3280.32,V1,,,
2022-04-07,BANKNIFTY,BUY_PE,37600,283.52649143983035,376.7152463664608,37779.309536892855,0.9134156378600823,37779.309536892855,2736.24,76.97,2659.27,V1,,,
2022-04-12,BANKNIFTY,BUY_CE,37700,343.5139717979655,455.53233034203754,37660.00147859389,1.3812589413447782,37660.00147859389,3288.64,83.27,3205.37,V1,,,
2022-04-22,BANKNIFTY,BUY_PE,36000,157.46771234907828,218.86494301736164,36486.43246102915,0.19068831728696653,36486.43246102915,1808.05,63.73,1744.31,V1,,,
2022-04-25,BANKNIFTY,BUY_PE,36100,234.86635308908808,318.93698676307486,36318.5049943477,0.19156922188537606,36318.5049943477,2472.28,71.86,2400.42,V1,,,
2022-04-27,BANKNIFTY,BUY_PE,36000,231.95537349642473,314.40329858509494,36236.17034537622,0.7228198672465095,36236.17034537622,2424.27,71.56,2352.71,V1,,,
2022-04-29,BANKNIFTY,BUY_PE,36100,299.61569644747397,339.3344133361531,36176.149807534435,0.767057696911659,36176.149807534435,1134.06,78.66,1055.4,V1,,,
2022-05-02,BANKNIFTY,BUY_PE,36200,340.6121697962626,447.0764299130974,36191.397607108454,0.7115256495669554,36191.397607108454,3123.04,82.96,3040.07,V1,,,
2022-05-04,BANKNIFTY,BUY_PE,35300,99.13065493694558,142.6778559104496,35989.39979493381,0.6828780812791473,35989.39979493381,1284.65,57.61,1227.04,V1,,,
2022-05-05,BANKNIFTY,BUY_PE,35200,43.0630078458089,71.60354363348202,35882.4317596568,0.5896452540747843,35882.4317596568,845.9,51.72,794.17,V1,,,
2022-05-11,BANKNIFTY,BUY_CE,34700,243.22904115815982,262.40465968929465,34653.73658216628,1.3540193768002096,34653.73658216628,529.76,72.74,457.02,V1,,,
2022-05-16,BANKNIFTY,BUY_PE,33600,202.75437168542885,278.95581100802383,33816.4066415397,0.7596212583995113,33816.4066415397,2242.69,68.49,2174.2,V1,,,
2022-05-19,BANKNIFTY,BUY_PE,33300,175.14618138215883,238.93921167602184,33675.31317862938,0.4448602794411178,33675.31317862938,1876.52,65.59,1810.93,V1,,,
2022-05-23,BANKNIFTY,BUY_CE,34200,301.14952481506043,393.527863959302,34061.749480356746,1.6352624495289367,34061.749480356746,2708.83,78.82,2630.01,V1,,,
2022-05-31,BANKNIFTY,BUY_CE,35500,273.6830385999874,358.1542917658588,35218.49519893915,1.7384176764076977,35218.49519893915,2477.27,75.94,2401.34,V1,,,
2022-06-06,BANKNIFTY,BUY_PE,35300,258.12000297067243,343.51317371242783,35492.41975463915,0.6336919443715561,35492.41975463915,2507.65,74.3,2433.35,V1,,,
2022-06-09,BANKNIFTY,BUY_PE,35100,263.13235611312484,359.2924383051473,35156.379417766955,0.7523364485981309,35156.379417766955,2828.78,74.83,2753.96,V1,,,
2022-06-21,BANKNIFTY,BUY_CE,33200,185.76626751594995,262.6405145435978,32979.59382594649,1.2552026286966047,32979.59382594649,2265.87,66.71,2199.17,V1,,,
2022-07-01,BANKNIFTY,BUY_CE,33500,276.56464688489723,290.2293326760716,33513.31925312857,1.682394924662966,33513.31925312857,358.93,76.24,282.69,V1,,,
2022-07-04,BANKNIFTY,BUY_CE,33900,127.16855935238891,187.38411086769614,33517.032121296725,1.682791435368755,33517.032121296725,1778.16,60.55,1717.6,V1,,,
2022-07-14,BANKNIFTY,BUY_PE,34700,73.64031926449479,122.02637977644771,35079.18131383092,0.9656230816451811,35079.18131383092,1433.97,54.93,1379.04,V1,,,
2022-07-15,BANKNIFTY,BUY_PE,34700,93.32984511914037,151.13740972205102,35001.80356052622,0.29210467456944755,35001.80356052622,1712.22,57.0,1655.23,V1,,,
2022-07-26,BANKNIFTY,BUY_CE,36400,222.74451632573619,331.13468505438163,36371.35795031073,1.535611625678697,36371.35795031073,3201.86,70.59,3131.27,V1,,,
2022-08-02,BANKNIFTY,BUY_CE,38000,77.08787870719061,130.75672496189011,37577.762263334036,2.249911000355999,37577.762263334036,1591.36,55.29,1536.07,V1,,,
2022-08-03,BANKNIFTY,BUY_CE,38000,115.22563757220087,188.61505557852908,37724.83586504913,5.687837028160575,37724.83586504913,2174.34,59.3,2115.04,V1,,,
2022-08-05,BANKNIFTY,BUY_CE,37900,203.96908700028507,314.18582469850764,37855.899584081,2.446206115515289,37855.899584081,3259.87,68.62,3191.25,V1,,,
2022-08-08,BANKNIFTY,BUY_CE,38200,112.29117870468508,185.65883253996807,37926.69232691286,5.581857219538379,37926.69232691286,2174.21,58.99,2115.22,V1,,,
2022-08-16,BANKNIFTY,BUY_CE,39200,113.78027931422366,197.76289169136774,39006.10584546213,4.12568639414277,39006.10584546213,2491.44,59.15,2432.29,V1,,,
2022-08-19,BANKNIFTY,BUY_PE,39000,95.43980026536337,162.91680971820884,39273.55392503426,0.5111657090548786,39273.55392503426,2001.06,57.22,1943.84,V1,,,
2022-08-24,BANKNIFTY,BUY_CE,39000,205.02441772472957,264.8100140997678,38907.187087443446,1.7745961820851688,38907.187087443446,1751.28,68.73,1682.56,V1,,,
2022-08-25,BANKNIFTY,BUY_CE,39000,182.53497694121688,283.17436975252133,38874.93607963105,1.9401615271659325,38874.93607963105,2977.27,66.37,2910.9,V1,,,
2022-08-30,BANKNIFTY,BUY_CE,39500,106.37458576703466,162.47350113712565,38931.90384936087,1.0370020766471588,38931.90384936087,1658.77,58.37,1600.4,V1,,,
2022-09-01,BANKNIFTY,BUY_CE,39300,183.4019046412668,267.4173475347794,38996.56920684549,1.0377572210685293,38996.56920684549,2479.89,66.46,2413.43,V1,,,
2022-09-06,BANKNIFTY,BUY_CE,39700,220.98583403341763,316.91859796135736,39485.4750791767,5.527259148618372,39485.4750791767,2829.57,70.4,2759.17,V1,,,
2022-09-08,BANKNIFTY,BUY_CE,40200,145.3531317211,213.9123299987354,39710.159830909965,1.5815170008718396,39710.159830909965,2024.44,62.46,1961.98,V1,,,
2022-09-14,BANKNIFTY,BUY_CE,41400,80.46473975162462,124.4029189416701,40603.568356778065,3.2178743961352656,40603.568356778065,1299.71,55.65,1244.06,V1,,,
2022-09-20,BANKNIFTY,BUY_CE,41500,158.92979617352648,238.4880691893648,41117.27651424736,1.2273748723186926,41117.27651424736,2350.98,63.89,2287.09,V1,,,
2022-09-21,BANKNIFTY,BUY_CE,41200,285.56361411137186,403.9510872628532,41131.423700261046,1.224923391215526,41131.423700261046,3489.57,77.18,3412.38,V1,,,
2022-09-22,BANKNIFTY,BUY_PE,40600,159.4925603340671,234.81527018951695,40976.27626580151,0.5948813982521848,40976.27626580151,2224.19,63.95,2160.25,V1,,,
2022-10-03,BANKNIFTY,BUY_PE,38000,279.48559934334844,320.69757739619797,38125.72407971095,0.28154673378332,38125.72407971095,1182.34,76.55,1105.8,V1,,,
2022-10-10,BANKNIFTY,BUY_CE,39100,300.0523528282938,401.64827515204735,38913.244157846,1.9662345492915285,38913.244157846,2984.72,78.71,2906.02,V1,,,
2022-10-12,BANKNIFTY,BUY_CE,39100,361.35325402477247,401.1981029342131,39036.77697903309,1.6819262782401903,39036.77697903309,1126.72,85.14,1041.57,V1,,,
2022-10-28,BANKNIFTY,BUY_PE,41000,285.3798740532766,394.23595772039215,41094.90531599837,0.34924054723688464,41094.90531599837,3204.52,77.16,3127.35,V1,,,
2022-11-02,BANKNIFTY,BUY_PE,41100,205.43893345373908,253.67457488309876,41269.32151073523,0.20941114152026133,41269.32151073523,1405.75,68.77,1336.98,V1,,,
2022-11-04,BANKNIFTY,BUY_PE,41300,249.74335835978854,258.1911245619309,41275.39218598838,0.6981737069566429,41275.39218598838,207.72,73.42,134.3,V1,,,
2022-11-17,BANKNIFTY,BUY_CE,42500,113.83800931642509,203.11434802098273,42290.49692859033,1.4523988947500628,42290.49692859033,2649.76,59.15,2590.61,V1,,,
2022-11-18,BANKNIFTY,BUY_CE,42400,191.7960613999203,223.80294858880484,42373.302827674466,1.2313489073097212,42373.302827674466,922.8,67.34,855.46,V1,,,
2022-11-22,BANKNIFTY,BUY_CE,42500,133.53500638152764,151.25197853616368,42417.04442586411,2.6751160299892893,42417.04442586411,505.88,61.22,444.66,V1,,,
2022-11-23,BANKNIFTY,BUY_CE,42700,74.60724526753438,154.0490114796778,42491.452658854265,1.2286462530217566,42491.452658854265,2362.67,55.03,2307.64,V1,,,
2022-11-25,BANKNIFTY,BUY_CE,43000,67.32549309661954,140.63582284145394,42760.064037306096,1.6581385979049155,42760.064037306096,2180.59,54.27,2126.32,V1,,,
2022-11-28,BANKNIFTY,BUY_CE,43000,91.47959973028628,189.29980115837182,42869.821759320184,1.1446252259769156,42869.821759320184,2909.34,56.81,2852.53,V1,,,
2022-11-29,BANKNIFTY,BUY_CE,43100,85.61369787190779,181.12738953785,42964.193550321754,1.1162564316506745,42964.193550321754,2841.4,56.19,2785.21,V1,,,
2022-11-30,BANKNIFTY,BUY_CE,43200,82.59921090727221,176.03210568851432,43056.39484468436,2.0399761336515514,43056.39484468436,2779.71,55.87,2723.84,V1,,,
2022-12-01,BANKNIFTY,BUY_CE,43300,62.25153724754273,140.61293208442487,43108.212578112376,1.7275258552108195,43108.212578112376,2332.58,53.74,2278.85,V1,,,
2022-12-02,BANKNIFTY,BUY_PE,43100,114.73490685032084,121.51190215524154,43118.840453314806,0.8606068464730291,43118.840453314806,182.05,59.25,122.8,V1,,,
2022-12-05,BANKNIFTY,BUY_CE,43300,88.98161050918861,149.97133528783124,43172.5382689184,3.2656482861400895,43172.5382689184,1808.19,56.54,1751.64,V1,,,
2022-12-08,BANKNIFTY,BUY_CE,43600,29.45336718213639,70.96585257966015,43224.980676109495,1.6323097985527089,43224.980676109495,1236.34,50.29,1186.04,V1,,,
2022-12-09,BANKNIFTY,BUY_CE,43600,43.74309890510085,105.5822915235925,43350.63178476278,4.900370522848909,43350.63178476278,1841.74,51.79,1789.94,V1,,,
2022-12-12,BANKNIFTY,BUY_CE,43700,34.31965901564217,85.58490970438343,43406.156798550364,1.4240967365967365,43406.156798550364,1527.17,50.8,1476.36,V1,,,
2022-12-16,BANKNIFTY,BUY_PE,43200,14.056924836662802,34.80008484208646,43724.53287319431,0.42087930182776223,43724.53287319431,617.9,48.68,569.22,V1,,,
2022-12-21,BANKNIFTY,BUY_PE,42600,11.704081231899636,26.579165760554776,43320.68018085541,0.3420625059734302,43320.68018085541,442.81,48.43,394.38,V1,,,
2022-12-22,BANKNIFTY,BUY_PE,42400,19.017021244897933,42.05416723863752,42986.48622975168,0.3665130568356375,42986.48622975168,685.62,49.2,636.42,V1,,,
2022-12-27,BANKNIFTY,BUY_CE,42900,83.19447701061654,139.7853757412807,42369.70332895149,4.876213478639351,42369.70332895149,1677.66,55.94,1621.72,V1,,,
2022-12-29,BANKNIFTY,BUY_CE,43300,30.6580522492377,55.5072889637613,42394.48409037407,7.2975510132301915,42394.48409037407,737.72,50.42,687.3,V1,,,
2023-01-02,BANKNIFTY,BUY_CE,43200,276.8264211871028,287.30754212408175,43182.400727581626,20.300197357410635,43182.400727581626,263.66,76.27,187.39,V1,,,
2023-01-03,BANKNIFTY,BUY_CE,43400,188.73867195372804,290.32395149622874,43182.47744129285,6953.500193274062,43182.47744129285,3004.44,67.02,2937.43,V1,,,
2023-01-10,BANKNIFTY,BUY_PE,42000,85.22744999142742,137.74679107139525,42567.56067650284,0.5970049916805324,42567.56067650284,1555.51,56.15,1499.36,V1,,,
2023-01-11,BANKNIFTY,BUY_PE,42200,217.30911503169773,321.0178724842142,42340.881659404906,0.20735614507240804,42340.881659404906,3062.81,70.02,2992.8,V1,,,
2023-01-12,BANKNIFTY,BUY_PE,42100,219.6197747734077,325.9762631196769,42214.969210944466,0.5884649511978705,42214.969210944466,3141.59,70.26,3071.33,V1,,,
2023-01-25,BANKNIFTY,BUY_PE,41600,22.748354267229843,42.64560013623162,42473.5618459116,0.2561598557692308,42473.5618459116,591.03,49.59,541.44,V1,,,
2023-02-01,BANKNIFTY,BUY_PE,40500,183.96596974123167,272.59258022639557,40729.336131247226,0.8739072847682119,40729.336131247226,2617.71,66.52,2551.19,V1,,,
2023-02-03,BANKNIFTY,BUY_CE,41500,56.261660212777315,90.13983334025875,40590.78839389704,1.3427886536156612,40590.78839389704,1003.17,53.11,950.06,V1,,,
2023-02-09,BANKNIFTY,BUY_CE,41600,220.32923134288285,287.07088632092274,41390.17337230747,1.2984986171473725,41390.17337230747,1956.58,70.33,1886.25,V1,,,
2023-02-13,BANKNIFTY,BUY_PE,41300,213.88725957589122,311.9797666475523,41474.142581530155,0.23879217377907871,41474.142581530155,2895.45,69.66,2825.79,V1,,,
2023-02-16,BANKNIFTY,BUY_CE,41600,293.1114378692291,415.1829898629344,41550.74994800178,1.429458433942739,41550.74994800178,3598.4,77.98,3520.42,V1,,,
2023-02-20,BANKNIFTY,BUY_PE,40700,82.890381487995,129.88704224740542,41359.42125662995,0.6525786163522013,41359.42125662995,1390.75,55.9,1334.85,V1,,,
2023-02-24,BANKNIFTY,BUY_PE,39900,59.37805346593814,108.12140171939444,40310.654920985835,0.3298239842079289,40310.654920985835,1447.23,53.43,1393.79,V1,,,
2023-03-02,BANKNIFTY,BUY_CE,40400,186.16532486723372,293.2795088648176,40293.229643180704,1.1335732430143945,40293.229643180704,3170.28,66.75,3103.53,V1,,,
2023-03-09,BANKNIFTY,BUY_CE,41300,186.5426051430004,291.70944337077293,41160.757569105685,1.6429872495446265,41160.757569105685,3111.96,66.79,3045.18,V1,,,
2023-03-15,BANKNIFTY,BUY_PE,39100,30.300458425742818,52.36485985983839,39996.221019777506,0.24445478517139754,39996.221019777506,654.49,50.38,604.11,V1,,,
2023-03-23,BANKNIFTY,BUY_PE,39600,190.7710743149455,281.1370979972283,39793.87710198918,0.5063502561910327,39793.87710198918,2668.51,67.23,2601.28,V1,,,
2023-03-24,BANKNIFTY,BUY_PE,39400,122.75282067070475,188.2090338634285,39803.471222454675,0.2880229293460037,39803.471222454675,1935.7,60.09,1875.61,V1,,,
2023-04-10,BANKNIFTY,BUY_CE,40800,299.6708382119323,429.77541570687777,40826.23114268462,989000.0,40826.23114268462,3837.49,78.67,3758.82,V1,,,
2023-04-11,BANKNIFTY,BUY_CE,41400,135.12490118167625,209.10349766738892,40997.08837069436,4.739441195581547,40997.08837069436,2188.38,61.39,2126.99,V1,,,
2023-04-19,BANKNIFTY,BUY_CE,42200,154.23889544354097,258.35484905484986,42058.97138234402,1.3417550191743741,42058.97138234402,3086.35,63.4,3022.95,V1,,,
2023-04-21,BANKNIFTY,BUY_PE,42100,132.61439680317199,229.13506395060995,42224.55205133674,0.6730800586988424,42224.55205133674,2863.06,61.12,2801.94,V1,,,
2023-04-27,BANKNIFTY,BUY_CE,43000,49.26143291742119,102.73030388936799,42634.337663322636,1.3756457564575646,42634.337663322636,1590.39,52.37,1538.01,V1,,,
2023-04-28,BANKNIFTY,BUY_CE,43200,43.45906015069977,92.31982477011694,42807.70570576227,1.3785977859778598,42807.70570576227,1453.6,51.76,1401.84,V1,,,
2023-05-03,BANKNIFTY,BUY_CE,43300,93.39423931476449,180.09574659693232,43094.4158723907,1.1867063492063492,43094.4158723907,2576.43,57.01,2519.42,V1,,,
2023-05-04,BANKNIFTY,BUY_CE,43700,22.07391312719028,53.528893877878,43239.77047054952,3.2036423841059603,43239.77047054952,936.85,49.52,887.33,V1,,,
2023-05-08,BANKNIFTY,BUY_CE,43300,220.73297974943853,244.19904807995223,43234.58886182669,1.1972402597402598,43234.58886182669,662.14,70.38,591.76,V1,,,
2023-05-10,BANKNIFTY,BUY_CE,43300,201.78954379283823,260.26653846203067,43201.835426823855,1.1967930029154519,43201.835426823855,1712.72,68.39,1644.34,V1,,,
2023-05-18,BANKNIFTY,BUY_PE,43800,198.7815284830649,236.66342491472818,43835.315665415095,0.4964332036316472,43835.315665415095,1097.27,68.07,1029.19,V1,,,
2023-05-24,BANKNIFTY,BUY_PE,43700,143.69788720119504,209.18053051321374,43853.77172135736,0.25400185209683823,43853.77172135736,1932.72,62.29,1870.43,V1,,,
2023-05-25,BANKNIFTY,BUY_PE,43700,161.51145456913218,267.8470752141714,43806.63491911705,0.27393351405335997,43806.63491911705,3151.43,64.16,3087.27,V1,,,
2023-05-31,BANKNIFTY,BUY_CE,44100,223.9749163471388,353.66782063821665,44058.8506646493,4.169582772543742,44058.8506646493,3838.8,70.72,3768.08,V1,,,
2023-06-02,BANKNIFTY,BUY_PE,43900,71.60781084749578,144.772862787944,44122.111755741804,0.9197707736389685,44122.111755741804,2175.48,54.72,2120.76,V1,,,
2023-06-08,BANKNIFTY,BUY_PE,44000,86.13398752682588,129.69785778945044,44121.1279756422,0.2245231607629428,44121.1279756422,1287.49,56.24,1231.25,V1,,,
2023-06-09,BANKNIFTY,BUY_PE,44000,73.47636023782252,121.53431453585247,44139.115858340905,0.2341796134899583,44139.115858340905,1424.19,54.92,1369.27,V1,,,
2023-06-12,BANKNIFTY,BUY_PE,43900,46.978168581186765,87.40687887453998,44114.4329610127,0.23051100335695637,44114.4329610127,1200.77,52.13,1148.63,V1,,,
2023-06-13,BANKNIFTY,BUY_PE,44100,125.59327640592528,131.10274614481077,44091.3114110491,0.2456768038163387,44091.3114110491,142.18,60.39,81.79,V1,,,
2023-06-14,BANKNIFTY,BUY_PE,44000,94.11505246961315,121.02243314293877,44054.70807444523,0.3180282250049692,44054.70807444523,787.86,57.08,730.78,V1,,,
2023-06-15,BANKNIFTY,BUY_PE,43400,13.560603188589539,34.11410896877767,43916.58856273102,0.2971216341689879,43916.58856273102,612.31,48.62,563.69,V1,,,
2023-06-19,BANKNIFTY,BUY_PE,43600,71.08519882555265,142.515116723503,43832.189812985634,0.832349219738507,43832.189812985634,2123.67,54.66,2069.01,V1,,,
2023-06-22,BANKNIFTY,BUY_PE,43700,120.88627632405405,146.00773329603305,43779.05465916487,0.6167003576426683,43779.05465916487,729.62,59.89,669.73,V1,,,
2023-06-23,BANKNIFTY,BUY_PE,43600,89.34222175561445,131.90143391263422,43743.70273480387,0.5843524384853396,43743.70273480387,1256.86,56.58,1200.28,V1,,,
2023-06-26,BANKNIFTY,BUY_PE,43700,123.96997897453548,160.18024412775472,43736.76532049115,0.19273809523809524,43736.76532049115,1060.73,60.22,1000.52,V1,,,
2023-07-06,BANKNIFTY,BUY_CE,45300,134.36508302382936,192.81982353072493,45173.13521345205,1.1117713638936049,45173.13521345205,1724.2,61.31,1662.89,V1,,,
2023-07-11,BANKNIFTY,BUY_PE,44800,73.64478834988768,143.41573596267222,45078.71235736925,0.6755083996463307,45078.71235736925,2073.59,54.93,2018.66,V1,,,
2023-07-12,BANKNIFTY,BUY_PE,44700,80.17343011951016,154.19390721077067,44955.96136605245,0.9391518131530424,44955.96136605245,2199.52,55.62,2143.9,V1,,,
2023-07-13,BANKNIFTY,BUY_PE,44700,110.79485750341883,155.67226780893972,44854.92985308976,0.2770675415771015,44854.92985308976,1322.34,58.83,1263.51,V1,,,
2023-07-24,BANKNIFTY,BUY_CE,45900,166.1763875076649,296.8768989607183,45844.9604795539,3.442238854539538,45844.9604795539,3879.34,64.65,3814.69,V1,,,
2023-07-26,BANKNIFTY,BUY_CE,46000,186.85094497452155,207.8319530347229,46003.65665720205,1.7887199823749724,46003.65665720205,593.91,66.82,527.09,V1,,,
2023-07-31,BANKNIFTY,BUY_PE,45600,87.16860508980608,173.48355781937298,45780.11865968721,0.3079463364293086,45780.11865968721,2565.99,56.35,2509.64,V1,,,
2023-08-01,BANKNIFTY,BUY_PE,45600,100.17587520424968,149.53304874944624,45739.83938352471,0.735064585575888,45739.83938352471,1458.24,57.72,1400.52,V1,,,
2023-08-02,BANKNIFTY,BUY_PE,45000,28.614272610446278,61.35879478957722,45538.04733031802,0.7913950456323338,45538.04733031802,974.24,50.2,924.03,V1,,,
2023-08-04,BANKNIFTY,BUY_PE,44900,99.07366664774418,183.95861235517197,45109.25869565217,0.2918874367125868,45109.25869565217,2521.08,57.6,2463.47,V1,,,
2023-08-07,BANKNIFTY,BUY_PE,44800,113.7517245522431,159.14105706340362,44963.71010055121,0.753284448518179,44963.71010055121,1337.12,59.14,1277.98,V1,,,
2023-08-10,BANKNIFTY,BUY_PE,44500,72.08720699959667,137.2174320185489,44822.54564856642,0.7606988299406956,44822.54564856642,1935.07,54.77,1880.3,V1,,,
2023-08-16,BANKNIFTY,BUY_PE,43900,93.62272793412922,179.6819685854772,44071.924596977515,0.29466923570969816,44071.924596977515,2557.18,57.03,2500.15,V1,,,
2023-08-21,BANKNIFTY,BUY_CE,44000,100.07747445142013,135.5215244367435,43870.018783462954,2.3328211399036,43870.018783462954,1042.12,57.71,984.41,V1,,,
2023-08-22,BANKNIFTY,BUY_CE,44000,100.55278478202672,202.78170693558724,43869.909544744994,3.6677481571067427,43869.909544744994,3039.57,57.76,2981.81,V1,,,
2023-08-23,BANKNIFTY,BUY_CE,44500,30.562197694501265,67.65032984602931,44009.56783622598,3.7673638879014937,44009.56783622598,1103.8,50.41,1053.4,V1,,,
2023-08-30,BANKNIFTY,BUY_PE,44200,74.49296169777335,147.2008887609724,44441.17188994734,0.7314886983632112,44441.17188994734,2161.29,55.02,2106.26,V1,,,
2023-08-31,BANKNIFTY,BUY_PE,44100,88.11107252216607,177.60161071043288,44239.266912734645,0.24463454900195108,44239.266912734645,2660.8,56.45,2604.35,V1,,,
2023-09-13,BANKNIFTY,BUY_CE,45900,33.244527895837564,74.6160930471192,45435.648310583725,1.1010699273977838,45435.648310583725,1231.44,50.69,1180.75,V1,,,
2023-09-18,BANKNIFTY,BUY_CE,46000,138.40440489585671,256.4706195981254,45894.063006945755,1.8592156862745097,45894.063006945755,3506.45,61.73,3444.72,V1,,,
2023-09-20,BANKNIFTY,BUY_PE,45400,46.353673074122526,92.86603687696564,45860.120736115336,0.838495575221239,45860.120736115336,1382.84,52.07,1330.77,V1,,,
2023-09-27,BANKNIFTY,BUY_PE,44600,164.29350583831183,276.5743674829146,44682.533184121625,0.2588383838383838,44682.533184121625,3328.75,64.45,3264.3,V1,,,
2023-09-28,BANKNIFTY,BUY_PE,44300,93.6206441959257,168.91456950270995,44580.22486577521,0.7021276595744681,44580.22486577521,2235.19,57.03,2178.16,V1,,,
2023-10-05,BANKNIFTY,BUY_PE,44200,162.89631516329973,199.23849946861753,44302.605155290716,0.4232750896057348,44302.605155290716,1057.67,64.3,993.37,V1,,,
2023-10-09,BANKNIFTY,BUY_PE,43900,101.93316184408832,179.75133121323137,44169.462042334984,0.6047849788007268,44169.462042334984,2309.19,57.9,2251.29,V1,,,
2023-10-13,BANKNIFTY,BUY_PE,44300,182.74047363232603,206.1786204047927,44340.016110644414,0.5387066541705717,44340.016110644414,668.14,66.39,601.75,V1,,,
2023-10-16,BANKNIFTY,BUY_PE,44200,118.50149096875793,207.76148274574342,44398.94352970174,0.526470049459608,44398.94352970174,2648.44,59.64,2588.79,V1,,,
2023-10-18,BANKNIFTY,BUY_PE,43900,70.05083642318823,128.7806557937322,44292.896105775544,0.5008926800238048,44292.896105775544,1744.0,54.56,1689.44,V1,,,
2023-10-19,BANKNIFTY,BUY_PE,43800,69.61859981697307,130.7671863523091,44151.28527632778,0.49743892828999214,44151.28527632778,1816.42,54.51,1761.91,V1,,,
2023-10-27,BANKNIFTY,BUY_PE,42800,154.81646742162775,255.97247669031265,42923.96689555701,0.4434557979334099,42923.96689555701,2997.71,63.46,2934.25,V1,,,
2023-11-02,BANKNIFTY,BUY_CE,43000,159.80591874249149,264.5979027509497,42844.92774053163,1.179978471474704,42844.92774053163,3105.56,63.98,3041.58,V1,,,
2023-11-12,BANKNIFTY,BUY_CE,44000,134.5938129247479,203.7580301361452,43813.92986665189,1.2674752633258857,43813.92986665189,2044.47,61.33,1983.14,V1,,,
2023-11-17,BANKNIFTY,BUY_PE,43600,68.70897922048971,127.40390606288463,43979.23288616502,0.09084364842052595,43979.23288616502,1743.2,54.41,1688.78,V1,,,
2023-11-21,BANKNIFTY,BUY_PE,43700,101.06271576155268,185.14662190268172,43901.19367588116,1.1519410206197442e-06,43901.19367588116,2496.76,57.81,2438.95,V1,,,
2023-11-22,BANKNIFTY,BUY_PE,43400,65.45018982464353,126.94831070853637,43716.803540369925,1.2396181975951406e-06,43716.803540369925,1827.63,54.07,1773.56,V1,,,
2023-11-23,BANKNIFTY,BUY_PE,43600,155.9491846273122,164.2634330581186,43594.79774313179,1.3243279035889285e-06,43594.79774313179,220.61,63.57,157.03,V1,,,
2023-11-30,BANKNIFTY,BUY_CE,44500,63.718190798028445,130.24269472478267,44186.33017283647,3.131875414181577,44186.33017283647,1978.28,53.89,1924.39,V1,,,
2023-12-07,BANKNIFTY,BUY_CE,46800,142.86415875936473,227.08063907829396,46380.74736577829,1.4337759618658494,46380.74736577829,2493.2,62.2,2431.0,V1,,,
2023-12-08,BANKNIFTY,BUY_CE,47300,112.66343635321573,183.07491416261962,46757.13143588959,4.300982800982801,46757.13143588959,2085.73,59.03,2026.7,V1,,,
2023-12-12,BANKNIFTY,BUY_CE,47100,303.56336964697766,443.689175833375,47061.10940488841,3.828828828828829,47061.10940488841,4136.52,79.07,4057.45,V1,,,
2023-12-13,BANKNIFTY,BUY_CE,47100,315.6888055989657,317.49094650284604,47088.71937340582,1.4286719849835758,47088.71937340582,-2.92,80.35,-83.27,V1,,,
2023-12-15,BANKNIFTY,BUY_CE,48100,118.25442067821132,189.6664832934227,47527.49939312099,1.545407233931824,47527.49939312099,2114.65,59.62,2055.03,V1,,,
2023-12-20,BANKNIFTY,BUY_PE,47400,140.3449712414913,221.18151763047942,47825.707018663736,0.92282489989079,47825.707018663736,2392.56,61.94,2330.62,V1,,,
2023-12-22,BANKNIFTY,BUY_PE,47500,218.68569974915226,328.7324185661475,47703.659968168286,0.8851763907734057,47703.659968168286,3252.13,70.16,3181.97,V1,,,
2023-12-29,BANKNIFTY,BUY_CE,48300,271.20039141468806,401.52450282542475,48168.11603189946,5.444511459589867,48168.11603189946,3849.18,75.68,3773.5,V1,,,
2024-01-04,BANKNIFTY,BUY_CE,48200,205.68798815805712,235.38359583165283,48133.11459201714,2.795422440149591,48133.11459201714,851.17,68.8,782.37,V1,,,
2024-01-05,BANKNIFTY,BUY_CE,48200,199.38150558589768,217.97976937480271,48118.86479915686,2.430646826263054,48118.86479915686,520.39,68.14,452.25,V1,,,
2024-01-09,BANKNIFTY,BUY_PE,47200,51.551639850704305,96.92813598048113,47784.90110783116,0.21196766799372663,47784.90110783116,1347.93,52.61,1295.32,V1,,,
2024-01-11,BANKNIFTY,BUY_PE,47400,143.37560793288503,242.6076412340616,47609.88037538743,0.5945238925706313,47609.88037538743,2942.22,62.25,2879.97,V1,,,
2024-01-20,BANKNIFTY,BUY_PE,46100,323.03708921880025,449.4315556304155,46167.22431226364,0.8372268274302939,46167.22431226364,3722.31,81.12,3641.19,V1,,,
2024-01-30,BANKNIFTY,BUY_CE,45400,310.1743094802732,429.24954329720845,45217.455234510715,3.026598472338688,45217.455234510715,3505.71,79.77,3425.94,V1,,,
2024-02-02,BANKNIFTY,BUY_CE,46000,311.23213355496046,429.80724897899216,45793.82823983509,1.640975925028276,45793.82823983509,3490.56,79.88,3410.68,V1,,,
2024-02-06,BANKNIFTY,BUY_PE,45700,266.74406294680375,373.62269565015447,45940.52951448333,0.812934131736527,45940.52951448333,3148.73,75.21,3073.52,V1,,,
2024-02-07,BANKNIFTY,BUY_PE,45800,296.4659862000117,411.22340341169195,45970.53154132322,0.8685860524632117,45970.53154132322,3379.03,78.33,3300.7,V1,,,
2024-02-08,BANKNIFTY,BUY_PE,45000,110.70529905091462,164.81429826308926,45811.49764036291,0.28698835899361624,45811.49764036291,1598.47,58.82,1539.65,V1,,,
2024-02-12,BANKNIFTY,BUY_PE,44900,186.0064997752379,263.00893423480295,45463.97043456418,0.26333365136914416,45463.97043456418,2269.66,66.73,2202.93,V1,,,
2024-02-15,BANKNIFTY,BUY_CE,46200,95.30193227051132,152.71797850252295,45512.97940892911,1.362153898420248,45512.97940892911,1700.16,57.21,1642.95,V1,,,
2024-02-19,BANKNIFTY,BUY_CE,46500,217.7001186157613,324.9315642761476,46233.735260809175,1.4344876829703677,46233.735260809175,3168.11,70.06,3098.05,V1,,,
2024-02-26,BANKNIFTY,BUY_PE,46600,155.7594291123023,250.20727819895984,46863.43964719194,0.09230049648086125,46863.43964719194,2796.9,63.55,2733.34,V1,,,
2024-02-27,BANKNIFTY,BUY_PE,46600,173.59515612608084,275.7581439225957,46810.63767404623,0.21479445208046982,46810.63767404623,3024.45,65.43,2959.02,V1,,,
2024-02-28,BANKNIFTY,BUY_PE,46000,62.16524320430108,108.83992114115172,46638.51324334054,0.19655129326502563,46638.51324334054,1384.85,53.73,1331.12,V1,,,
2024-02-29,BANKNIFTY,BUY_PE,46100,153.96034655782205,247.01573486214244,46364.61063265043,0.20463119552491219,46364.61063265043,2755.57,63.37,2692.21,V1,,,
2024-03-01,BANKNIFTY,BUY_CE,47300,52.80295388437844,89.33834898966364,46355.212645858024,1.1868131868131868,46355.212645858024,1083.27,52.74,1030.52,V1,,,
2024-03-06,BANKNIFTY,BUY_CE,48000,97.96169134709999,163.42242372445614,47420.37613892689,1.6888031627294442,47420.37613892689,1940.3,57.49,1882.81,V1,,,
2024-03-11,BANKNIFTY,BUY_PE,47300,123.5937911878591,206.36286342182248,47643.59132732306,0.8275873367763092,47643.59132732306,2453.38,60.18,2393.2,V1,,,
2024-03-13,BANKNIFTY,BUY_PE,47000,73.0561854196003,130.29742200101106,47509.99674015285,0.8581674735520889,47509.99674015285,1698.94,54.87,1644.06,V1,,,
2024-03-14,BANKNIFTY,BUY_PE,46800,78.83546494528491,139.6768312218186,47275.148532345396,0.36248948696383515,47275.148532345396,1805.57,55.48,1750.1,V1,,,
2024-03-18,BANKNIFTY,BUY_PE,46600,135.3780697635866,226.39564433800956,46860.81539095686,0.3743380406001765,46860.81539095686,2697.97,61.41,2636.55,V1,,,
2024-03-19,BANKNIFTY,BUY_PE,46400,105.04906174017378,183.78250674787583,46717.76597657515,0.6986613500427229,46717.76597657515,2336.01,58.23,2277.78,V1,,,
2024-03-20,BANKNIFTY,BUY_PE,46300,131.12700260673046,223.6322788038101,46531.06746997349,0.7640554430774023,46531.06746997349,2743.23,60.97,2682.26,V1,,,
2024-03-22,BANKNIFTY,BUY_CE,46900,110.14917868386692,190.36994678636415,46523.096960949406,1.793006993006993,46523.096960949406,2379.58,58.77,2320.81,V1,,,
2024-03-26,BANKNIFTY,BUY_CE,46600,239.86183528357287,259.56728983285575,46560.23592001253,1.3255944055944056,46560.23592001253,546.22,72.39,473.83,V1,,,
2024-03-27,BANKNIFTY,BUY_CE,46800,191.72457752562332,310.1372119570213,46649.444679059736,1.3826573426573427,46649.444679059736,3507.21,67.33,3439.88,V1,,,
2024-03-28,BANKNIFTY,BUY_CE,47100,145.74819099382512,248.60396628122416,46869.809481993965,3.7043726235741445,46869.809481993965,3050.18,62.5,2987.68,V1,,,
2024-04-01,BANKNIFTY,BUY_CE,47600,221.22824325539113,244.93028355411425,47528.056696854284,1127400.0,47528.056696854284,669.11,70.43,598.68,V1,,,
2024-04-02,BANKNIFTY,BUY_CE,47500,200.277989073129,209.34969702749552,47529.017772919666,135066400.0,47529.017772919666,235.28,68.23,167.06,V1,,,
2024-04-03,BANKNIFTY,BUY_CE,47600,150.86579390872066,194.22997338066222,47530.14366540745,135077600.0,47530.14366540745,1269.87,63.04,1206.83,V1,,,
2024-04-12,BANKNIFTY,BUY_PE,48600,152.8239723153347,184.47741782806906,48635.78972602739,0.62749898000816,48635.78972602739,919.25,63.25,856.0,V1,,,
2024-04-19,BANKNIFTY,BUY_PE,47600,155.0366722931285,263.27180954853884,47753.309389372385,0.7323753169907016,47753.309389372385,3209.41,63.48,3145.93,V1,,,
2024-04-26,BANKNIFTY,BUY_CE,48200,235.2856252068159,380.7515441625415,48175.45752346817,1.9265997490589712,48175.45752346817,4308.53,71.9,4236.63,V1,,,
2024-05-03,BANKNIFTY,BUY_PE,48900,179.98396762757693,285.02755132986493,49139.906317962836,0.7359619005426957,49139.906317962836,3109.46,66.1,3043.36,V1,,,
2024-05-06,BANKNIFTY,BUY_PE,48900,155.82301525135335,250.5187970816761,49212.26053771581,0.2905231370459188,49212.26053771581,2804.3,63.56,2740.74,V1,,,
2024-05-07,BANKNIFTY,BUY_PE,48300,48.82784256632931,86.33231437513166,49132.25353983291,0.26001589825119237,49132.25353983291,1112.97,52.33,1060.64,V1,,,
2024-05-13,BANKNIFTY,BUY_PE,47800,254.44812778801133,382.0961829607801,47874.265541090324,7.416747014759326e-07,47874.265541090324,3772.15,73.92,3698.24,V1,,,
2024-05-17,BANKNIFTY,BUY_CE,48100,135.64492911026355,226.49244699146865,47751.89392875153,1.4540103016924208,47751.89392875153,2692.83,61.44,2631.39,V1,,,
2024-05-21,BANKNIFTY,BUY_CE,48000,257.7658693709636,291.01233829794774,47982.74142902703,4.6099266877222025,47982.74142902703,948.0,74.27,873.74,V1,,,
2024-05-23,BANKNIFTY,BUY_CE,48800,77.29513091175068,132.45493608682494,48117.66840492796,4.319932448228169,48117.66840492796,1635.92,55.32,1580.6,V1,,,
2024-05-31,BANKNIFTY,BUY_CE,49000,251.21735057963087,259.6738048577875,48966.98003725855,1.5126918536009446,48966.98003725855,207.71,73.58,134.14,V1,,,
2024-06-05,BANKNIFTY,BUY_CE,49100,664.3356572616976,797.3917446237491,48806.353004064455,1.0849766941556114,48806.353004064455,3860.13,116.96,3743.17,V1,,,
2024-06-06,BANKNIFTY,BUY_CE,49300,602.3387973356075,727.5080152441961,48869.90865691028,2.227224008574491,48869.90865691028,3635.39,110.45,3524.94,V1,,,
2024-06-12,BANKNIFTY,BUY_CE,49900,703.6075886405197,843.1435684614631,49672.88285774015,1.2477814511919263,49672.88285774015,4046.87,121.08,3925.79,V1,,,
2024-06-19,BANKNIFTY,BUY_CE,51400,469.7608063737389,575.1507689782547,50517.635000149225,2.186860739575138,50517.635000149225,3067.66,96.52,2971.13,V1,,,
2024-06-21,BANKNIFTY,BUY_CE,51700,572.4811884606206,695.2554825396819,51110.00376686082,8.077963404932378,51110.00376686082,3569.13,107.31,3461.82,V1,,,
2024-06-24,BANKNIFTY,BUY_CE,51700,654.2862331666838,788.9381182582357,51305.139066897864,3.508638562543193,51305.139066897864,3909.67,115.9,3793.77,V1,,,
2024-06-25,BANKNIFTY,BUY_CE,52600,446.20592743518137,548.7798868279144,51608.247607863595,3.5832757429163786,51608.247607863595,2987.67,94.05,2893.62,V1,,,
2024-06-28,BANKNIFTY,BUY_PE,52300,735.8433007431995,803.3954920982139,52492.21456982827,0.9559697894905994,52492.21456982827,1888.03,124.46,1763.57,V1,,,
2024-07-01,BANKNIFTY,BUY_CE,52600,831.4994027558096,845.5331956183129,52546.86686232545,1.0301298701298702,52546.86686232545,270.08,134.51,135.57,V1,,,
2024-07-05,BANKNIFTY,BUY_CE,52700,249.3666747261559,277.4505844833071,52599.597474158625,1.2801011624673364,52599.597474158625,795.1,73.38,721.72,V1,,,
2024-07-11,BANKNIFTY,BUY_PE,52300,233.1990844116881,368.62446622173667,52393.7564269275,0.6270693105330181,52393.7564269275,4008.6,71.69,3936.91,V1,,,
2024-07-12,BANKNIFTY,BUY_PE,52300,251.1783079197412,284.14523963850456,52351.5813521339,0.6574480259393477,52351.5813521339,940.83,73.57,867.26,V1,,,
2024-07-16,BANKNIFTY,BUY_CE,52400,270.7031970816861,297.77229350563505,52341.04439469508,1.371007371007371,52341.04439469508,760.91,75.62,685.29,V1,,,
2024-07-24,BANKNIFTY,BUY_PE,51300,35.76015653032937,74.3675124417388,51935.080037942666,0.6285200718993409,51935.080037942666,1148.31,50.95,1097.35,V1,,,
2024-07-26,BANKNIFTY,BUY_PE,51300,167.819565678441,288.4048083113747,51436.65393119634,0.5735688377227567,51436.65393119634,3576.5,64.82,3511.68,V1,,,
2024-08-02,BANKNIFTY,BUY_PE,51400,93.83741895118874,194.25058889039653,51570.79795566949,0.5071420537622314,51570.79795566949,2986.47,57.05,2929.41,V1,,,
2024-08-08,BANKNIFTY,BUY_PE,50200,171.12766440620544,288.73412603778416,50343.310234250624,0.2179144385026738,50343.310234250624,3486.81,65.17,3421.64,V1,,,
2024-08-13,BANKNIFTY,BUY_PE,49800,93.32886944530946,164.10639823013116,50254.952663371776,0.635022026431718,50254.952663371776,2100.16,57.0,2043.16,V1,,,
2024-08-23,BANKNIFTY,BUY_CE,50900,225.6993781584024,354.69075297752346,50726.310726695876,5.106678230702515,50726.310726695876,3817.51,70.9,3746.61,V1,,,
2024-08-27,BANKNIFTY,BUY_CE,51300,151.66518512819493,250.38379726558657,50933.16450360962,6.309604519774012,50933.16450360962,2925.37,63.12,2862.25,V1,,,
2024-08-28,BANKNIFTY,BUY_CE,51100,299.1250972206508,326.72455018870903,51089.97691188695,5.938983050847457,51089.97691188695,771.66,78.61,693.05,V1,,,
2024-08-29,BANKNIFTY,BUY_CE,51200,275.36685306295476,280.8158473734182,51141.53354898875,1.5918744228993535,51141.53354898875,113.41,76.11,37.3,V1,,,
2024-08-30,BANKNIFTY,BUY_CE,51400,242.70349637795516,280.9491033376697,51264.99381150382,1.6403508771929824,51264.99381150382,1100.24,72.68,1027.56,V1,,,
2024-09-06,BANKNIFTY,BUY_PE,50600,38.222895589681684,75.71127231556835,51301.306000619996,0.3782964135021097,51301.306000619996,1114.4,51.21,1063.18,V1,,,
2024-09-09,BANKNIFTY,BUY_PE,51100,207.4038074792188,339.31159084930005,51183.98588635093,0.615929583512237,51183.98588635093,3908.03,68.98,3839.05,V1,,,
2024-09-10,BANKNIFTY,BUY_CE,51300,192.50682950154442,253.66096087538716,51123.98079313342,1.4553231939163498,51123.98079313342,1794.47,67.41,1727.06,V1,,,
2024-09-11,BANKNIFTY,BUY_PE,51000,188.72898629316842,213.98313159702403,51068.34261474393,0.7636238215681765,51068.34261474393,721.38,67.02,654.36,V1,,,
2024-09-20,BANKNIFTY,BUY_CE,53800,27.63087987560084,57.262235341778734,52919.08676071302,1.7608200455580865,52919.08676071302,881.3,50.1,831.2,V1,,,
2024-09-25,BANKNIFTY,BUY_CE,54100,131.8284568229392,233.73420144800963,53755.22141590808,4.18276220145379,53755.22141590808,3024.27,61.04,2963.23,V1,,,
2024-09-26,BANKNIFTY,BUY_CE,54400,105.1415525588036,191.51298390337746,53960.30394759145,4.076323987538941,53960.30394759145,2564.44,58.24,2506.2,V1,,,
2024-10-09,BANKNIFTY,BUY_PE,51000,192.86945742692114,295.07219317295596,51344.32646338383,0.4591503267973856,51344.32646338383,3022.17,67.45,2954.72,V1,,,
2024-10-21,BANKNIFTY,BUY_CE,52000,285.6612986071341,422.4813667401462,51831.62050192612,1.72131931166348,51831.62050192612,4040.87,77.19,3963.67,V1,,,
2024-10-22,BANKNIFTY,BUY_PE,51300,166.95249834662718,258.2474319739671,51746.386734693864,0.6579318117779657,51746.386734693864,2700.58,64.73,2635.85,V1,,,
2024-10-23,BANKNIFTY,BUY_PE,51200,174.99241310987782,269.3450036426385,51618.884659043826,0.510494097070398,51618.884659043826,2790.59,65.57,2725.01,V1,,,
2024-10-24,BANKNIFTY,BUY_PE,51500,291.54124972863065,425.63769897789405,51616.49333410085,0.7590730214254482,51616.49333410085,3958.35,77.81,3880.54,V1,,,
2024-10-28,BANKNIFTY,BUY_PE,51300,368.23430946075314,377.6826498286172,51278.43080602665,0.611459842266216,51278.43080602665,216.32,85.86,130.45,V1,,,
2024-10-29,BANKNIFTY,BUY_CE,52300,108.06108502790266,169.2358701923874,51418.37194666848,1.7399074852817493,51418.37194666848,1810.29,58.55,1751.74,V1,,,
2024-11-08,BANKNIFTY,BUY_PE,51600,266.24172473929866,357.39314861252626,51787.124760349565,0.4233680902728182,51787.124760349565,2678.42,75.16,2603.26,V1,,,
2024-11-11,BANKNIFTY,BUY_PE,51900,324.4194573527602,470.349507777409,51935.43824933686,0.2857809401609705,51935.43824933686,4306.37,81.26,4225.11,V1,,,
2024-11-12,BANKNIFTY,BUY_PE,51200,112.79883201191114,178.8545680982854,51901.37474564684,0.7557749627421758,51901.37474564684,1955.42,59.04,1896.38,V1,,,
2024-11-13,BANKNIFTY,BUY_PE,50100,39.12614479912281,65.2883121255373,51417.54153099114,0.24049685722837474,51417.54153099114,775.47,51.31,724.16,V1,,,
2024-11-19,BANKNIFTY,BUY_CE,50600,381.45062000180405,537.2189307487865,50594.994760278154,1.3474150664697193,50594.994760278154,4590.37,87.25,4503.12,V1,,,
2024-11-22,BANKNIFTY,BUY_CE,51100,157.67705122132793,240.63208543588388,50491.84325500435,1.042235217673814,50491.84325500435,2452.8,63.76,2389.05,V1,,,
2024-12-03,BANKNIFTY,BUY_CE,52700,184.52516996157829,283.07898868234054,52218.917624780195,1.3809189757979656,52218.917624780195,2914.53,66.58,2847.96,V1,,,
2024-12-05,BANKNIFTY,BUY_CE,53600,74.15685880621095,126.20128762574569,52721.3513064133,3.7459302325581394,52721.3513064133,1543.3,54.99,1488.31,V1,,,
2024-12-06,BANKNIFTY,BUY_CE,53500,168.6985533494153,266.5780139243136,53028.47013146295,799900.0,53028.47013146295,2897.21,64.91,2832.3,V1,,,
2024-12-09,BANKNIFTY,BUY_CE,53400,265.83614026936266,402.7596474122421,53212.06883014623,3.153295128939828,53212.06883014623,4047.53,75.11,3972.42,V1,,,
2024-12-10,BANKNIFTY,BUY_CE,53600,250.42214381152007,329.2561922155889,53388.45034639274,3.245463228271251,53388.45034639274,2312.85,73.49,2239.36,V1,,,
2024-12-13,BANKNIFTY,BUY_CE,53600,163.87096452222977,241.64526842290024,53379.75177614324,1.1032154340836013,53379.75177614324,2296.73,64.41,2232.33,V1,,,
2024-12-16,BANKNIFTY,BUY_CE,53600,164.83243551756823,286.9979956626843,53379.269938631674,4.753937007874016,53379.269938631674,3624.3,64.51,3559.79,V1,,,
2024-12-24,BANKNIFTY,BUY_PE,51200,163.15300796461815,269.6421630277429,51447.00288495891,0.5197408382263616,51447.00288495891,3155.72,64.33,3091.39,V1,,,
2024-12-26,BANKNIFTY,BUY_PE,51200,251.22564451568905,277.41647078890276,51226.875494137355,0.5241984888707372,51226.875494137355,738.15,73.58,664.57,V1,,,
2024-12-30,BANKNIFTY,BUY_PE,51000,158.60405469708712,263.36935605746646,51252.29799967606,0.5553923009109609,51252.29799967606,3104.98,63.85,3041.13,V1,,,
2025-01-02,BANKNIFTY,BUY_CE,51600,70.88514915704764,131.11328018260934,51008.798759352925,8.334808645727792,51008.798759352925,1788.66,54.64,1734.02,V1,,,
2025-01-14,BANKNIFTY,BUY_PE,48700,200.94992728539,305.3468544645723,48973.17719538342,0.1793365583966828,48973.17719538342,3086.34,68.3,3018.04,V1,,,
2025-01-15,BANKNIFTY,BUY_PE,48800,316.6330710807597,333.8381399845916,48786.786737845825,0.26243953006219767,48786.786737845825,457.61,80.45,377.16,V1,,,
2025-01-17,BANKNIFTY,BUY_PE,48500,240.71945537973443,356.5222033469821,48688.7882743462,0.6543940390094236,48688.7882743462,3420.33,72.48,3347.86,V1,,,
2025-01-22,BANKNIFTY,BUY_PE,48700,248.38085136914015,362.8660188645325,48914.83438517915,0.7792397660818714,48914.83438517915,3379.54,73.28,3306.26,V1,,,
2025-01-24,BANKNIFTY,BUY_PE,48400,189.879913392042,284.89792457259887,48767.232511510134,0.8330341113105925,48767.232511510134,2807.81,67.14,2740.67,V1,,,
2025-01-27,BANKNIFTY,BUY_PE,48100,195.93953658686587,293.03343829518474,48441.84835095823,0.8136272545090181,48441.84835095823,2868.81,67.77,2801.04,V1,,,
2025-01-28,BANKNIFTY,BUY_CE,48900,225.4426828657124,328.84819775950933,48511.64865202281,1.0608717434869739,48511.64865202281,3052.28,70.87,2981.41,V1,,,
2025-01-31,BANKNIFTY,BUY_CE,49600,125.76119216438747,194.50093418741193,48888.653059608645,6.7676912080057186,48888.653059608645,2033.37,60.4,1972.96,V1,,,
2025-02-01,BANKNIFTY,BUY_CE,49500,308.55496555671925,448.3510002985987,49405.11382099054,1178800.0,49405.11382099054,4125.76,79.6,4046.16,V1,,,
2025-02-03,BANKNIFTY,BUY_PE,49200,223.55414883454796,334.64215980432374,49438.91178996231,0.2766955114363298,49438.91178996231,3282.4,70.67,3211.73,V1,,,
2025-02-10,BANKNIFTY,BUY_PE,50000,219.3033188561676,336.8887793313228,50186.156561289776,0.5731331001851471,50186.156561289776,3477.51,70.23,3407.28,V1,,,
2025-02-13,BANKNIFTY,BUY_PE,49400,152.69013464877025,247.10135344448253,49720.13126011331,0.24266666666666667,49720.13126011331,2796.36,63.23,2733.12,V1,,,
2025-02-14,BANKNIFTY,BUY_PE,49100,122.38266856203882,207.56801080509865,49448.271774941415,0.26114405969007076,49448.271774941415,2525.86,60.05,2465.81,V1,,,
2025-02-17,BANKNIFTY,BUY_PE,49300,231.64072548665717,374.7588821842936,49294.431365205885,0.28761061946902655,49294.431365205885,4238.97,71.52,4167.45,V1,,,
2025-02-18,BANKNIFTY,BUY_PE,49100,178.64988668487058,298.6527477846429,49213.835517014675,0.6679957469431154,49213.835517014675,3557.13,65.96,3491.17,V1,,,
2025-03-03,BANKNIFTY,BUY_PE,48100,76.13881930918433,143.92894886466453,48474.986198357125,0.576679599754952,48474.986198357125,2013.9,55.19,1958.7,V1,,,
2025-03-04,BANKNIFTY,BUY_PE,48200,119.2924028045818,214.27027197529623,48418.66995830468,0.5177851118445178,48418.66995830468,2819.32,59.73,2759.59,V1,,,
2025-03-06,BANKNIFTY,BUY_CE,48600,75.70486669449929,159.62316189629843,48338.678781230265,1.0344198769090496,48338.678781230265,2496.37,55.15,2441.22,V1,,,
2025-03-12,BANKNIFTY,BUY_PE,48100,112.24611688070581,225.13576852072663,48185.34441709693,0.48345740281224153,48185.34441709693,3356.33,58.99,3297.34,V1,,,
2025-03-13,BANKNIFTY,BUY_PE,48100,142.60781928809956,166.21122002780018,48111.547825053516,0.7222911497105046,48111.547825053516,680.31,62.17,618.13,V1,,,
2025-03-26,BANKNIFTY,BUY_CE,51200,207.9402778382646,334.4801777935419,51014.26369276108,3.5593952483801297,51014.26369276108,3747.38,69.03,3678.35,V1,,,
2025-03-27,BANKNIFTY,BUY_CE,51600,156.93175562073156,260.7922528062124,51270.9306834512,1.5427388346643005,51270.9306834512,3078.22,63.68,3014.54,V1,,,
2025-03-28,BANKNIFTY,BUY_CE,51600,249.03697926671884,391.742913433192,51499.289704507784,2.430346051464064,51499.289704507784,4223.51,73.35,4150.16,V1,,,
2025-04-02,BANKNIFTY,BUY_PE,51300,255.20247027614096,392.9434819584483,51367.54064659353,0.6064760793465578,51367.54064659353,4073.9,74.0,3999.9,V1,,,
2025-04-03,BANKNIFTY,BUY_CE,51600,211.08810154530875,301.26345827328834,51370.44420873466,1.1304956035171863,51370.44420873466,2659.15,69.36,2589.78,V1,,,
2025-04-04,BANKNIFTY,BUY_CE,51500,259.1013416351052,399.1513889596414,51379.59202105912,2.4658992805755395,51379.59202105912,4142.26,74.41,4067.85,V1,,,
2025-04-11,BANKNIFTY,BUY_CE,51000,240.21724645066934,346.6992648372572,50567.500911353665,2.0829812914906456,50567.500911353665,3141.64,72.42,3069.22,V1,,,
2025-04-24,BANKNIFTY,BUY_CE,55200,458.1428711299086,612.66041197226,55050.8995463774,3.1470468431771894,55050.8995463774,4539.15,95.31,4443.85,V1,,,
2025-04-28,BANKNIFTY,BUY_CE,55400,481.2508096407473,543.5623833402888,55304.08323144107,1.1185623493315802,55304.08323144107,1777.11,97.73,1679.38,V1,,,
2025-04-29,BANKNIFTY,BUY_CE,55400,454.84547022188417,611.1630129659435,55264.962776208435,1.5093140477755862,55264.962776208435,4593.59,94.96,4498.63,V1,,,
2025-04-30,BANKNIFTY,BUY_PE,55100,463.07982374342464,617.2954572151959,55164.897815181546,0.6333435865887419,55164.897815181546,4529.24,95.82,4433.41,V1,,,
2025-05-02,BANKNIFTY,BUY_PE,55100,468.3340282200479,486.0129924058787,55152.995424275,0.6883985289200936,55152.995424275,444.48,96.38,348.1,V1,,,
2025-05-05,BANKNIFTY,BUY_PE,54900,328.3368465140484,453.9421482128372,55234.613766092785,0.5563356736877298,55234.613766092785,3697.75,81.68,3616.08,V1,,,
2025-05-06,BANKNIFTY,BUY_PE,54300,196.17532667554042,280.8561123982684,55074.80840438031,0.6317388003037205,55074.80840438031,2497.49,67.8,2429.69,V1,,,
2025-05-07,BANKNIFTY,BUY_PE,54600,396.0194902628682,535.8218978322379,54792.26171921375,0.21254307374224674,54792.26171921375,4110.21,88.78,4021.42,V1,,,
2025-05-08,BANKNIFTY,BUY_PE,54400,374.2270161758024,508.2526542358913,54645.42972854369,0.7958991723100075,54645.42972854369,3941.35,86.49,3854.85,V1,,,
2025-05-19,BANKNIFTY,BUY_CE,55400,310.9236130192767,450.3519883721451,55157.57685346176,1.4140811455847255,55157.57685346176,4114.34,79.85,4034.49,V1,,,
2025-05-23,BANKNIFTY,BUY_CE,55400,278.95212719943083,389.86021007306704,55123.55360183883,3.778242677824268,55123.55360183883,3267.05,76.49,3190.56,V1,,,
2025-05-27,BANKNIFTY,BUY_CE,55400,282.81151019709796,423.7138547841088,55190.62638888894,3.1199442119944214,55190.62638888894,4163.48,76.9,4086.59,V1,,,
2025-05-28,BANKNIFTY,BUY_CE,55400,315.5094966391298,385.2468543371788,55264.51709330679,3.077028885832187,55264.51709330679,2029.05,80.33,1948.72,V1,,,
2025-05-29,BANKNIFTY,BUY_CE,55500,341.7291259095946,502.4468054297855,55424.604691493296,3.137551581843191,55424.604691493296,4745.55,83.08,4662.47,V1,,,
2025-06-02,BANKNIFTY,BUY_CE,55900,232.89102243205707,357.0816573914075,55564.65651572463,1.5107218363032318,55564.65651572463,3672.62,71.65,3600.97,V1,,,
2025-06-04,BANKNIFTY,BUY_CE,55700,341.2308903080848,353.3590165423625,55652.349107828115,1.557590966122961,55652.349107828115,301.33,83.03,218.3,V1,,,
2025-06-05,BANKNIFTY,BUY_CE,55800,315.2578628011579,342.16075618580726,55703.946923847725,1.6158092848180678,55703.946923847725,747.92,80.3,667.62,V1,,,
2025-06-06,BANKNIFTY,BUY_CE,56600,105.65174085891158,179.2962458517392,55905.299865275585,1.8184128777181587,55905.299865275585,2183.69,58.29,2125.4,V1,,,
2025-06-11,BANKNIFTY,BUY_CE,56500,192.3729323784537,354.5554223675397,56440.023054617435,1.007477768795473,56440.023054617435,4816.25,67.4,4748.85,V1,,,
2025-06-12,BANKNIFTY,BUY_PE,56100,55.27126017788396,121.29729039938812,56504.946907287296,0.5507062371052214,56504.946907287296,1964.89,53.0,1911.89,V1,,,
2025-06-16,BANKNIFTY,BUY_PE,55900,110.4533605849283,212.02946369226936,56164.77678473166,0.22752763980131388,56164.77678473166,3018.26,58.8,2959.46,V1,,,
2025-06-17,BANKNIFTY,BUY_PE,55700,95.68885323603354,168.96208403855172,55971.18280402175,0.5993759001440231,55971.18280402175,2174.38,57.25,2117.13,V1,,,
2025-06-20,BANKNIFTY,BUY_CE,56300,71.14967115418585,144.66757721184408,55825.5056964057,1.5408249158249159,55825.5056964057,2186.11,54.67,2131.44,V1,,,
2025-06-23,BANKNIFTY,BUY_CE,56100,140.09227518859916,261.10574589739366,55863.07838286573,1.6228956228956228,55863.07838286573,3594.3,61.91,3532.39,V1,,,
2025-06-26,BANKNIFTY,BUY_CE,57200,42.164851809725405,88.07781281601592,56481.07481718469,1.3133989401968207,56481.07481718469,1365.67,51.63,1314.04,V1,,,
2025-06-27,BANKNIFTY,BUY_CE,57400,70.15685753158687,139.08808078808642,56843.611704643685,3.9390519187358914,56843.611704643685,2049.1,54.57,1994.54,V1,,,
2025-06-30,BANKNIFTY,BUY_CE,57300,155.80615442013368,280.3878087198664,57046.411202910815,4.514672686230249,57046.411202910815,3698.19,63.56,3634.63,V1,,,
2025-07-01,BANKNIFTY,BUY_CE,57500,138.34319347025303,222.2937899849092,57212.85961715164,1.6245647356758468,57212.85961715164,2486.06,61.73,2424.33,V1,,,
2025-07-07,BANKNIFTY,BUY_PE,56900,120.6355218000026,181.11449787196736,57138.82072083338,0.7506467661691543,57138.82072083338,1787.21,59.87,1727.35,V1,,,
2025-07-08,BANKNIFTY,BUY_CE,57300,133.1467212273601,210.25113629131675,57032.19396764176,1.5039123630672926,57032.19396764176,2282.23,61.18,2221.05,V1,,,
2025-07-17,BANKNIFTY,BUY_PE,56800,128.52869185448435,168.8028380293081,56938.33378534641,0.8920436817472699,56938.33378534641,1181.46,60.7,1120.77,V1,,,
2025-07-18,BANKNIFTY,BUY_PE,56300,29.265941202275826,70.28144219555858,56842.97505025253,0.8208440999138673,56842.97505025253,1221.51,50.27,1171.23,V1,,,
2025-07-25,BANKNIFTY,BUY_PE,56500,62.40021395036456,132.27436141555677,56911.42840368895,0.5806522697223446,56911.42840368895,2078.7,53.75,2024.95,V1,,,
2025-07-30,BANKNIFTY,BUY_PE,56200,90.7680805030086,183.89680958334026,56486.20386184393,0.610075454948957,56486.20386184393,2769.14,56.73,2712.41,V1,,,
2025-07-31,BANKNIFTY,BUY_PE,56000,111.14480277980692,219.20448547522864,56214.79959823046,0.2458072166694901,56214.79959823046,3212.06,58.87,3153.19,V1,,,
2025-08-01,BANKNIFTY,BUY_PE,55600,49.45012882474839,107.71706249587535,56064.008302911214,0.7987819732034105,56064.008302911214,1733.86,52.39,1681.47,V1,,,
2025-08-06,BANKNIFTY,BUY_PE,55400,90.53226844429264,184.8978996171377,55662.5240816434,0.9117049085100203,55662.5240816434,2806.18,56.71,2749.47,V1,,,
2025-08-07,BANKNIFTY,BUY_CE,55500,224.17348972801847,230.86389023495352,55508.56326226925,2.108993157380254,55508.56326226925,159.76,70.74,89.02,V1,,,
2025-08-11,BANKNIFTY,BUY_CE,55500,173.12358441657125,242.62255953144756,55343.39890338263,1.6955665024630542,55343.39890338263,2047.55,65.38,1982.17,V1,,,
2025-08-22,BANKNIFTY,BUY_PE,55100,27.873869900104182,64.43592461236238,55711.5902944786,0.6781418498548321,55711.5902944786,1088.55,50.13,1038.43,V1,,,
2025-09-02,BANKNIFTY,BUY_PE,53700,85.06832954070524,165.15902927036763,54061.40517874402,0.17651052274270196,54061.40517874402,2380.2,56.13,2324.07,V1,,,
2025-09-16,BANKNIFTY,BUY_CE,55100,89.67217234326381,180.57010370161072,54754.16396541835,1.1817750355956336,54754.16396541835,2702.62,56.62,2646.0,V1,,,
2025-09-17,BANKNIFTY,BUY_CE,55500,59.22210100628945,124.04700960651812,54999.69823392981,2.9743370402053038,54999.69823392981,1928.25,53.42,1874.83,V1,,,
2025-09-19,BANKNIFTY,BUY_CE,55500,180.61813408784656,216.39605561783688,55376.77185914198,3.0238272524199554,55376.77185914198,1037.61,66.16,971.44,V1,,,
2025-09-24,BANKNIFTY,BUY_PE,55100,57.94357085934098,129.17270262868718,55442.39880422342,0.7371867238654324,55442.39880422342,2120.03,53.28,2066.75,V1,,,
2025-09-25,BANKNIFTY,BUY_PE,55000,41.03431197046302,102.84481047187873,55325.9461778985,0.27841925516344124,55325.9461778985,1841.37,51.51,1789.86,V1,,,
2025-09-30,BANKNIFTY,BUY_PE,54600,86.23813315806547,128.14674716992064,54768.044654515295,0.8502510368915084,54768.044654515295,1237.96,56.26,1181.71,V1,,,
2025-10-08,BANKNIFTY,BUY_CE,56000,116.68412712432837,230.3503712470681,55752.90154099345,3.123247945867569,55752.90154099345,3378.75,59.45,3319.3,V1,,,
2025-10-09,BANKNIFTY,BUY_CE,56200,118.42004522809293,197.46755422482886,55963.49025708245,4.836826347305389,55963.49025708245,2343.0,59.63,2283.36,V1,,,
2025-10-10,BANKNIFTY,BUY_CE,56600,74.87881580274188,156.02727099429188,56192.697101746744,4.425149700598802,56192.697101746744,2413.67,55.06,2358.61,V1,,,
2025-10-13,BANKNIFTY,BUY_CE,56600,106.4209814151327,211.93217842680417,56306.42579984585,4.470808383233533,56306.42579984585,3136.68,58.37,3078.31,V1,,,
2025-10-14,BANKNIFTY,BUY_CE,56500,161.38748570506868,301.91037018749194,56352.3624694316,4.17814371257485,56352.3624694316,4173.99,64.15,4109.84,V1,,,
2025-10-15,BANKNIFTY,BUY_CE,56800,103.9349858117057,206.58213731374065,56486.76361955424,1.5356871678056188,56486.76361955424,3051.47,58.11,2993.35,V1,,,
2025-10-23,BANKNIFTY,BUY_CE,58100,154.96753628162696,291.634572249589,57914.36671142791,19.51794871794872,57914.36671142791,4059.82,63.47,3996.35,V1,,,
2025-10-27,BANKNIFTY,BUY_CE,58100,214.68549237531624,243.8893918024004,58054.866435136864,1.0566241625243138,58054.866435136864,834.85,69.74,765.1,V1,,,
2025-10-28,BANKNIFTY,BUY_CE,58200,139.65036776686247,200.5360236405413,58067.5614743443,1.0691592824724443,58067.5614743443,1795.95,61.86,1734.09,V1,,,
2025-11-03,BANKNIFTY,BUY_CE,58100,193.18100950671214,208.50393221194486,58071.00771777368,1.056507816914673,58071.00771777368,423.54,67.48,356.05,V1,,,
2025-11-04,BANKNIFTY,BUY_PE,57800,87.26078952308671,145.90565464968842,58028.63358169344,0.8206818609907703,58028.63358169344,1738.36,56.36,1682.0,V1,,,
2025-11-06,BANKNIFTY,BUY_PE,57600,70.22045143502146,153.86891318598458,57912.94363558728,0.25675482487491064,57912.94363558728,2489.29,54.57,2434.71,V1,,,
2025-11-13,BANKNIFTY,BUY_CE,58400,70.50588637228793,159.1150797885066,58059.587228744254,1.2055051610885206,58059.587228744254,2637.61,54.6,2583.01,V1,,,
2025-11-14,BANKNIFTY,BUY_CE,58500,80.74297035263226,180.06855827012652,58205.542654782796,3.393168117883456,58205.542654782796,2956.29,55.68,2900.62,V1,,,
2025-11-19,BANKNIFTY,BUY_CE,59200,37.72416326703933,96.54980548522686,58753.15220431672,1.3348032564450474,58753.15220431672,1752.68,51.16,1701.52,V1,,,
2025-11-25,BANKNIFTY,BUY_PE,58800,72.550094547978,128.2029893597183,59023.0686787205,0.5899846927618632,59023.0686787205,1651.52,54.82,1596.7,V1,,,
2025-12-02,BANKNIFTY,BUY_PE,59300,81.30515231653771,157.52231913294776,59550.56537319767,0.7728662774534334,59550.56537319767,2265.02,55.74,2209.28,V1,,,
2025-12-03,BANKNIFTY,BUY_PE,59300,81.31071869869993,182.71685526043393,59527.81455152676,0.6474149976711691,59527.81455152676,3018.42,55.74,2962.68,V1,,,
2025-12-04,BANKNIFTY,BUY_PE,59300,96.7557587918418,215.32147129099224,59457.006958227044,0.7084303679552865,59457.006958227044,3528.88,57.36,3471.53,V1,,,
2025-12-12,BANKNIFTY,BUY_CE,59400,145.6581857141282,211.52423952576422,59222.2616505414,1.4983079526226735,59222.2616505414,1943.84,62.49,1881.34,V1,,,
2025-12-17,BANKNIFTY,BUY_PE,58900,85.7788275659259,181.6532041539565,59182.262754637595,0.6606186793575253,59182.262754637595,2852.16,56.21,2795.96,V1,,,
2025-12-18,BANKNIFTY,BUY_PE,58900,93.98986009937653,197.06232397358957,59149.19617090232,0.6106681330767115,59149.19617090232,3065.98,57.07,3008.91,V1,,,
2025-12-19,BANKNIFTY,BUY_PE,59100,187.75941253617566,192.74563732340607,59079.38967614419,0.6120428924938136,59079.38967614419,115.34,66.91,48.43,V1,,,
2025-12-22,BANKNIFTY,BUY_CE,59300,110.08797663740188,192.05614181614033,59062.26438539579,1.569140625,59062.26438539579,2431.85,58.76,2373.09,V1,,,
2025-12-23,BANKNIFTY,BUY_CE,59300,119.26051441855088,194.95851782167284,59088.65964057599,1.528515625,59088.65964057599,2242.66,59.72,2182.94,V1,,,
2025-12-24,BANKNIFTY,BUY_CE,59200,160.09692093685953,178.27361164698837,59145.7654850307,1.7429844097995546,59145.7654850307,514.85,64.01,450.84,V1,,,
2026-01-05,BANKNIFTY,BUY_CE,60000,69.54785724573048,164.50953707314687,59694.04130986888,10.325530580459226,59694.04130986888,2827.79,54.5,2773.28,V1,,,
2026-01-06,BANKNIFTY,BUY_CE,60100,105.18093019853404,233.82426054754382,59907.9107621057,3.4656176422326257,59907.9107621057,3828.79,58.24,3770.55,V1,,,
2026-01-07,BANKNIFTY,BUY_CE,60000,161.7032952783702,184.22291549458586,59943.87171040836,3.464675727004996,59943.87171040836,644.46,64.18,580.28,V1,,,
2026-01-09,BANKNIFTY,BUY_PE,59300,15.604860212570202,44.05730482270816,59876.17622069902,0.5416294532102809,59876.17622069902,848.2,48.84,799.37,V1,,,
2026-01-13,BANKNIFTY,BUY_PE,59600,146.26430133679605,166.19801205094598,59623.314392736334,0.5800145575543308,59623.314392736334,569.89,62.56,507.33,V1,,,
2026-01-19,BANKNIFTY,BUY_CE,59900,104.13680693163042,231.7479404820401,59706.606022455686,2.1783772901147573,59706.606022455686,3798.1,58.13,3739.97,V1,,,
2026-01-21,BANKNIFTY,BUY_PE,58800,9.55645991430265,25.97996542828532,59608.79089267919,0.7362558390226375,59608.79089267919,489.51,48.2,441.3,V1,,,
2026-01-22,BANKNIFTY,BUY_PE,59200,70.83617709835744,153.04290377214983,59554.26340751856,0.6714180388301794,59554.26340751856,2446.05,54.64,2391.41,V1,,,
2026-01-23,BANKNIFTY,BUY_PE,58500,19.792253070727384,46.37903601840175,59309.72623409947,0.6379945932661588,59309.72623409947,791.65,49.28,742.37,V1,,,
2026-01-29,BANKNIFTY,BUY_CE,60000,57.91876846978994,116.12188270263745,59301.41518458708,1.4941230346511982,59301.41518458708,1730.43,53.28,1677.15,V1,,,
2026-01-30,BANKNIFTY,BUY_CE,59600,183.98425352267805,323.29765237137144,59378.338283334204,4.935683364254793,59378.338283334204,4133.75,66.52,4067.23,V1,,,
2026-02-02,BANKNIFTY,BUY_PE,58600,187.6017785894801,312.48649474974115,58855.43393033426,0.30230743615132677,58855.43393033426,3701.53,66.9,3634.64,V1,,,
2026-02-09,BANKNIFTY,BUY_CE,60700,262.6253679913061,402.83889106231004,60379.042856053034,2.016010854816825,60379.042856053034,4146.51,74.78,4071.74,V1,,,
2026-02-13,BANKNIFTY,BUY_PE,60200,210.7290371541494,328.67512738634974,60607.43798713744,0.5894412434677744,60607.43798713744,3489.84,69.33,3420.51,V1,,,
2021-01-18,BANKNIFTY,BUY_PE,31800,111.32,223.78,32223.08,0.976,32223.08,3343.43,58.89,3284.55,V2,0.767,True,1.0
2021-01-21,BANKNIFTY,BUY_PE,32200,179.85,198.78,32227.93,0.558,32227.93,533.81,66.08,467.73,V2,0.844,True,1.0
2021-01-25,BANKNIFTY,BUY_PE,31200,37.16,99.72,31866.76,0.325,31866.76,1864.59,51.1,1813.49,V2,0.908,True,1.0
2021-01-29,BANKNIFTY,BUY_PE,30600,157.98,285.28,30828.93,0.217,30828.93,3778.9,63.79,3715.11,V2,1.0,True,1.0
2021-03-17,BANKNIFTY,BUY_PE,34200,98.96,202.74,35192.92,0.15,35192.92,3086.04,57.59,3028.45,V2,1.0,True,1.0
2021-03-19,BANKNIFTY,BUY_PE,34200,299.41,533.44,34470.69,0.0,34470.69,6945.78,78.64,6867.15,V2,1.0,True,1.0
2021-06-09,BANKNIFTY,BUY_PE,34800,160.11,313.24,35243.15,0.49,35243.15,4551.49,64.01,4487.48,V2,0.853,True,1.0
2021-06-18,BANKNIFTY,BUY_PE,34600,106.5,263.96,34750.38,0.757,34750.38,4690.46,58.38,4632.07,V2,0.739,True,1.0
2021-07-28,BANKNIFTY,BUY_PE,34500,109.98,254.15,34758.2,0.791,34758.2,4292.4,58.75,4233.65,V2,0.774,True,1.0
2021-09-16,BANKNIFTY,BUY_CE,37700,37.69,92.59,37040.82,1.286,37040.82,1635.45,51.16,1584.29,V2,0.636,True,1.0
2021-09-17,BANKNIFTY,BUY_CE,37800,54.93,135.55,37283.68,2.185,37283.68,2401.49,52.97,2348.52,V2,0.667,True,1.0
2021-09-29,BANKNIFTY,BUY_PE,37700,177.27,204.95,37810.55,0.566,37810.55,796.16,65.81,730.35,V2,0.804,True,1.0
2021-10-26,BANKNIFTY,BUY_CE,41200,44.93,127.51,40585.69,2.186,40585.69,2461.96,51.92,2410.04,V2,0.762,True,1.0
2022-01-03,BANKNIFTY,BUY_CE,36400,49.23,120.1,35359.6,2.872,35359.6,2110.8,52.37,2058.43,V2,0.958,True,1.0
2022-01-28,BANKNIFTY,BUY_CE,37700,216.95,477.06,37520.46,2.027,37520.46,7740.93,69.98,7670.95,V2,0.95,True,1.0
2022-02-25,BANKNIFTY,BUY_PE,36400,488.61,627.38,36484.19,0.737,36484.19,4062.93,98.5,3964.43,V2,1.0,True,1.0
2022-06-21,BANKNIFTY,BUY_CE,33200,185.77,320.54,32979.59,1.255,32979.59,3997.55,66.71,3930.84,V2,0.974,True,1.0
2022-08-02,BANKNIFTY,BUY_CE,38000,77.09,187.77,37577.76,2.25,37577.76,3296.59,55.29,3241.3,V2,0.707,True,1.0
2022-08-16,BANKNIFTY,BUY_CE,39200,113.78,224.6,39006.11,4.126,39006.11,3294.19,59.15,3235.04,V2,0.657,True,1.0
2022-08-25,BANKNIFTY,BUY_CE,39000,182.53,402.17,38874.94,1.94,38874.94,6536.53,66.37,6470.16,V2,0.748,True,1.0
2022-09-15,BANKNIFTY,BUY_CE,41200,220.5,443.38,40911.69,3.602,40911.69,6626.78,70.35,6556.43,V2,0.819,True,1.0
2022-11-23,BANKNIFTY,BUY_CE,42700,74.61,157.37,42491.45,1.229,42491.45,2462.07,55.03,2407.03,V2,0.461,True,1.0
2022-11-25,BANKNIFTY,BUY_CE,43000,67.33,161.4,42760.06,1.658,42760.06,2801.74,54.27,2747.47,V2,0.44,True,1.0
2022-12-08,BANKNIFTY,BUY_CE,43600,29.45,81.09,43224.98,1.632,43224.98,1539.03,50.29,1488.73,V2,0.426,True,1.0
2022-12-09,BANKNIFTY,BUY_CE,43600,43.74,124.38,43350.63,4.9,43350.63,2404.1,51.79,2352.31,V2,0.447,True,1.0
2023-01-02,BANKNIFTY,BUY_CE,43200,276.83,287.31,43182.4,20.3,43182.4,263.66,76.27,187.39,V2,0.761,True,1.0
2023-02-03,BANKNIFTY,BUY_CE,41500,56.26,155.07,40590.79,1.343,40590.79,2945.32,53.11,2892.21,V2,1.0,True,1.0
2023-03-22,BANKNIFTY,BUY_CE,40000,180.93,286.88,39705.27,1.649,39705.27,3136.34,66.2,3070.15,V2,0.864,True,1.0
2023-05-31,BANKNIFTY,BUY_CE,44100,223.97,257.97,44058.85,4.17,44058.85,976.58,70.72,905.86,V2,0.481,True,1.0
2023-06-15,BANKNIFTY,BUY_PE,43400,13.56,39.01,43916.59,0.297,43916.59,758.83,48.62,710.2,V2,0.425,True,1.0
2023-06-19,BANKNIFTY,BUY_PE,43600,71.09,137.31,43832.19,0.832,43832.19,1967.86,54.66,1913.19,V2,0.456,True,1.0
2023-06-22,BANKNIFTY,BUY_PE,43700,120.89,146.01,43779.05,0.617,43779.05,729.62,59.89,669.73,V2,0.431,True,1.0
2023-07-04,BANKNIFTY,BUY_CE,45300,42.45,111.18,44856.96,1.528,44856.96,2047.98,51.66,1996.32,V2,0.495,True,1.0
2023-07-13,BANKNIFTY,BUY_PE,44700,110.79,155.67,44854.93,0.277,44854.93,1322.34,58.83,1263.51,V2,0.482,True,1.0
2023-07-20,BANKNIFTY,BUY_CE,46200,13.48,42.89,45500.6,1.092,45500.6,877.28,48.62,828.67,V2,0.54,True,1.0
2023-08-16,BANKNIFTY,BUY_PE,43900,93.62,180.52,44071.92,0.295,44071.92,2582.27,57.03,2525.24,V2,0.57,True,1.0
2023-08-31,BANKNIFTY,BUY_PE,44100,88.11,171.08,44239.27,0.245,44239.27,2465.74,56.45,2409.29,V2,0.473,True,1.0
2023-09-13,BANKNIFTY,BUY_CE,45900,33.24,97.78,45435.65,1.101,45435.65,1924.16,50.69,1873.47,V2,0.535,True,1.0
2023-11-12,BANKNIFTY,BUY_CE,44000,134.59,203.76,43813.93,1.267,43813.93,2044.47,61.33,1983.14,V2,0.528,True,1.0
2023-11-30,BANKNIFTY,BUY_CE,44500,63.72,146.89,44186.33,3.132,44186.33,2476.13,53.89,2422.24,V2,0.429,True,1.0
2023-12-15,BANKNIFTY,BUY_CE,48100,118.25,249.03,47527.5,1.545,47527.5,3890.15,59.62,3830.53,V2,0.628,True,1.0
2024-01-20,BANKNIFTY,BUY_PE,46100,323.04,461.66,46167.22,0.837,46167.22,4088.05,81.12,4006.94,V2,0.72,True,1.0
2024-02-19,BANKNIFTY,BUY_CE,46500,217.7,334.35,46233.74,1.434,46233.74,3449.78,70.06,3379.72,V2,0.852,True,1.0
2024-02-29,BANKNIFTY,BUY_PE,46100,153.96,356.74,46364.61,0.205,46364.61,6037.57,63.37,5974.2,V2,0.747,True,1.0
2024-03-28,BANKNIFTY,BUY_CE,47100,145.75,327.17,46869.81,3.704,46869.81,5400.21,62.5,5337.71,V2,0.605,True,1.0
2024-04-01,BANKNIFTY,BUY_CE,47600,221.23,244.93,47528.06,1127400.0,47528.06,669.11,70.43,598.68,V2,0.614,True,1.0
2024-05-06,BANKNIFTY,BUY_PE,48900,155.82,257.47,49212.26,0.291,49212.26,3012.33,63.56,2948.77,V2,0.715,True,1.0
2024-05-18,BANKNIFTY,BUY_CE,48200,157.86,252.79,47941.68,3.901,47941.68,2810.89,63.77,2747.12,V2,0.595,True,1.0
2024-05-31,BANKNIFTY,BUY_CE,49000,251.22,259.67,48966.98,1.513,48966.98,207.71,73.58,134.14,V2,0.56,True,1.0
2024-06-19,BANKNIFTY,BUY_CE,51400,469.76,777.15,50517.64,2.187,50517.64,9109.4,96.52,9012.88,V2,1.0,True,1.0
2024-07-01,BANKNIFTY,BUY_CE,52600,831.5,845.53,52546.87,1.03,52546.87,270.08,134.51,135.57,V2,0.635,True,1.0
2024-08-30,BANKNIFTY,BUY_CE,51400,242.7,280.95,51264.99,1.64,51264.99,1100.24,72.68,1027.56,V2,0.464,True,1.0
2024-09-20,BANKNIFTY,BUY_CE,53800,27.63,73.83,52919.09,1.761,52919.09,1376.88,50.1,1326.78,V2,0.535,True,1.0
2024-10-09,BANKNIFTY,BUY_PE,51000,192.87,304.78,51344.33,0.459,51344.33,3312.51,67.45,3245.06,V2,0.737,True,1.0
2024-10-28,BANKNIFTY,BUY_PE,51300,368.23,377.68,51278.43,0.611,51278.43,216.32,85.86,130.45,V2,0.706,True,1.0
2024-10-29,BANKNIFTY,BUY_CE,52300,108.06,234.96,51418.37,1.74,51418.37,3776.13,58.55,3717.59,V2,0.711,True,1.0
2024-12-30,BANKNIFTY,BUY_PE,51000,158.6,299.82,51252.3,0.555,51252.3,4195.16,63.85,4131.31,V2,0.689,True,1.0
2025-01-31,BANKNIFTY,BUY_CE,49600,125.76,274.24,48888.65,6.768,48888.65,4418.38,60.4,4357.97,V2,0.741,True,1.0
2025-02-01,BANKNIFTY,BUY_CE,49500,308.55,463.68,49405.11,1178800.0,49405.11,4584.16,79.6,4504.56,V2,0.75,True,1.0
2025-03-12,BANKNIFTY,BUY_PE,48100,112.25,162.5,48185.34,0.483,48185.34,1482.81,58.99,1423.83,V2,0.517,True,1.0
2025-03-27,BANKNIFTY,BUY_CE,51600,156.93,259.88,51270.93,1.543,51270.93,3050.89,63.68,2987.21,V2,0.593,True,1.0
2025-04-03,BANKNIFTY,BUY_CE,51600,211.09,301.26,51370.44,1.13,51370.44,2659.15,69.36,2589.78,V2,0.666,True,1.0
2025-05-07,BANKNIFTY,BUY_PE,54600,396.02,713.31,54792.26,0.213,54792.26,9418.94,88.78,9330.16,V2,0.778,True,1.0
2025-05-08,BANKNIFTY,BUY_PE,54400,374.23,488.59,54645.43,0.796,54645.43,3353.34,86.49,3266.85,V2,0.785,True,1.0
2025-06-06,BANKNIFTY,BUY_CE,56600,105.65,220.97,55905.3,1.818,55905.3,3430.19,58.29,3371.9,V2,0.537,True,1.0
2025-06-27,BANKNIFTY,BUY_CE,57400,70.16,167.98,56843.61,3.939,56843.61,2913.31,54.57,2858.75,V2,0.487,True,1.0
2025-07-01,BANKNIFTY,BUY_CE,57500,138.34,222.29,57212.86,1.625,57212.86,2486.06,61.73,2424.33,V2,0.485,True,1.0
2025-07-31,BANKNIFTY,BUY_PE,56000,111.14,259.52,56214.8,0.246,56214.8,4417.75,58.87,4358.88,V2,0.471,True,1.0
2025-09-17,BANKNIFTY,BUY_CE,55500,59.22,131.46,54999.7,2.974,54999.7,2149.84,53.42,2096.43,V2,0.382,True,1.0
2025-09-19,BANKNIFTY,BUY_CE,55500,180.62,266.04,55376.77,3.024,55376.77,2522.61,66.16,2456.44,V2,0.373,True,1.0
2025-09-24,BANKNIFTY,BUY_PE,55100,57.94,133.07,55442.4,0.737,55442.4,2236.64,53.28,2183.36,V2,0.362,True,1.0
2025-09-25,BANKNIFTY,BUY_PE,55000,41.03,103.88,55325.95,0.278,55325.95,1872.34,51.51,1820.84,V2,0.349,True,1.0
2025-09-30,BANKNIFTY,BUY_PE,54600,86.24,128.15,54768.04,0.85,54768.04,1237.96,56.26,1181.71,V2,0.367,True,1.0
2025-10-23,BANKNIFTY,BUY_CE,58100,154.97,330.23,57914.37,19.518,57914.37,5214.25,63.47,5150.78,V2,0.44,True,1.0
2025-10-28,BANKNIFTY,BUY_CE,58200,139.65,200.54,58067.56,1.069,58067.56,1795.95,61.86,1734.09,V2,0.462,True,1.0
2025-12-02,BANKNIFTY,BUY_PE,59300,81.31,157.52,59550.57,0.773,59550.57,2265.02,55.74,2209.28,V2,0.406,True,1.0
2025-12-19,BANKNIFTY,BUY_PE,59100,187.76,192.75,59079.39,0.612,59079.39,115.34,66.91,48.43,V2,0.418,True,1.0
2026-01-05,BANKNIFTY,BUY_CE,60000,69.55,157.7,59694.04,10.326,59694.04,2624.09,54.5,2569.59,V2,0.318,True,1.0
2026-01-06,BANKNIFTY,BUY_CE,60100,105.18,223.67,59907.91,3.466,59907.91,3524.93,58.24,3466.69,V2,0.316,True,1.0
2026-01-07,BANKNIFTY,BUY_CE,60000,161.7,184.22,59943.87,3.465,59943.87,644.46,64.18,580.28,V2,0.318,True,1.0
2026-01-09,BANKNIFTY,BUY_PE,59300,15.6,44.32,59876.18,0.542,59876.18,855.92,48.84,807.08,V2,0.346,True,1.0
2026-01-12,BANKNIFTY,BUY_PE,59500,73.8,179.58,59724.33,0.231,59724.33,3150.78,54.95,3095.83,V2,0.367,True,1.0
2026-01-19,BANKNIFTY,BUY_CE,59900,104.14,205.22,59706.61,2.178,59706.61,3004.55,58.13,2946.41,V2,0.427,True,1.0
2026-01-29,BANKNIFTY,BUY_CE,60000,57.92,161.18,59301.42,1.494,59301.42,3078.21,53.28,3024.93,V2,0.608,True,1.0
2020-11-13,SENSEX,BUY_CE,43400,167.4994163645024,262.08251842855367,43138.68333333333,250000.0,43138.68333333333,1865.89,58.92,1806.96,V1,,,
2020-11-18,SENSEX,BUY_CE,44200,89.64849118528764,149.94520035763887,43669.76066666666,1.5,43669.76066666666,1191.56,53.48,1138.08,V1,,,
2020-12-02,SENSEX,BUY_CE,44600,144.0220511667976,231.99929099136074,44279.31666666667,1.5,44279.31666666667,1736.98,57.28,1679.7,V1,,,
2020-12-10,SENSEX,BUY_CE,46000,77.76886000459672,141.38032820249134,45549.28933333333,4.0,45549.28933333333,1259.08,52.64,1206.44,V1,,,
2020-12-11,SENSEX,BUY_CE,46100,102.29308496948215,182.49837983197196,45764.03066666667,4.0,45764.03066666667,1587.02,54.36,1532.66,V1,,,
2020-12-14,SENSEX,BUY_CE,46300,96.7172386727616,173.76071468432792,45941.89533333333,4.0,45941.89533333333,1524.64,53.97,1470.67,V1,,,
2020-12-15,SENSEX,BUY_CE,46300,134.5847215780159,232.48577407352354,46059.844,1.5,46059.844,1936.0,56.62,1879.38,V1,,,
2020-12-18,SENSEX,BUY_CE,47000,50.54718476277594,102.72767685215717,46528.97533333333,1.5,46528.97533333333,1034.41,50.74,983.68,V1,,,
2020-12-21,SENSEX,BUY_PE,45600,46.46438905483137,80.52424708090427,46450.57166571348,0.6666666666666666,46450.57166571348,673.58,50.45,623.13,V1,,,
2020-12-23,SENSEX,BUY_CE,46400,275.3881846539334,339.305339175563,46307.74631192007,1.4480731284286346,46307.74631192007,1241.46,66.48,1174.98,V1,,,
2021-01-04,SENSEX,BUY_CE,48200,122.01493713748823,202.97608505746746,47764.30733333334,1.5,47764.30733333334,1599.72,55.74,1543.98,V1,,,
2021-01-05,SENSEX,BUY_CE,48400,106.3973591014128,179.773924561603,47906.832,1.5,47906.832,1450.36,54.65,1395.71,V1,,,
2021-01-06,SENSEX,BUY_CE,48200,217.25317067047945,338.13303289060116,48022.994,1.5,48022.994,2384.27,62.41,2321.87,V1,,,
2021-01-08,SENSEX,BUY_CE,48800,110.00283150112409,183.19342280468385,48277.73066666666,1.5,48277.73066666666,1446.22,54.9,1391.32,V1,,,
2021-01-13,SENSEX,BUY_CE,49500,118.91845737548465,195.86757609975737,48983.242,1.5,48983.242,1520.1,55.52,1464.57,V1,,,
2021-01-14,SENSEX,BUY_CE,49600,161.23725840167936,258.3474425061239,49232.614,1.5,49232.614,1917.03,58.49,1858.54,V1,,,
2021-01-21,SENSEX,BUY_CE,49600,128.7768162442735,225.93144485208376,49301.94533333333,1.5,49301.94533333333,1921.81,56.21,1865.6,V1,,,
2021-01-22,SENSEX,BUY_PE,48900,106.16783720697094,183.35014033789432,49295.30066666666,0.6666666666666666,49295.30066666666,1526.27,54.63,1471.64,V1,,,
2021-01-25,SENSEX,BUY_PE,48300,22.03733018711864,43.02143830102989,49281.64666666667,0.6666666666666666,49281.64666666667,415.78,48.74,367.04,V1,,,
2021-02-10,SENSEX,BUY_CE,51300,430.0128600304888,563.9874848174659,51042.97333333333,1.5,51042.97333333333,2619.85,77.3,2542.55,V1,,,
2021-02-17,SENSEX,BUY_PE,51700,486.98747610672945,507.5309701621255,51747.337928171815,0.8257638315441783,51747.337928171815,351.2,81.29,269.91,V1,,,
2021-02-26,SENSEX,BUY_PE,49100,151.24518362824892,207.37763067079655,50347.244298180005,0.5759096612296111,50347.244298180005,1101.13,57.79,1043.34,V1,,,
2021-03-02,SENSEX,BUY_PE,50300,418.6491507691062,562.6582923080281,50325.2423699422,0.8993006993006993,50325.2423699422,2821.3,76.51,2744.8,V1,,,
2021-03-03,SENSEX,BUY_CE,51400,139.213301404121,202.9050786828904,50400.41538935057,1.4452296819787986,50400.41538935057,1253.31,56.94,1196.36,V1,,,
2021-03-09,SENSEX,BUY_CE,51000,398.4535518430457,533.7766361794609,50786.998870192314,1.6497005988023952,50786.998870192314,2650.53,75.09,2575.44,V1,,,
2021-03-15,SENSEX,BUY_PE,50400,325.4842747329458,439.75708961764207,50749.18418829517,0.2222222222222222,50749.18418829517,2239.54,69.98,2169.56,V1,,,
2021-03-16,SENSEX,BUY_PE,50400,298.7447516746179,408.03861463935124,50794.97672503242,0.22889305816135083,50794.97672503242,2143.47,68.11,2075.36,V1,,,
2021-03-18,SENSEX,BUY_PE,49200,114.85512554972956,167.1803065323394,50293.5447026604,2.544529262086514e-05,50293.5447026604,1029.58,55.24,974.34,V1,,,
2021-03-26,SENSEX,BUY_PE,49000,311.89069361089423,423.8534870453641,49321.20544839255,0.8803418803418803,49321.20544839255,2195.11,69.03,2126.08,V1,,,
2021-04-15,SENSEX,BUY_PE,48800,381.7583646313906,511.9251155090237,48921.90918313571,0.39759036144578314,48921.90918313571,2549.71,73.92,2475.79,V1,,,
2021-05-07,SENSEX,BUY_CE,49200,286.5103409068033,403.6693192772426,48902.07667332667,1.1319018404907975,48902.07667332667,2301.77,67.26,2234.51,V1,,,
2021-05-11,SENSEX,BUY_CE,49200,390.4951086829278,407.75231120107486,49126.299292421194,6.393939393939394,49126.299292421194,297.25,74.53,222.71,V1,,,
2021-05-17,SENSEX,BUY_CE,49600,148.26813874653453,232.44055797151233,49089.22260591527,2.168539325842697,49089.22260591527,1660.61,57.58,1603.03,V1,,,
2021-06-02,SENSEX,BUY_CE,51800,187.55189704319855,310.6729407839452,51594.390368244865,1.5525291828793775,51594.390368244865,2432.53,60.33,2372.2,V1,,,
2021-06-03,SENSEX,BUY_CE,52200,119.64469862664191,209.26384788718045,51793.9255616943,1.7120622568093384,51793.9255616943,1772.65,55.58,1717.07,V1,,,
2021-06-04,SENSEX,BUY_CE,52100,215.8051390822584,350.932835084077,51954.048998646824,4.402985074626866,51954.048998646824,2668.55,62.31,2606.24,V1,,,
2021-06-07,SENSEX,BUY_CE,52300,184.98466599257517,282.8790553131428,52077.38644132653,1.4551495016611296,52077.38644132653,1929.82,60.15,1869.67,V1,,,
2021-06-08,SENSEX,BUY_CE,52300,204.7489508306353,267.63073081442997,52124.796847779224,1.6046511627906976,52124.796847779224,1229.29,61.53,1167.76,V1,,,
2021-06-21,SENSEX,BUY_CE,52600,106.77704075858128,151.1864983302252,52460.40266025641,1.4210526315789473,52460.40266025641,872.71,54.67,818.04,V1,,,
2021-06-22,SENSEX,BUY_CE,52600,85.85649589938475,191.0613433508097,52403.672069392815,1.5263157894736843,52403.672069392815,2087.48,53.21,2034.27,V1,,,
2021-06-23,SENSEX,BUY_PE,52300,108.18624377650121,138.42932944148907,52384.21748012232,0.6604938271604939,52384.21748012232,590.06,54.77,535.29,V1,,,
2021-06-28,SENSEX,BUY_CE,52700,158.52908051803024,320.99752756868304,52683.8539407086,1.460093896713615,52683.8539407086,3220.6,58.3,3162.3,V1,,,
2021-06-29,SENSEX,BUY_PE,52500,78.04671907787997,113.55024719864744,52664.281309523816,0.6763636363636364,52664.281309523816,698.57,52.66,645.91,V1,,,
2021-06-30,SENSEX,BUY_PE,52500,66.19534048080095,126.93127518202262,52703.9521532567,0.6413793103448275,52703.9521532567,1203.13,51.83,1151.3,V1,,,
2021-07-01,SENSEX,BUY_PE,52300,28.217581566406807,73.61103374868603,52675.687818035425,0.7469879518072289,52675.687818035425,901.76,49.18,852.58,V1,,,
2021-07-02,SENSEX,BUY_PE,52500,103.68680390962982,225.48765853204088,52580.8913477089,0.3485342019543974,52580.8913477089,2416.27,54.46,2361.81,V1,,,
2021-07-12,SENSEX,BUY_PE,52400,67.39485484369834,154.4159385176863,52605.421062618596,0.7878787878787878,52605.421062618596,1727.11,51.92,1675.2,V1,,,
2021-07-19,SENSEX,BUY_PE,52600,93.66923448536909,193.14463368135793,52792.309038231775,0.8006329113924051,52792.309038231775,1972.3,53.76,1918.54,V1,,,
2021-07-27,SENSEX,BUY_PE,52600,122.03457947204151,233.9654457027003,52759.9700059952,0.3870967741935484,52759.9700059952,2217.26,55.74,2161.51,V1,,,
2021-07-28,SENSEX,BUY_PE,52400,61.346469770500335,128.63881433507942,52771.628519184655,0.5795454545454546,52771.628519184655,1334.45,51.49,1282.95,V1,,,
2021-07-29,SENSEX,BUY_PE,52700,162.07798655847728,208.56621229916382,52761.59096256685,0.5795454545454546,52761.59096256685,907.53,58.55,848.98,V1,,,
2021-07-30,SENSEX,BUY_PE,52600,139.8707504591075,188.48836142416255,52711.66848484849,0.275,52711.66848484849,952.65,56.99,895.66,V1,,,
2021-08-09,SENSEX,BUY_CE,54400,191.10941699964314,248.98644512470742,54269.77186948853,1.36,54269.77186948853,1131.13,60.58,1070.56,V1,,,
2021-08-10,SENSEX,BUY_CE,54600,165.26904189472407,293.8463700220806,54406.66427574171,1.52,54406.66427574171,2544.0,58.77,2485.23,V1,,,
2021-08-11,SENSEX,BUY_CE,54500,224.8315072947771,261.2283280864882,54451.496544715446,1.5466666666666666,54451.496544715446,698.77,62.94,635.83,V1,,,
2021-08-13,SENSEX,BUY_CE,55400,51.42555631767027,103.48930854569804,54741.83858283433,2.153284671532847,54741.83858283433,1031.98,50.8,981.18,V1,,,
2021-08-18,SENSEX,BUY_CE,55600,141.77144318133287,269.2426019489368,55409.86853409815,5.569230769230769,55409.86853409815,2524.76,57.12,2467.64,V1,,,
2021-09-07,SENSEX,BUY_CE,58300,81.19294965404697,175.26339526218817,57964.88851851851,1.7364341085271318,57964.88851851851,1866.02,52.88,1813.14,V1,,,
2021-09-13,SENSEX,BUY_PE,58200,168.7503790431365,196.4689896747263,58240.43590182649,0.6229508196721312,58240.43590182649,532.46,59.01,473.45,V1,,,
2021-09-17,SENSEX,BUY_CE,59000,138.35952157836437,276.86973506173723,58829.23179787828,3.2195121951219514,58829.23179787828,2745.29,56.89,2688.41,V1,,,
2021-09-28,SENSEX,BUY_CE,59700,227.34552725634785,397.7239091005944,59628.00306862745,1.4903581267217632,59628.00306862745,3370.06,63.11,3306.95,V1,,,
2021-09-29,SENSEX,BUY_PE,59400,103.64262262271586,203.62834552233858,59714.01089652848,0.7770034843205574,59714.01089652848,1981.28,54.45,1926.82,V1,,,
2021-10-04,SENSEX,BUY_PE,59300,211.6116618349988,372.2656427603996,59340.74606837607,0.34698275862068967,59340.74606837607,3178.05,62.01,3116.03,V1,,,
2021-10-11,SENSEX,BUY_CE,60100,216.57041039511023,368.96423725392265,59928.56255194218,4.9,59928.56255194218,3012.74,62.36,2950.38,V1,,,
2021-10-12,SENSEX,BUY_CE,60300,176.2294270716484,271.78542774251343,60023.97585558853,9.542857142857143,60023.97585558853,1884.24,59.54,1824.7,V1,,,
2021-10-21,SENSEX,BUY_PE,60900,86.41421305906442,163.7282101262178,61445.24833897031,0.3066860465116279,61445.24833897031,1531.27,53.25,1478.02,V1,,,
2021-10-22,SENSEX,BUY_PE,60800,49.78346085064186,105.00540443097617,61423.01995711501,0.16557161629434955,61423.01995711501,1095.15,50.68,1044.47,V1,,,
2021-10-25,SENSEX,BUY_PE,61000,117.44833015008044,224.80921554551148,61312.207525732374,1.1695906432748539e-05,61312.207525732374,2126.68,55.42,2071.26,V1,,,
2021-10-28,SENSEX,BUY_PE,60000,39.822486541597755,78.99757438114766,60911.048699924424,0.18559556786703602,60911.048699924424,776.37,49.99,726.38,V1,,,
2021-11-02,SENSEX,BUY_PE,60000,213.57923781578575,287.28738958521063,60226.36741393787,0.5245283018867924,60226.36741393787,1444.11,62.15,1381.96,V1,,,
2021-11-03,SENSEX,BUY_PE,59800,248.63894667029308,399.52997215118864,59926.02324851569,0.22153846153846155,59926.02324851569,2978.93,64.6,2914.33,V1,,,
2021-11-11,SENSEX,BUY_PE,59900,162.88446547142667,277.1022119070268,60240.640148401835,0.9090909090909091,60240.640148401835,2257.96,58.6,2199.35,V1,,,
2021-11-12,SENSEX,BUY_CE,60700,177.80907229739387,297.0522733028203,60296.087852283774,1.056338028169014,60296.087852283774,2356.37,59.65,2296.73,V1,,,
2021-11-16,SENSEX,BUY_PE,60300,253.8186380108491,285.48540216127424,60395.52232352941,0.7384615384615385,60395.52232352941,600.98,64.97,536.01,V1,,,
2021-11-17,SENSEX,BUY_PE,60000,176.1459620920432,273.60143216962973,60299.55984913793,0.7346938775510204,60299.55984913793,1922.12,59.53,1862.59,V1,,,
2021-11-18,SENSEX,BUY_PE,59600,82.18310384455253,150.56057552849018,60251.3328125,0.17468354430379746,60251.3328125,1353.58,52.95,1300.63,V1,,,
2021-11-22,SENSEX,BUY_PE,58500,17.33142387606904,34.348682846959306,59913.62591876209,0.1678832116788321,59913.62591876209,337.24,48.41,288.83,V1,,,
2021-11-26,SENSEX,BUY_PE,57100,53.15698661052829,90.00695410609686,58357.753676680964,0.6911764705882353,58357.753676680964,728.41,50.92,677.49,V1,,,
2021-12-02,SENSEX,BUY_CE,58500,97.42057707128879,160.3130661722701,57553.925369127515,1.6303030303030304,57553.925369127515,1242.39,54.02,1188.37,V1,,,
2021-12-03,SENSEX,BUY_CE,57700,405.4425842812816,578.909701606157,57663.63422619047,1.709090909090909,57663.63422619047,3410.28,75.58,3334.7,V1,,,
2021-12-07,SENSEX,BUY_PE,57600,383.0630852478971,539.6895443672563,57690.61879310345,0.8319327731092437,57690.61879310345,3077.16,74.01,3003.15,V1,,,
2021-12-16,SENSEX,BUY_PE,57900,306.81006831955165,438.4668556855584,58220.22050375134,0.5794392523364486,58220.22050375134,2588.42,68.68,2519.74,V1,,,
2021-12-17,SENSEX,BUY_PE,57000,139.43224699867824,211.17139632471162,57921.97525904204,0.6631016042780749,57921.97525904204,1413.75,56.96,1356.79,V1,,,
2021-12-21,SENSEX,BUY_PE,56300,229.5777519812691,331.91819334367267,56880.35513855899,0.19596541786743515,56880.35513855899,2013.12,63.27,1949.85,V1,,,
2021-12-30,SENSEX,BUY_CE,57800,310.7588626169163,457.07606732593,57564.78331125828,1.4700854700854702,57564.78331125828,2880.27,68.95,2811.32,V1,,,
2021-12-31,SENSEX,BUY_CE,58300,199.60753873208887,308.7637090115336,57780.77662337662,1.5811965811965811,57780.77662337662,2152.62,61.17,2091.45,V1,,,
2022-01-03,SENSEX,BUY_CE,59200,78.04841392017988,132.20777793381916,58167.508218218216,4.811320754716981,58167.508218218216,1070.57,52.66,1017.91,V1,,,
2022-01-06,SENSEX,BUY_CE,59600,256.6480869032639,396.06017345273807,59303.06690659812,40200.0,59303.06690659812,2749.08,65.17,2683.91,V1,,,
2022-01-07,SENSEX,BUY_CE,59700,340.0867732294173,508.8522958705584,59594.47320895523,5.483333333333333,59594.47320895523,3324.37,71.01,3253.37,V1,,,
2022-01-10,SENSEX,BUY_CE,60400,178.40666208936454,286.262664824318,59864.066237373736,1.8111888111888113,59864.066237373736,2129.24,59.69,2069.55,V1,,,
2022-01-14,SENSEX,BUY_CE,61200,200.05178951922426,328.86801879686584,60841.10669406392,1.1534090909090908,60841.10669406392,2544.59,61.2,2483.39,V1,,,
2022-01-17,SENSEX,BUY_CE,61300,153.3247145964633,248.0668121413143,61048.75812785388,2.924731182795699,61048.75812785388,1870.76,57.93,1812.83,V1,,,
2022-01-19,SENSEX,BUY_PE,60100,37.22051128151088,75.69539599072453,60978.79255581217,0.9495412844036697,60978.79255581217,762.72,49.81,712.92,V1,,,
2022-01-28,SENSEX,BUY_PE,57200,187.48163957948782,290.8360242754589,57677.59944337811,0.25679012345679014,57677.59944337811,2038.39,60.32,1978.06,V1,,,
2022-02-11,SENSEX,BUY_CE,58200,398.41527994457647,563.3359452644185,58084.504315245475,1.1436170212765957,58084.504315245475,3240.71,75.09,3165.62,V1,,,
2022-02-15,SENSEX,BUY_CE,58100,455.3641207457258,605.4552504897488,57805.686457194905,1.5357142857142858,57805.686457194905,2938.17,79.08,2859.1,V1,,,
2022-02-16,SENSEX,BUY_CE,58000,484.0189681672564,640.8656198576127,57779.18248245615,1.6142857142857143,57779.18248245615,3069.44,81.08,2988.36,V1,,,
2022-02-21,SENSEX,BUY_PE,57700,488.71775751090536,645.8906326875006,57817.57980049875,0.9,57817.57980049875,3075.38,81.41,2993.97,V1,,,
2022-02-28,SENSEX,BUY_CE,56200,611.41881134082,697.2361743903264,56069.08252959502,1.4036697247706422,56069.08252959502,1637.83,90.0,1547.83,V1,,,
2022-03-03,SENSEX,BUY_PE,55100,480.8961510762456,618.116645786019,55395.89652852852,0.5146198830409356,55395.89652852852,2678.47,80.86,2597.61,V1,,,
2022-03-15,SENSEX,BUY_CE,55800,496.8222294444531,634.3302821801336,55375.70954068242,5.020408163265306,55375.70954068242,2682.29,81.98,2600.31,V1,,,
2022-03-22,SENSEX,BUY_CE,58000,353.32386092634624,462.3562834334861,57113.24478021978,1.6,57113.24478021978,2131.71,71.93,2059.77,V1,,,
2022-03-23,SENSEX,BUY_CE,57700,643.2425471492934,808.611636121275,57549.37804812834,1.5103448275862068,57549.37804812834,3220.27,92.23,3128.04,V1,,,
2022-03-28,SENSEX,BUY_CE,57600,541.775987496334,561.1196695224232,57554.848793456025,2.642857142857143,57554.848793456025,320.7,85.12,235.58,V1,,,
2022-03-29,SENSEX,BUY_CE,57900,389.44165156433155,534.1695324398204,57588.764867909864,4.09375,57588.764867909864,2839.14,74.46,2764.68,V1,,,
2022-04-08,SENSEX,BUY_PE,59400,244.75627731260101,365.1832212268827,59820.13209136331,0.7392996108949417,59820.13209136331,2371.94,64.33,2307.61,V1,,,
2022-04-11,SENSEX,BUY_PE,59000,229.1750015207872,341.628582815322,59492.638205723124,0.8171206225680934,59492.638205723124,2214.82,63.24,2151.58,V1,,,
2022-04-13,SENSEX,BUY_PE,58300,153.45562663255987,240.96381781939056,58961.873500837515,0.23728813559322035,58961.873500837515,1726.5,57.94,1668.56,V1,,,
2022-04-20,SENSEX,BUY_PE,57000,227.8216887485978,344.2539523377927,57378.808056125934,1.9960079840319362e-05,57378.808056125934,2294.32,63.15,2231.17,V1,,,
2022-04-25,SENSEX,BUY_PE,56600,241.15966229058176,356.36643898851565,57008.43029748284,0.4508670520231214,57008.43029748284,2268.28,64.08,2204.2,V1,,,
2022-05-02,SENSEX,BUY_PE,57000,399.4917550701284,557.4258363915712,57067.50806794056,0.3203463203463203,57067.50806794056,3101.27,75.16,3026.1,V1,,,
2022-05-04,SENSEX,BUY_PE,55700,180.57183915487803,267.53674829730835,56407.82139037433,0.9503105590062112,56407.82139037433,1712.41,59.84,1652.57,V1,,,
2022-05-05,SENSEX,BUY_PE,55700,157.6419563531963,244.11611682818145,56323.60494764398,0.11976047904191617,56323.60494764398,1705.38,58.23,1647.14,V1,,,
2022-05-11,SENSEX,BUY_PE,54100,137.11990496444014,215.0900350709275,54755.62805896806,0.2585949177877429,54755.62805896806,1538.27,56.8,1481.47,V1,,,
2022-05-13,SENSEX,BUY_PE,52800,75.66703044991027,122.15451559616099,53832.03166257166,0.7828054298642534,53832.03166257166,917.88,52.5,865.38,V1,,,
2022-05-16,SENSEX,BUY_PE,53000,173.46573277375137,261.1406088000482,53578.6782504604,0.7393162393162394,53578.6782504604,1727.42,59.34,1668.08,V1,,,
2022-05-19,SENSEX,BUY_PE,52800,212.4918956300262,304.0928267049908,53421.50635531135,0.5545454545454546,53421.50635531135,1801.02,62.07,1738.95,V1,,,
2022-05-25,SENSEX,BUY_PE,53700,409.69206072761153,451.7807800224713,53845.04043071161,0.2753623188405797,53845.04043071161,790.09,75.88,714.21,V1,,,
2022-06-01,SENSEX,BUY_CE,55400,385.0133897878841,524.8317737750068,55109.72823148149,1.4068965517241379,55109.72823148149,2741.78,74.15,2667.63,V1,,,
2022-06-02,SENSEX,BUY_CE,55800,362.7327459439839,496.4416589878315,55436.598594961244,1.3076923076923077,55436.598594961244,2622.63,72.59,2550.04,V1,,,
2022-06-03,SENSEX,BUY_CE,55800,448.8308789798757,607.0865423674682,55674.653463463466,1.205128205128205,55674.653463463466,3101.76,78.62,3023.14,V1,,,
2022-06-08,SENSEX,BUY_PE,54900,247.05078139722173,349.1001536461041,55482.92653696498,0.6071428571428571,55482.92653696498,2005.22,64.49,1940.72,V1,,,
2022-06-09,SENSEX,BUY_PE,55300,417.551338985646,572.4582580744072,55355.48436692507,0.6580645161290323,55355.48436692507,3038.74,76.43,2962.31,V1,,,
2022-06-16,SENSEX,BUY_PE,51500,66.06329517871472,103.2903514016067,52793.760709426635,0.7087912087912088,52793.760709426635,734.38,51.82,682.56,V1,,,
2022-06-21,SENSEX,BUY_CE,52500,187.10531822156008,278.2047140974648,51897.748826291085,1.4701986754966887,51897.748826291085,1794.07,60.3,1733.77,V1,,,
2022-06-22,SENSEX,BUY_CE,51800,423.63290790330575,581.4704390917108,51782.775009416204,1.3509933774834437,51782.775009416204,3096.44,76.85,3019.59,V1,,,
2022-06-23,SENSEX,BUY_CE,52300,217.07637585560587,317.15391401991326,51776.41549266247,1.36,51776.41549266247,1969.5,62.4,1907.1,V1,,,
2022-06-29,SENSEX,BUY_CE,53000,324.2528208299482,464.99650371385974,52823.59993734336,1.4504504504504505,52823.59993734336,2767.52,69.9,2697.62,V1,,,
2022-07-04,SENSEX,BUY_CE,53200,299.11022165831673,433.0635063297701,52967.44808743169,4.433962264150943,52967.44808743169,2635.14,68.14,2567.0,V1,,,
2022-07-05,SENSEX,BUY_CE,53100,366.3311263880787,521.0694205727866,53029.51314465409,30500.0,53029.51314465409,3041.52,72.84,2968.68,V1,,,
2022-07-06,SENSEX,BUY_CE,53800,190.01283743997374,285.9081174815876,53231.698019323674,3.676470588235294,53231.698019323674,1889.35,60.5,1828.85,V1,,,
2022-07-15,SENSEX,BUY_PE,53800,229.95354068999222,374.3360661979524,53857.84636150235,0.25206611570247933,53857.84636150235,2851.39,63.3,2788.1,V1,,,
2022-07-19,SENSEX,BUY_CE,54800,79.4911398557233,149.64532851169497,54252.101618608234,4.155688622754491,54252.101618608234,1389.34,52.76,1336.57,V1,,,
2022-07-25,SENSEX,BUY_CE,55800,114.91493543060278,215.98215340477466,55459.460171717175,12.338235294117647,55459.460171717175,2001.49,55.24,1946.25,V1,,,
2022-07-28,SENSEX,BUY_CE,56900,56.834056773617704,107.46482897016442,56100.92147727273,1.5454545454545454,56100.92147727273,1002.76,51.18,951.58,V1,,,
2022-08-01,SENSEX,BUY_CE,58100,108.77455411817209,191.89952865360726,57518.78989880952,3.1363636363636362,57518.78989880952,1644.46,54.81,1589.64,V1,,,
2022-08-02,SENSEX,BUY_CE,58100,147.98408925776675,253.48765082170888,57671.72191680261,21.857142857142858,57671.72191680261,2085.98,57.56,2028.42,V1,,,
2022-08-03,SENSEX,BUY_CE,58400,90.25044770325803,164.05654603087362,57763.2560026455,122600.0,57763.2560026455,1460.86,53.52,1407.35,V1,,,
2022-08-04,SENSEX,BUY_CE,58300,159.2688287760211,272.25507190215694,57920.74631955923,126000.0,57920.74631955923,2233.83,58.35,2175.48,V1,,,
2022-08-08,SENSEX,BUY_CE,58900,98.37446405107767,177.52197019645948,58292.81907955293,5.236263736263736,58292.81907955293,1566.4,54.09,1512.31,V1,,,
2022-08-10,SENSEX,BUY_CE,58800,160.26347164669278,280.63610651152493,58478.9903925926,1.7857142857142858,58478.9903925926,2381.0,58.42,2322.58,V1,,,
2022-08-18,SENSEX,BUY_CE,60300,80.56721092977205,159.95604795707283,59773.74372076789,8.63265306122449,59773.74372076789,1573.35,52.84,1520.51,V1,,,
2022-08-26,SENSEX,BUY_PE,58800,217.66141218829216,258.71460968363425,58934.415933456556,0.775,58934.415933456556,792.48,62.44,730.05,V1,,,
2022-08-30,SENSEX,BUY_CE,59500,103.1883144253261,176.17970632039882,58730.21946366782,2.1016042780748663,58730.21946366782,1443.07,54.42,1388.64,V1,,,
2022-09-01,SENSEX,BUY_CE,58800,345.9340075650325,515.9041624710542,58720.48309304704,2.090909090909091,58720.48309304704,3347.69,71.42,3276.28,V1,,,
2022-09-02,SENSEX,BUY_CE,58800,336.0553371293645,502.834513311688,58699.82415911381,2.486631016042781,58699.82415911381,3285.25,70.72,3214.53,V1,,,
2022-09-05,SENSEX,BUY_CE,59200,200.3186432404509,316.17912110671773,58744.21367094628,2.3604060913705585,58744.21367094628,2286.22,61.22,2225.0,V1,,,
2022-09-06,SENSEX,BUY_CE,59200,311.00351741949635,468.66282132393167,59030.930720461096,5.5514018691588785,59030.930720461096,3106.41,68.97,3037.44,V1,,,
2022-09-07,SENSEX,BUY_CE,59000,394.31662132055135,407.1658652320506,59004.116686991874,1.8326530612244898,59004.116686991874,208.9,74.8,134.09,V1,,,
2022-09-08,SENSEX,BUY_CE,59700,185.1206015495154,293.2318848866764,59166.7954017094,1.6775510204081632,59166.7954017094,2133.52,60.16,2073.37,V1,,,
2022-09-14,SENSEX,BUY_CE,60300,278.0703499443407,423.48086582922963,60022.77131462334,3.351145038167939,60022.77131462334,2866.12,66.66,2799.45,V1,,,
2022-09-21,SENSEX,BUY_CE,59500,291.19065023264557,437.33804570190716,59237.042896825405,3.7016806722689077,59237.042896825405,2879.24,67.58,2811.65,V1,,,
2022-09-29,SENSEX,BUY_PE,56400,61.83215587342056,111.69226333373655,57227.795288574795,0.1360544217687075,57227.795288574795,986.79,51.53,935.26,V1,,,
2022-10-03,SENSEX,BUY_PE,56800,297.5933690482052,353.51942171607755,56918.04410114942,0.1757142857142857,56918.04410114942,1079.45,68.03,1011.42,V1,,,
2022-10-10,SENSEX,BUY_CE,58000,351.4777346485789,421.9915514753206,57835.23821116928,1.4689265536723164,57835.23821116928,1363.87,71.8,1292.06,V1,,,
2022-10-13,SENSEX,BUY_PE,57200,280.5507997708264,410.3332117421439,57494.322383790226,0.34831460674157305,57494.322383790226,2554.2,66.84,2487.36,V1,,,
2022-10-25,SENSEX,BUY_CE,59500,345.476659219501,516.500134780851,59413.53525462963,1.0965909090909092,59413.53525462963,3368.75,71.38,3297.37,V1,,,
2022-11-02,SENSEX,BUY_CE,60900,287.2908291306194,456.0802118052434,60785.505105354074,3.122950819672131,60785.505105354074,3331.19,67.31,3263.88,V1,,,
2022-11-07,SENSEX,BUY_CE,61200,198.98452387837824,346.88076273401066,60995.108517924025,9.703703703703704,60995.108517924025,2925.17,61.13,2864.04,V1,,,
2022-11-09,SENSEX,BUY_CE,61000,258.72557839573346,435.59664605256285,60935.54486975718,3.4820143884892087,60935.54486975718,3495.76,65.31,3430.45,V1,,,
2022-11-16,SENSEX,BUY_CE,62000,98.57903530320982,193.94665695880133,61549.24591772152,1.2121212121212122,61549.24591772152,1889.8,54.1,1835.7,V1,,,
2022-11-17,SENSEX,BUY_CE,61800,240.31589222145703,245.80495477018056,61739.275056360704,2.0679611650485437,61739.275056360704,80.61,64.02,16.59,V1,,,
2022-11-22,SENSEX,BUY_PE,61400,183.41071701624605,323.99182932061194,61572.00009111617,0.6521739130434783,61572.00009111617,2781.18,60.04,2721.14,V1,,,
2022-11-23,SENSEX,BUY_PE,61500,237.31228602360716,244.1463818641509,61525.34045293701,0.5905797101449275,61525.34045293701,107.79,63.81,43.98,V1,,,
2022-11-29,SENSEX,BUY_CE,62700,90.46481668200067,179.4531938513622,62199.92176012461,1.4437869822485208,62199.92176012461,1763.57,53.53,1710.04,V1,,,
2022-11-30,SENSEX,BUY_CE,63100,74.46506832085834,150.9358676212218,62518.92875099444,1.532544378698225,62518.92875099444,1515.89,52.41,1463.48,V1,,,
2022-12-07,SENSEX,BUY_PE,62400,76.02488068885577,150.88432852954855,62941.380538085265,0.4076086956521739,62941.380538085265,1483.57,52.52,1431.05,V1,,,
2022-12-08,SENSEX,BUY_PE,62600,222.7039965136246,256.70916066949474,62646.3589569161,0.1466346153846154,62646.3589569161,651.34,62.79,588.55,V1,,,
2022-12-09,SENSEX,BUY_PE,62200,67.96968090196606,153.15392366483053,62549.1817925926,0.8148148148148148,62549.1817925926,1690.42,51.96,1638.46,V1,,,
2022-12-12,SENSEX,BUY_PE,62100,82.83834451286384,182.45238432622526,62381.892724935744,0.7857142857142857,62381.892724935744,1976.36,53.0,1923.36,V1,,,
2022-12-13,SENSEX,BUY_CE,62500,161.20034762325668,232.75865500526578,62364.59311011905,2.2148760330578514,62364.59311011905,1407.53,58.48,1349.04,V1,,,
2022-12-20,SENSEX,BUY_PE,61700,152.18149763262772,285.1459081302858,61889.772898550735,0.9180327868852459,61889.772898550735,2633.05,57.85,2575.2,V1,,,
2022-12-21,SENSEX,BUY_PE,61100,78.59603714654804,155.7143866975781,61599.51361403509,0.5081967213114754,61599.51361403509,1528.31,52.7,1475.61,V1,,,
2022-12-22,SENSEX,BUY_PE,60800,50.85355294622423,110.58240984802913,61343.96706250001,0.484375,61343.96706250001,1184.89,50.76,1134.13,V1,,,
2022-12-26,SENSEX,BUY_PE,60600,195.11340018378905,333.1694997788486,60790.59066091954,0.3907563025210084,60790.59066091954,2729.43,60.86,2668.57,V1,,,
2022-12-29,SENSEX,BUY_CE,61100,126.01232943157083,228.36640827028089,60640.903448012235,1.6046511627906976,60640.903448012235,2025.82,56.02,1969.8,V1,,,
2022-12-30,SENSEX,BUY_CE,60800,312.86675765423934,505.7450216979671,60815.09270498085,4.382716049382716,60815.09270498085,3808.45,69.1,3739.35,V1,,,
2023-01-02,SENSEX,BUY_CE,61200,198.20830418887635,284.0898701248828,60944.372570570566,4.4375,60944.372570570566,1688.69,61.07,1627.62,V1,,,
2023-01-03,SENSEX,BUY_CE,61300,189.17577438601438,292.0401282825833,61016.90362687541,5.9375,61016.90362687541,2028.41,60.44,1967.97,V1,,,
2023-01-10,SENSEX,BUY_PE,60100,188.0529395906524,308.58742581198277,60429.61489260143,0.5787401574803149,60429.61489260143,2380.89,60.36,2320.53,V1,,,
2023-01-11,SENSEX,BUY_PE,60100,242.0481972224843,386.47763703123996,60276.98199084668,0.2359882005899705,60276.98199084668,2850.88,64.14,2786.73,V1,,,
2023-01-12,SENSEX,BUY_PE,60000,215.09861487040325,353.73257003204077,60197.15644661777,0.22408963585434175,60197.15644661777,2738.55,62.26,2676.29,V1,,,
2023-01-16,SENSEX,BUY_PE,60100,273.1830549335027,293.78563122524076,60137.6285877193,0.6255144032921811,60137.6285877193,378.03,66.32,311.71,V1,,,
2023-01-24,SENSEX,BUY_CE,61000,229.90193851918957,263.23753811346035,60907.072962962964,1.3581081081081081,60907.072962962964,637.12,63.29,573.83,V1,,,
2023-01-25,SENSEX,BUY_PE,60200,71.22609962277602,138.09720567413424,60800.52935897436,0.5555555555555556,60800.52935897436,1324.86,52.19,1272.68,V1,,,
2023-01-31,SENSEX,BUY_PE,59500,136.67704063500787,241.12997215267035,59872.382633986934,0.5934426229508196,59872.382633986934,2066.39,56.77,2009.62,V1,,,
2023-02-09,SENSEX,BUY_CE,60800,181.97619204923467,281.82173483263034,60540.559891025645,1.5545023696682465,60540.559891025645,1969.08,59.94,1909.14,V1,,,
2023-02-10,SENSEX,BUY_CE,60700,223.02550587444784,282.9470714972905,60544.185816044264,1.4644549763033174,60544.185816044264,1168.07,62.81,1105.26,V1,,,
2023-02-13,SENSEX,BUY_PE,60400,205.1327069546751,245.5801982582325,60531.647605734775,0.8257575757575758,60531.647605734775,781.91,61.56,720.35,V1,,,
2023-02-15,SENSEX,BUY_CE,61300,102.78604870484742,192.33771341581604,60772.62825593395,2.5945945945945947,60772.62825593395,1773.33,54.4,1718.93,V1,,,
2023-02-28,SENSEX,BUY_PE,59000,71.25435526163892,142.04497367615988,59506.95462273162,3.0211480362537764e-05,59506.95462273162,1403.01,52.19,1350.83,V1,,,
2023-03-02,SENSEX,BUY_PE,58900,122.03939444993375,224.00559262818834,59244.4285064935,0.22014925373134328,59244.4285064935,2018.56,55.74,1962.82,V1,,,
2023-03-08,SENSEX,BUY_CE,60300,85.6811043127309,163.6715881725592,59721.25017329255,1.7355371900826446,59721.25017329255,1544.85,53.2,1491.65,V1,,,
2023-03-17,SENSEX,BUY_PE,58000,284.3439004252359,452.4531732487627,57995.816075,0.24610591900311526,57995.816075,3317.98,67.1,3250.87,V1,,,
2023-03-20,SENSEX,BUY_PE,57600,200.90963625797667,333.67482591159296,57785.98661471861,0.24610591900311526,57785.98661471861,2623.23,61.26,2561.97,V1,,,
2023-03-23,SENSEX,BUY_PE,57900,186.57621548685347,254.02098801634048,58108.033274296096,0.21337579617834396,58108.033274296096,1322.46,60.26,1262.2,V1,,,
2023-03-24,SENSEX,BUY_PE,57500,81.77072317224884,150.70406282994415,58088.689963718825,0.08100147275405008,58088.689963718825,1364.72,52.92,1311.79,V1,,,
2023-03-27,SENSEX,BUY_PE,57700,126.58913280733759,222.40754804996126,58107.56452968037,0.08088235294117647,58107.56452968037,1895.43,56.06,1839.37,V1,,,
2023-03-28,SENSEX,BUY_PE,57600,104.6407854849731,187.67137717129964,58091.011305555556,0.18699186991869918,58091.011305555556,1643.07,54.52,1588.55,V1,,,
2023-04-11,SENSEX,BUY_CE,60200,141.350066578314,247.31617037564692,59751.83280041797,1.0588235294117647,59751.83280041797,2096.0,57.09,2038.91,V1,,,
2023-04-12,SENSEX,BUY_CE,60400,123.60609560475496,224.12974208302091,59941.88882587064,1.0849673202614378,59941.88882587064,1989.61,55.85,1933.76,V1,,,
2023-04-13,SENSEX,BUY_CE,60400,126.0593666357272,241.17093781605828,60076.93562203228,2.0454545454545454,60076.93562203228,2280.2,56.02,2224.17,V1,,,
2023-04-18,SENSEX,BUY_PE,59700,99.70054973341394,194.99788149950496,60052.259156722364,0.7404580152671756,60052.259156722364,1888.26,54.18,1834.09,V1,,,
2023-04-20,SENSEX,BUY_PE,59600,124.59770117340304,236.99664051912015,59863.88232950192,0.41254125412541254,59863.88232950192,2226.28,55.92,2170.36,V1,,,
2023-04-21,SENSEX,BUY_PE,59700,192.1179345601049,237.15554076556884,59758.07207355243,0.43564356435643564,59758.07207355243,875.0,60.65,814.35,V1,,,
2023-04-26,SENSEX,BUY_CE,60300,85.65911273034726,177.08793322654594,59891.510289855076,1.3216783216783217,59891.510289855076,1812.81,53.2,1759.62,V1,,,
2023-04-28,SENSEX,BUY_CE,61100,25.659547428173937,61.85036722749533,60362.785654565465,3.4307692307692306,60362.785654565465,718.57,49.0,669.57,V1,,,
2023-05-03,SENSEX,BUY_CE,61200,112.18396665416003,227.3543514286676,60897.89045555556,3.6769230769230767,60897.89045555556,2283.04,55.05,2227.98,V1,,,
2023-05-04,SENSEX,BUY_CE,61700,29.646705022329115,77.36630211181748,61149.090406746036,3.918032786885246,61149.090406746036,947.97,49.28,898.7,V1,,,
2023-05-08,SENSEX,BUY_CE,61800,90.13801769048223,186.95667714995244,61402.53420542635,1.8803418803418803,61402.53420542635,1919.75,53.51,1866.24,V1,,,
2023-05-09,SENSEX,BUY_CE,61800,116.38293958692157,233.26841705776908,61491.91471098266,1.9401709401709402,61491.91471098266,2316.73,55.35,2261.38,V1,,,
2023-05-11,SENSEX,BUY_CE,61900,146.7355471505689,285.5542279602463,61683.27145899893,1.664,61683.27145899893,2750.44,57.47,2692.96,V1,,,
2023-05-15,SENSEX,BUY_CE,62300,110.49211647476841,223.3996027367641,61968.561293375395,1.5153846153846153,61968.561293375395,2238.12,54.93,2183.18,V1,,,
2023-05-18,SENSEX,BUY_PE,61400,56.58084327756842,124.03366259124816,61880.85438040345,0.7433155080213903,61880.85438040345,1338.22,51.16,1287.06,V1,,,
2023-05-19,SENSEX,BUY_PE,61700,159.36541203603338,304.4487764980456,61822.984418145956,0.6682692307692307,61822.984418145956,2873.84,58.36,2815.48,V1,,,
2023-05-24,SENSEX,BUY_PE,61800,216.37273870582794,225.99339348142584,61793.84246588694,0.5021459227467812,61793.84246588694,165.87,62.35,103.53,V1,,,
2023-05-26,SENSEX,BUY_CE,62500,75.53278753266022,157.17771936114656,61995.16528,1.4055944055944056,61995.16528,1618.94,52.49,1566.45,V1,,,
2023-05-31,SENSEX,BUY_CE,62600,212.10279468840963,384.42540979986177,62501.624531126865,5.932203389830509,62501.624531126865,3410.66,62.05,3348.61,V1,,,
2023-06-12,SENSEX,BUY_PE,62700,128.27767031655094,159.02843439633975,62804.789313047484,0.4026717557251908,62804.789313047484,597.78,56.18,541.6,V1,,,
2023-06-19,SENSEX,BUY_CE,63200,177.42072246727548,359.65252632594263,63141.85977419356,4.149253731343284,63141.85977419356,3612.41,59.62,3552.79,V1,,,
2023-06-20,SENSEX,BUY_CE,63400,110.92485811151346,198.18147444235078,63174.84452459017,2.8271604938271606,63174.84452459017,1726.59,54.96,1671.62,V1,,,
2023-06-21,SENSEX,BUY_CE,63500,110.00471471548735,193.6847907211457,63285.19832191781,2.765432098765432,63285.19832191781,1655.38,54.9,1600.48,V1,,,
2023-06-26,SENSEX,BUY_PE,63000,72.47775140124577,171.30194691372037,63258.653477841995,0.975,63258.653477841995,1961.86,52.27,1909.58,V1,,,
2023-06-27,SENSEX,BUY_CE,63400,141.3226843166558,210.02545848515777,63272.28080426356,1.36986301369863,63272.28080426356,1352.97,57.09,1295.88,V1,,,
2023-06-30,SENSEX,BUY_CE,64700,25.35977186560558,64.45231476906193,63991.12173333333,1.0616438356164384,63991.12173333333,776.46,48.98,727.49,V1,,,
2023-07-12,SENSEX,BUY_PE,65400,160.59259215884958,204.55867541352976,65519.69476452599,0.8989547038327527,65519.69476452599,857.41,58.44,798.97,V1,,,
2023-07-20,SENSEX,BUY_CE,67500,20.017113451644036,51.5883073017059,66661.96508888889,1.6101694915254237,66661.96508888889,627.13,48.6,578.53,V1,,,
2023-07-26,SENSEX,BUY_PE,66700,225.7610248412093,235.3713024235958,66730.90647324306,0.5106382978723404,66730.90647324306,164.54,63.0,101.53,V1,,,
2023-07-27,SENSEX,BUY_PE,66400,159.6150492261695,303.3951424771707,66593.59971685971,0.5714285714285714,66593.59971685971,2847.82,58.37,2789.45,V1,,,
2023-07-28,SENSEX,BUY_PE,66100,108.2573247653745,221.00025032039014,66412.67450556647,0.2542372881355932,66412.67450556647,2235.1,54.78,2180.33,V1,,,
2023-08-02,SENSEX,BUY_PE,65800,83.49088656674576,171.03070335211356,66267.1581044349,0.5897435897435898,66267.1581044349,1735.53,53.04,1682.48,V1,,,
2023-08-04,SENSEX,BUY_PE,65700,154.95528396718873,292.318222854976,65920.79508036337,0.1994949494949495,65920.79508036337,2720.42,58.05,2662.38,V1,,,
2023-08-14,SENSEX,BUY_PE,65300,112.45586767699933,226.7967293336807,65600.30138807428,0.6884422110552764,65600.30138807428,2266.46,55.07,2211.39,V1,,,
2023-08-23,SENSEX,BUY_CE,65400,115.14288643892723,209.39719059494624,65127.26231372549,2.2720306513409962,65127.26231372549,1865.61,55.26,1810.35,V1,,,
2023-08-25,SENSEX,BUY_PE,64800,107.20757002962637,176.44311747884257,65015.79997481108,0.640625,65015.79997481108,1367.69,54.7,1312.99,V1,,,
2023-08-28,SENSEX,BUY_PE,65000,193.0900218225288,212.86053030077494,65000.17939127246,0.26031746031746034,65000.17939127246,371.05,60.72,310.34,V1,,,
2023-08-31,SENSEX,BUY_PE,64800,94.87770283626742,145.8126383517454,64994.86806015306,0.1680129240710824,64994.86806015306,1004.26,53.84,950.42,V1,,,
2023-09-18,SENSEX,BUY_CE,67600,172.74976265077566,209.84464930960812,67516.73782211139,1.3273809523809523,67516.73782211139,718.94,59.29,659.65,V1,,,
2023-09-20,SENSEX,BUY_PE,66800,34.08953519867464,84.16986376357997,67399.03622767857,0.4797047970479705,67399.03622767857,994.51,49.59,944.92,V1,,,
2023-09-28,SENSEX,BUY_PE,65500,70.26859096012595,150.79824076591217,65968.66512452108,0.18,65968.66512452108,1597.33,52.12,1545.21,V1,,,
2023-09-29,SENSEX,BUY_PE,65800,182.0806839175675,211.62466967242466,65900.38681948424,0.1836734693877551,65900.38681948424,567.26,59.95,507.31,V1,,,
2023-10-03,SENSEX,BUY_PE,65500,104.55932695675438,216.34218506403136,65800.57542234332,0.6540284360189573,65800.57542234332,2216.4,54.52,2161.88,V1,,,
2023-10-12,SENSEX,BUY_CE,66400,165.58528691869287,313.69822357152816,66152.20070967742,5.493150684931507,66152.20070967742,2933.5,58.79,2874.71,V1,,,
2023-10-13,SENSEX,BUY_CE,66300,228.66317320405506,262.0745460272213,66211.45549966465,2.2291666666666665,66211.45549966465,638.78,63.21,575.58,V1,,,
2023-10-17,SENSEX,BUY_CE,66400,247.46556588188105,284.1423976865586,66354.03917631917,2.576642335766423,66354.03917631917,701.64,64.52,637.12,V1,,,
2023-10-23,SENSEX,BUY_PE,64600,10.96793533914888,27.617025446512518,65649.14879688606,0.3064066852367688,65649.14879688606,330.67,47.97,282.7,V1,,,
2023-11-01,SENSEX,BUY_PE,63600,217.19584455014046,273.72891642745697,63729.44159003832,0.52,63729.44159003832,1101.21,62.4,1038.8,V1,,,
2023-11-03,SENSEX,BUY_CE,64400,185.97701754697482,325.64210950983414,64096.53268292683,1.1658767772511849,64096.53268292683,2762.6,60.22,2702.39,V1,,,
2023-11-13,SENSEX,BUY_PE,64900,181.63977536358288,252.75402405977889,65132.94102150538,0.14663143989431968,65132.94102150538,1396.22,59.91,1336.31,V1,,,
2023-11-21,SENSEX,BUY_CE,65900,257.8299295858051,314.33581664930597,65811.06782472612,2.0134228187919465,65811.06782472612,1095.79,65.25,1030.54,V1,,,
2023-11-22,SENSEX,BUY_CE,66000,220.4388912147624,291.24064570345536,65863.01103214889,4.916666666666667,65863.01103214889,1385.33,62.63,1322.7,V1,,,
2023-11-23,SENSEX,BUY_CE,66000,176.52860154187147,236.9880793275845,65880.30440982059,4.472222222222222,65880.30440982059,1184.38,59.56,1124.82,V1,,,
2023-11-24,SENSEX,BUY_CE,66000,186.0394229338781,204.60976916836864,65930.94296401514,1.401360544217687,65930.94296401514,347.97,60.22,287.75,V1,,,
2023-12-11,SENSEX,BUY_CE,69900,160.0918117769288,307.9567435699056,69607.20492602262,2.6576923076923076,69607.20492602262,2929.22,58.41,2870.81,V1,,,
2023-12-15,SENSEX,BUY_CE,71500,32.67983738377188,72.16940158006796,70457.47330721004,3.0354609929078014,70457.47330721004,783.5,49.49,734.01,V1,,,
2023-12-19,SENSEX,BUY_CE,71400,128.54945206844423,248.54931724604165,70930.73869211196,1.4022556390977443,70930.73869211196,2377.37,56.2,2321.17,V1,,,
2024-01-01,SENSEX,BUY_CE,72300,300.1068176318149,351.2955762463596,72159.70335436382,2.0505050505050506,72159.70335436382,984.69,68.21,916.48,V1,,,
2024-01-09,SENSEX,BUY_PE,71400,190.44452859975354,298.4583381479934,71704.80335640139,0.9596774193548387,71704.80335640139,2130.94,60.53,2070.41,V1,,,
2024-01-10,SENSEX,BUY_PE,71700,300.3637587822959,502.5754842974437,71719.09037313434,0.7,71719.09037313434,3996.06,68.23,3927.83,V1,,,
2024-01-11,SENSEX,BUY_CE,71700,354.69445477076806,358.72588815736077,71713.53612698414,1.6274509803921569,71713.53612698414,37.82,72.03,-34.21,V1,,,
2024-01-20,SENSEX,BUY_PE,71400,218.39226752787,327.15233951405037,71741.6974545987,0.5708661417322834,71741.6974545987,2142.47,62.49,2079.98,V1,,,
2024-01-23,SENSEX,BUY_PE,70400,64.91127881706416,119.23215530871151,71515.12880409356,0.12896825396825398,71515.12880409356,1075.37,51.74,1023.63,V1,,,
2024-01-25,SENSEX,BUY_PE,70700,183.33806612421904,306.2708723461965,71219.62482279692,0.3291139240506329,71219.62482279692,2429.28,60.03,2369.25,V1,,,
2024-02-07,SENSEX,BUY_CE,72200,424.2909283567569,630.0178800999179,72081.26057130004,1.302547770700637,72081.26057130004,4051.28,76.9,3974.38,V1,,,
2024-02-08,SENSEX,BUY_PE,71400,204.45130735685234,323.9274570381837,72054.97676178123,0.6764705882352942,72054.97676178123,2357.82,61.51,2296.31,V1,,,
2024-02-09,SENSEX,BUY_PE,71600,349.0094453359088,523.9293969030838,71834.36729682746,0.6334745762711864,71834.36729682746,3446.02,71.63,3374.39,V1,,,
2024-02-12,SENSEX,BUY_PE,71100,201.67695045285654,322.25430967723855,71720.55610864198,0.625,71720.55610864198,2380.11,61.32,2318.79,V1,,,
2024-02-13,SENSEX,BUY_PE,71600,416.70062801057065,619.9741905393232,71629.29667178699,0.7763157894736842,71629.29667178699,4003.27,76.37,3926.9,V1,,,
2024-02-15,SENSEX,BUY_CE,72100,168.80118539928662,290.58961373337854,71503.10823045268,1.5,71503.10823045268,2408.21,59.02,2349.19,V1,,,
2024-02-19,SENSEX,BUY_CE,72700,228.35334307542144,382.0261215588695,72294.9754736081,1.7989417989417988,72294.9754736081,3036.83,63.18,2973.65,V1,,,
2024-02-20,SENSEX,BUY_CE,73100,147.65741912714657,259.4507926194901,72426.34456790124,10.24390243902439,72426.34456790124,2211.44,57.54,2153.9,V1,,,
2024-02-21,SENSEX,BUY_CE,72600,358.3812531331423,580.8259416237594,72579.65311578948,10.195121951219512,72579.65311578948,4392.54,72.29,4320.25,V1,,,
2024-02-22,SENSEX,BUY_CE,73200,149.8615115508219,272.7881844345411,72657.15804310044,3.2986425339366514,72657.15804310044,2433.17,57.69,2375.48,V1,,,
2024-02-28,SENSEX,BUY_PE,72300,64.32108380307727,138.82053581838034,72925.49221198156,0.516320474777448,72925.49221198156,1477.8,51.7,1426.1,V1,,,
2024-02-29,SENSEX,BUY_PE,72500,151.3534725060308,294.159312167645,72772.00068683049,0.6692307692307692,72772.00068683049,2829.39,57.79,2771.59,V1,,,
2024-03-01,SENSEX,BUY_CE,73700,79.05780409921317,157.2449184210746,72896.55652079957,1.0346153846153847,72896.55652079957,1549.56,52.73,1496.83,V1,,,
2024-03-11,SENSEX,BUY_PE,73500,150.6439287092544,253.51045107132538,73836.60094854585,0.131163708086785,73836.60094854585,2033.08,57.75,1975.34,V1,,,
2024-03-12,SENSEX,BUY_PE,73700,229.39400695063523,415.3828575547519,73807.16790653313,0.2173202614379085,73807.16790653313,3681.09,63.26,3617.83,V1,,,
2024-03-13,SENSEX,BUY_PE,72800,158.90494297130135,291.30377433366675,73183.79402569737,0.48723404255319147,73183.79402569737,2620.96,58.32,2562.64,V1,,,
2024-03-14,SENSEX,BUY_PE,73100,282.1632752762889,479.35390497525464,73161.93101728991,0.047928003348681456,73161.93101728991,3898.12,66.95,3831.17,V1,,,
2024-03-15,SENSEX,BUY_PE,72600,127.47281062471302,238.33223434716564,73112.21875454967,0.041021347844286314,73112.21875454967,2195.24,56.12,2139.12,V1,,,
2024-03-18,SENSEX,BUY_PE,72700,159.27926071298134,290.8432487806822,73091.30039611804,0.04048750258211113,73091.30039611804,2604.27,58.35,2545.92,V1,,,
2024-03-20,SENSEX,BUY_PE,72100,181.3006693849493,323.02440801582725,72436.09072592593,0.04095962551199532,72436.09072592593,2804.22,59.89,2744.32,V1,,,
2024-03-26,SENSEX,BUY_CE,72500,317.3540574832514,342.83481045916074,72417.40670392662,1.5182291666666667,72417.40670392662,470.0,69.41,400.59,V1,,,
2024-03-27,SENSEX,BUY_CE,73000,192.4724077833671,339.2840507707821,72590.4032875143,2.0286458333333335,72590.4032875143,2904.33,60.67,2843.65,V1,,,
2024-04-03,SENSEX,BUY_CE,73900,281.9467936737128,299.5618273690752,73840.96593973634,16.650793650793652,73840.96593973634,317.41,66.94,250.47,V1,,,
2024-04-04,SENSEX,BUY_CE,74200,209.6081209347758,386.5649332340845,73965.68357461026,13.047619047619047,73965.68357461026,3503.37,61.87,3441.49,V1,,,
2024-04-05,SENSEX,BUY_CE,74200,242.52531847686623,330.8220150406533,74048.36476798145,4.2823529411764705,74048.36476798145,1731.53,64.18,1667.36,V1,,,
2024-04-12,SENSEX,BUY_PE,74200,124.11868967630653,240.75508563530985,74658.28917166867,0.24444444444444444,74658.28917166867,2310.84,55.89,2254.95,V1,,,
2024-04-22,SENSEX,BUY_CE,73600,123.02466048457791,239.53097787242436,73076.42911939493,1.3642857142857143,73076.42911939493,2308.37,55.81,2252.56,V1,,,
2024-05-06,SENSEX,BUY_PE,73900,146.153834935325,269.04211253848564,74364.78951706034,0.7506631299734748,74364.78951706034,2432.85,57.43,2375.42,V1,,,
2024-05-09,SENSEX,BUY_PE,72400,27.85678147046383,58.57011133668536,73680.56373677247,0.7175792507204611,73680.56373677247,609.08,49.15,559.93,V1,,,
2024-05-13,SENSEX,BUY_PE,72800,297.3776298486082,490.97287050682746,72884.09076975944,0.6183745583038869,72884.09076975944,3824.6,68.02,3756.59,V1,,,
2024-05-14,SENSEX,BUY_CE,73100,225.92667410285867,391.0549846138531,72786.60533892384,1.8362573099415205,72786.60533892384,3265.55,63.01,3202.53,V1,,,
2024-05-15,SENSEX,BUY_CE,73000,226.8676152377775,399.946852933759,72743.38852079073,4.184782608695652,72743.38852079073,3423.98,63.08,3360.9,V1,,,
2024-05-16,SENSEX,BUY_CE,73700,74.88897377228568,148.92756890106392,72855.03117408908,1.893491124260355,72855.03117408908,1467.34,52.44,1414.9,V1,,,
2024-05-18,SENSEX,BUY_CE,74000,226.52711077134518,341.3043570927971,73755.95433256174,5.532467532467533,73755.95433256174,2261.48,63.06,2198.42,V1,,,
2024-05-21,SENSEX,BUY_CE,74000,251.90530912590475,302.05372098827263,73839.2965190107,10.220779220779221,73839.2965190107,969.73,64.83,904.9,V1,,,
2024-05-22,SENSEX,BUY_CE,74200,209.35845247714315,321.90691709578095,73929.13817942944,10.727272727272727,73929.13817942944,2219.09,61.86,2157.24,V1,,,
2024-05-23,SENSEX,BUY_CE,75400,36.14509964284025,75.36494531904403,74138.02831135532,88800.0,74138.02831135532,777.71,49.73,727.98,V1,,,
2024-05-28,SENSEX,BUY_CE,75200,307.0377358162805,319.32095889017603,75145.62997802199,3.8627450980392157,75145.62997802199,208.08,68.69,139.39,V1,,,
2024-05-31,SENSEX,BUY_PE,74000,106.56684334465899,208.35812789268545,74554.2034991119,0.2776280323450135,74554.2034991119,2016.93,54.66,1962.27,V1,,,
2024-06-04,SENSEX,BUY_PE,72100,172.8507033908645,243.04043422148533,74071.5593647541,1.5290519877675842e-05,74071.5593647541,1378.84,59.3,1319.54,V1,,,
2024-06-21,SENSEX,BUY_PE,77200,895.0374371524886,904.2950034634638,77229.1088269639,0.7252747252747253,77229.1088269639,77.19,109.85,-32.66,V1,,,
2024-07-01,SENSEX,BUY_CE,79500,760.6976359718537,969.531728293693,79066.51343949045,2.377906976744186,79066.51343949045,4072.87,100.45,3972.42,V1,,,
2024-07-02,SENSEX,BUY_CE,79400,845.1723964848061,1081.2477579429792,79306.38427868046,4.476744186046512,79306.38427868046,4605.92,106.36,4499.56,V1,,,
2024-07-03,SENSEX,BUY_CE,80000,258.31701834530395,425.7012994741118,79526.37880844646,1.0148809523809523,79526.37880844646,3306.64,65.28,3241.36,V1,,,
2024-07-10,SENSEX,BUY_PE,79900,173.15591278026113,370.7256541832551,79984.61123321124,0.6207482993197279,79984.61123321124,3918.76,59.32,3859.44,V1,,,
2024-07-12,SENSEX,BUY_CE,80500,99.69370444114247,233.58404083658021,80112.99096085409,2.085714285714286,80112.99096085409,2657.81,54.18,2603.63,V1,,,
2024-07-15,SENSEX,BUY_CE,80700,102.56530832552744,239.40770871494152,80321.35919382505,2.2114285714285713,80321.35919382505,2716.33,54.38,2661.95,V1,,,
2024-07-19,SENSEX,BUY_PE,80600,191.68665018015963,240.30795755999623,80726.59666181465,0.8368580060422961,80726.59666181465,946.51,60.62,885.89,V1,,,
2024-07-22,SENSEX,BUY_PE,80500,134.91818357510056,287.7397241621343,80770.60165316045,0.675609756097561,80770.60165316045,3031.07,56.64,2974.43,V1,,,
2024-07-23,SENSEX,BUY_PE,80400,143.23546407688264,301.71129089716845,80650.5720079636,0.5048780487804878,80650.5720079636,3142.82,57.23,3085.59,V1,,,
2024-07-24,SENSEX,BUY_PE,80100,80.25175682254485,185.52827735583077,80553.32243589744,0.5461741424802111,80553.32243589744,2089.58,52.82,2036.77,V1,,,
2024-07-25,SENSEX,BUY_PE,80000,91.69679086062388,212.628643064159,80363.73638981175,0.5294117647058824,80363.73638981175,2400.38,53.62,2346.76,V1,,,
2024-08-08,SENSEX,BUY_PE,78900,190.7448302374105,315.75059912495317,79607.53733802815,0.487378640776699,79607.53733802815,2469.73,60.55,2409.17,V1,,,
2024-08-13,SENSEX,BUY_PE,79000,287.75610637701175,452.60205027085755,79435.15813725488,0.29829545454545453,79435.15813725488,3252.5,67.34,3185.15,V1,,,
2024-08-14,SENSEX,BUY_PE,79100,355.19780033855204,456.2114738792194,79358.05198704104,0.3115727002967359,79358.05198704104,1971.59,72.06,1899.53,V1,,,
2024-08-23,SENSEX,BUY_CE,81100,418.5633056357183,530.4004111983022,80828.75810625535,1.5838509316770186,80828.75810625535,2179.8,76.5,2103.3,V1,,,
2024-08-28,SENSEX,BUY_CE,81800,359.8433668706057,557.6986608376037,81444.84086419754,1.004566210045662,81444.84086419754,3902.05,72.39,3829.66,V1,,,
2024-09-02,SENSEX,BUY_CE,82600,326.93919663283305,517.4930124577954,82194.91665811966,1.85625,82194.91665811966,3760.41,70.09,3690.32,V1,,,
2024-09-05,SENSEX,BUY_PE,82200,195.20230418512074,269.6100907636484,82401.61431177445,0.7261410788381742,82401.61431177445,1460.27,60.86,1399.4,V1,,,
2024-09-06,SENSEX,BUY_PE,81200,52.19837416897644,114.36162700121811,82094.35634384383,0.29260450160771706,82094.35634384383,1233.27,50.85,1182.42,V1,,,
2024-09-09,SENSEX,BUY_PE,81600,184.933206958136,356.55873735797695,81854.90085870412,0.2577903682719547,81854.90085870412,3400.02,60.15,3339.88,V1,,,
2024-09-17,SENSEX,BUY_CE,83100,149.62968154948612,276.8442208486267,82665.370007326,1.0146341463414634,82665.370007326,2518.7,57.67,2461.03,V1,,,
2024-10-04,SENSEX,BUY_PE,81700,42.058193393535475,78.35089242594887,83516.012776927,0.3765586034912718,83516.012776927,718.63,50.14,668.49,V1,,,
2024-10-09,SENSEX,BUY_PE,81500,257.5334657827116,413.6281410202715,82036.72278634875,0.2332155477031802,82036.72278634875,3081.62,65.23,3016.4,V1,,,
2024-10-10,SENSEX,BUY_PE,81600,417.68940721097897,461.90960494504884,81710.28055743243,0.11232449297971919,81710.28055743243,831.63,76.44,755.19,V1,,,
2024-10-11,SENSEX,BUY_PE,81400,381.934577469925,423.42609993198647,81472.50739219713,0.13846153846153847,81472.50739219713,781.51,73.94,707.57,V1,,,
2024-10-16,SENSEX,BUY_PE,81500,340.42371796723455,420.8165433824952,81695.89029439696,0.2627986348122867,81695.89029439696,1562.18,71.03,1491.15,V1,,,
2024-10-17,SENSEX,BUY_PE,81000,202.12119247562805,340.82434859996,81598.92929057337,0.28102189781021897,81598.92929057337,2741.49,61.35,2680.14,V1,,,
2024-10-18,SENSEX,BUY_PE,81200,309.8988368128048,498.4914860710385,81478.11629417383,0.2894736842105263,81478.11629417383,3723.35,68.89,3654.46,V1,,,
2024-10-21,SENSEX,BUY_PE,81200,309.6773419556921,516.3304852211204,81342.05454022989,0.9497206703910615,81342.05454022989,4083.5,68.88,4014.62,V1,,,
2024-10-22,SENSEX,BUY_PE,80200,86.6927615654331,165.68498447784515,81136.09286532951,0.36470588235294116,81136.09286532951,1564.7,53.27,1511.43,V1,,,
2024-10-25,SENSEX,BUY_PE,79400,84.76555730950349,166.61654413116787,80232.71744531934,0.8611111111111112,80232.71744531934,1621.94,53.13,1568.8,V1,,,
2024-10-30,SENSEX,BUY_CE,79900,399.4373610226103,649.671729663425,79903.63028148148,1.4224598930481283,79903.63028148148,4941.74,75.16,4866.58,V1,,,
2024-10-31,SENSEX,BUY_PE,79400,123.38409149063955,250.64453251495752,79827.89043771045,0.8292682926829268,79827.89043771045,2522.77,55.84,2466.93,V1,,,
2024-11-01,SENSEX,BUY_PE,79700,184.75614513002438,252.63693849255387,79910.64645558488,0.7010309278350515,79910.64645558488,1331.37,60.13,1271.24,V1,,,
2024-11-19,SENSEX,BUY_PE,77600,222.6532306152949,385.6260310448965,77919.45579304497,0.5264797507788161,77919.45579304497,3222.96,62.79,3160.17,V1,,,
2024-11-21,SENSEX,BUY_PE,77200,179.83179521753482,323.45084194923356,77604.43630695443,0.22429906542056074,77604.43630695443,2842.18,59.79,2782.4,V1,,,
2024-11-28,SENSEX,BUY_PE,79000,281.76285544801794,437.53116853468475,79532.73274652149,0.6867469879518072,79532.73274652149,3072.21,66.92,3005.29,V1,,,
2024-11-29,SENSEX,BUY_PE,79800,460.32330135648226,676.4815565068354,79911.52265103058,0.7058823529411765,79911.52265103058,4254.96,79.42,4175.53,V1,,,
2024-12-05,SENSEX,BUY_CE,81800,120.14906842174423,203.83859472944852,80511.41393713813,1.695364238410596,80511.41393713813,1654.35,55.61,1598.74,V1,,,
2024-12-09,SENSEX,BUY_CE,81500,401.50595277127286,616.52194881534,81264.12882951654,1.5125,81264.12882951654,4239.24,75.31,4163.93,V1,,,
2024-12-11,SENSEX,BUY_PE,81500,435.07112043628877,457.67712943905514,81575.43423892099,0.26785714285714285,81575.43423892099,398.56,77.65,320.9,V1,,,
2024-12-12,SENSEX,BUY_PE,81300,341.22348921563025,444.2790259524937,81547.48658070678,0.2767527675276753,81547.48658070678,2013.98,71.09,1942.89,V1,,,
2024-12-17,SENSEX,BUY_PE,80700,188.37768617549227,312.9008804380185,81449.89438497653,0.4538152610441767,81449.89438497653,2460.39,60.39,2400.0,V1,,,
2024-12-24,SENSEX,BUY_PE,78500,237.74892873880162,396.6786438982819,78900.19119891008,0.9032258064516129,78900.19119891008,3140.53,63.84,3076.69,V1,,,
2024-12-26,SENSEX,BUY_PE,78500,326.45690153892065,525.3566812836541,78659.46255319148,0.8442211055276382,78659.46255319148,3926.89,70.05,3856.83,V1,,,
2024-12-30,SENSEX,BUY_PE,78200,197.92243746587337,350.4733059770241,78577.934788975,0.8653846153846154,78577.934788975,3018.11,61.05,2957.06,V1,,,
2024-12-31,SENSEX,BUY_PE,78100,187.56974762841855,336.80348049129464,78484.64288888889,0.8695652173913043,78484.64288888889,2953.21,60.33,2892.88,V1,,,
2025-01-02,SENSEX,BUY_CE,79900,73.80631496765818,139.09894965469022,78691.91089990818,1.296551724137931,78691.91089990818,1293.08,52.37,1240.71,V1,,,
2025-01-03,SENSEX,BUY_CE,79200,292.7275099665567,482.15648190719287,78889.01869198313,3.0786516853932584,78889.01869198313,3742.09,67.69,3674.4,V1,,,
2025-01-06,SENSEX,BUY_PE,78000,132.81870847965183,231.80343092016454,78847.67590408806,0.9949494949494949,78847.67590408806,1957.82,56.5,1901.32,V1,,,
2025-01-09,SENSEX,BUY_PE,77600,138.5842332628854,239.66730699318254,78433.99028571429,0.5487804878048781,78433.99028571429,1998.97,56.9,1942.07,V1,,,
2025-01-10,SENSEX,BUY_PE,77400,191.14385011434206,320.03886658831243,78015.43193848354,0.23737373737373738,78015.43193848354,2547.23,60.58,2486.65,V1,,,
2025-01-15,SENSEX,BUY_PE,76700,324.06021631047406,386.3677016577398,76873.45992022792,0.4307692307692308,76873.45992022792,1203.52,69.88,1133.64,V1,,,
2025-01-17,SENSEX,BUY_PE,76600,351.2555274467595,380.6389906153037,76684.80346341463,0.38620689655172413,76684.80346341463,543.76,71.79,471.97,V1,,,
2025-01-21,SENSEX,BUY_PE,75800,121.72176423424753,216.56483616201658,76600.19927401503,0.9035369774919614,76600.19927401503,1876.56,55.72,1820.84,V1,,,
2025-01-22,SENSEX,BUY_PE,76400,358.99089530220954,562.7096525237639,76502.95164331209,0.1765625,76502.95164331209,4019.07,72.33,3946.74,V1,,,
2025-01-24,SENSEX,BUY_PE,76200,311.23588160380314,400.5474033095654,76411.64357323232,0.903755868544601,76411.64357323232,1743.52,68.99,1674.54,V1,,,
2025-01-28,SENSEX,BUY_PE,75900,319.7570167460908,501.6837914668197,76139.50449855073,0.5418326693227091,76139.50449855073,3589.25,69.58,3519.67,V1,,,
2025-01-29,SENSEX,BUY_CE,76500,320.92850787373027,470.687523398307,76157.42878143133,2.3236994219653178,76157.42878143133,2947.68,69.66,2878.02,V1,,,
2025-01-30,SENSEX,BUY_CE,76800,200.532962942194,344.14684712962276,76267.16511864407,1.9884393063583814,76267.16511864407,2839.6,61.24,2778.36,V1,,,
2025-02-01,SENSEX,BUY_CE,77500,196.98467304875157,347.0423511972036,77026.8602045382,5.71578947368421,77026.8602045382,2968.51,60.99,2907.52,V1,,,
2025-02-03,SENSEX,BUY_CE,77200,374.22381906965893,387.76706696690565,77159.80781564428,1.086,77159.80781564428,225.15,73.4,151.75,V1,,,
2025-02-04,SENSEX,BUY_CE,78600,73.97172545771718,137.18389504087202,77356.46684563758,1.054,77356.46684563758,1251.57,52.38,1199.2,V1,,,
2025-02-07,SENSEX,BUY_PE,77900,371.7673729179951,393.4318604731779,77905.46563539589,0.3515151515151515,77905.46563539589,387.38,73.22,314.15,V1,,,
2025-02-10,SENSEX,BUY_PE,77300,127.80622471921743,229.92830432657902,78040.50251641138,0.862453531598513,78040.50251641138,2020.98,56.15,1964.83,V1,,,
2025-02-13,SENSEX,BUY_PE,76100,135.86883070680778,238.42920535854103,76853.55117037038,2.1691973969631237e-05,76853.55117037038,2028.75,56.71,1972.04,V1,,,
2025-02-14,SENSEX,BUY_PE,75900,196.19982099429035,332.75659207195014,76398.55953917051,2.2222222222222223e-05,76398.55953917051,2699.4,60.93,2638.46,V1,,,
2025-02-17,SENSEX,BUY_PE,76000,290.9951048859075,485.8193077405622,76124.46861423222,2.304147465437788e-05,76124.46861423222,3849.88,67.57,3782.31,V1,,,
2025-02-18,SENSEX,BUY_PE,76000,350.8157475568805,352.9184996774364,75971.66226327945,0.22252747252747251,75971.66226327945,-0.17,71.76,-71.93,V1,,,
2025-02-19,SENSEX,BUY_PE,75900,308.15980581867916,317.4355963738584,75959.65759649123,0.23011363636363635,75959.65759649123,147.98,68.77,79.21,V1,,,
2025-02-20,SENSEX,BUY_PE,75700,269.0914941195733,313.6661111877603,75843.21646491229,0.532258064516129,75843.21646491229,856.53,66.04,790.49,V1,,,
2025-03-10,SENSEX,BUY_CE,74100,220.75094273397553,393.1390695011005,73827.31852514918,1.5058823529411764,73827.31852514918,3410.93,62.65,3348.28,V1,,,
2025-03-11,SENSEX,BUY_CE,74100,291.6161514625783,339.8768507904248,74000.13442451421,1.8962962962962964,74000.13442451421,927.32,67.61,859.71,V1,,,
2025-03-13,SENSEX,BUY_PE,73800,160.4480951088335,244.14924936379413,74083.37075664621,0.7985347985347986,74083.37075664621,1649.75,58.43,1591.32,V1,,,
2025-03-27,SENSEX,BUY_CE,77600,422.3304414566155,435.68014719546204,77580.308764526,1.1939655172413792,77580.308764526,215.51,76.76,138.75,V1,,,
2025-04-01,SENSEX,BUY_PE,76000,30.805460149890678,62.54795681289865,77454.66932489452,0.5714285714285714,77454.66932489452,629.25,49.36,579.89,V1,,,
2025-04-25,SENSEX,BUY_PE,79200,489.8164565660045,680.5265440513998,79571.78525219297,0.6771428571428572,79571.78525219297,3743.98,81.49,3662.49,V1,,,
2025-05-06,SENSEX,BUY_CE,80600,619.353377831605,679.9604696092472,80518.4758707265,1.056338028169014,80518.4758707265,1134.18,90.55,1043.63,V1,,,
2025-05-12,SENSEX,BUY_CE,82400,106.93115512294025,173.60484523145215,80642.59629053177,1.1428571428571428,80642.59629053177,1316.64,54.69,1261.96,V1,,,
2025-05-13,SENSEX,BUY_CE,81100,583.8963548233296,811.007078713539,80907.32493647913,1.225108225108225,80907.32493647913,4458.52,88.07,4370.45,V1,,,
2025-05-14,SENSEX,BUY_CE,81300,545.6301676250805,767.3795240892941,81063.95648780488,1.0559701492537314,81063.95648780488,4356.21,85.39,4270.81,V1,,,
2025-05-15,SENSEX,BUY_CE,82500,221.63409693488575,340.68289558158824,81358.45002624672,1.294776119402985,81358.45002624672,2347.24,62.71,2284.52,V1,,,
2025-05-19,SENSEX,BUY_CE,82100,494.5944758394471,713.5877562484712,81839.33454005935,1.2222222222222223,81839.33454005935,4307.37,81.82,4225.55,V1,,,
2025-05-20,SENSEX,BUY_PE,81200,317.0735870298231,473.7620748022175,81852.65186385738,0.702020202020202,81852.65186385738,3086.32,69.4,3016.92,V1,,,
2025-05-21,SENSEX,BUY_PE,81600,415.8643593140696,605.5186549578925,81984.15157425113,0.8200589970501475,81984.15157425113,3731.8,76.31,3655.49,V1,,,
2025-05-28,SENSEX,BUY_PE,81300,476.8909828218384,568.7071054975644,81528.34815100816,0.89171974522293,81528.34815100816,1773.59,80.58,1693.0,V1,,,
2025-05-30,SENSEX,BUY_PE,81500,531.9715183039007,604.3183492693385,81609.624296595,0.6473214285714286,81609.624296595,1378.76,84.44,1294.32,V1,,,
2025-06-02,SENSEX,BUY_PE,81400,547.4802357126391,775.1923517220306,81472.2187674314,0.2961672473867596,81472.2187674314,4474.88,85.52,4389.36,V1,,,
2025-06-03,SENSEX,BUY_PE,80700,355.83657226735886,523.7805689995971,81252.21349336457,0.29094076655052264,81252.21349336457,3306.1,72.11,3233.99,V1,,,
2025-06-04,SENSEX,BUY_PE,81000,509.2970318066291,584.5572079213786,81168.8843362403,0.2430858806404658,81168.8843362403,1439.57,82.85,1356.72,V1,,,
2025-06-11,SENSEX,BUY_CE,82500,241.56018308035345,431.7631366095076,82189.41286744314,1.1165413533834587,82189.41286744314,3763.66,64.11,3699.55,V1,,,
2025-06-16,SENSEX,BUY_PE,81800,247.0061715315278,438.5522059612963,82002.86099867724,0.549079754601227,82002.86099867724,3789.79,64.49,3725.3,V1,,,
2025-06-24,SENSEX,BUY_PE,82100,272.08850049040484,317.6369952535141,82156.74758343895,0.7647058823529411,82156.74758343895,875.59,66.25,809.34,V1,,,
2025-07-08,SENSEX,BUY_CE,83700,256.7504266071628,355.7981069752976,83475.72446864688,1.688118811881188,83475.72446864688,1944.2,65.17,1879.03,V1,,,
2025-07-09,SENSEX,BUY_CE,83500,355.5985005647308,381.692850537071,83485.52125087353,1.5,83485.52125087353,477.65,72.09,405.56,V1,,,
2025-07-15,SENSEX,BUY_PE,82600,230.05299660498713,433.4200620833384,82729.05763580248,0.3469387755102041,82729.05763580248,4027.53,63.3,3964.23,V1,,,
2025-07-17,SENSEX,BUY_PE,82300,223.09415665850247,300.98770824825107,82454.98377495463,0.4820936639118457,82454.98377495463,1526.43,62.82,1463.61,V1,,,
2025-07-18,SENSEX,BUY_PE,81800,82.10663703661339,184.19955590249927,82325.7486337761,0.4654255319148936,82325.7486337761,2025.88,52.95,1972.93,V1,,,
2025-07-21,SENSEX,BUY_PE,82200,234.92966506702942,455.3830439102445,82246.38120908484,0.4971590909090909,82246.38120908484,4367.65,63.65,4304.0,V1,,,
2025-07-24,SENSEX,BUY_PE,82200,202.06341944704036,223.23855194508127,82231.40410148977,0.6195121951219512,82231.40410148977,397.98,61.34,336.64,V1,,,
2025-07-25,SENSEX,BUY_PE,81500,33.26990872594433,88.72400063893919,82188.69230559345,0.5497835497835498,82188.69230559345,1101.76,49.53,1052.23,V1,,,
2025-07-30,SENSEX,BUY_PE,81500,186.78391014478257,241.43680997361565,81618.4062894376,0.7697594501718213,81618.4062894376,1067.36,60.27,1007.09,V1,,,
2025-07-31,SENSEX,BUY_PE,81200,192.684783640565,391.8659673016953,81305.33948081265,0.33884297520661155,81305.33948081265,3948.55,60.69,3887.86,V1,,,
2025-08-01,SENSEX,BUY_PE,80600,79.84187718060275,182.5366333159509,81086.03857142857,0.9865470852017937,81086.03857142857,2038.15,52.79,1985.36,V1,,,
2025-08-04,SENSEX,BUY_PE,81000,233.8646309820615,450.8893262443121,81047.48321561338,0.8148148148148148,81047.48321561338,4299.41,63.57,4235.84,V1,,,
2025-08-06,SENSEX,BUY_PE,80500,113.11828412019531,200.89647461941368,80868.33075247525,0.5975609756097561,80868.33075247525,1736.72,55.12,1681.6,V1,,,
2025-08-11,SENSEX,BUY_CE,80600,213.4344183070789,311.95429503143265,80356.39344249513,1.2030456852791878,80356.39344249513,1938.87,62.14,1876.73,V1,,,
2025-08-13,SENSEX,BUY_CE,80500,244.42537254916533,336.7204143963182,80327.53573086688,1.1881443298969072,80327.53573086688,1811.03,64.31,1746.72,V1,,,
2025-08-14,SENSEX,BUY_CE,80600,200.07785372853323,304.8130010143051,80322.43772186147,1.7432835820895523,80322.43772186147,2064.41,61.21,2003.2,V1,,,
2025-08-22,SENSEX,BUY_PE,81300,162.10499975953644,264.97412836424905,81633.34371158392,0.5546448087431693,81633.34371158392,2031.76,58.55,1973.21,V1,,,
2025-08-25,SENSEX,BUY_PE,81600,228.78684176195384,262.3369166846039,81716.88507834758,0.5623268698060941,81716.88507834758,641.53,63.22,578.32,V1,,,
2025-09-02,SENSEX,BUY_PE,80200,192.3557979689358,298.92814529537793,80461.32569090909,0.38480392156862747,80461.32569090909,2101.97,60.66,2041.31,V1,,,
2025-09-19,SENSEX,BUY_CE,82600,270.2017494173924,320.62444640987997,82521.80008680555,1.350597609561753,82521.80008680555,973.0,66.11,906.89,V1,,,
2025-09-22,SENSEX,BUY_PE,82200,108.6393623147087,237.3135706520878,82596.62837398374,0.6551724137931034,82596.62837398374,2552.73,54.8,2497.92,V1,,,
2025-09-25,SENSEX,BUY_PE,81200,23.974517185168224,66.88761783180166,81957.62679617117,0.21149897330595482,81957.62679617117,852.81,48.88,803.93,V1,,,
2025-10-09,SENSEX,BUY_CE,82200,119.34014137099803,234.79610132210672,81765.77703257474,3.8552631578947367,81765.77703257474,2287.87,55.55,2232.32,V1,,,
2025-10-10,SENSEX,BUY_CE,82500,109.28386123746895,238.78668619777443,82016.28158199645,3.914473684210526,82016.28158199645,2569.17,54.85,2514.32,V1,,,
2025-10-13,SENSEX,BUY_CE,82300,199.5732549987806,294.0988632360867,82095.81556,3.9210526315789473,82095.81556,1860.89,61.17,1799.72,V1,,,
2025-10-15,SENSEX,BUY_CE,82600,139.901833250442,295.62787851628264,82221.89598649301,1.6510791366906474,82221.89598649301,3088.39,56.99,3031.4,V1,,,
2025-10-16,SENSEX,BUY_CE,83500,60.60810789948846,137.38402244352227,82682.71865393361,4.484126984126984,82682.71865393361,1523.64,51.44,1472.2,V1,,,
2025-10-30,SENSEX,BUY_PE,84400,157.8454185106093,227.8454252776628,84603.28963800905,0.9796437659033079,84603.28963800905,1376.86,58.25,1318.61,V1,,,
2025-11-06,SENSEX,BUY_PE,83300,56.37142422248144,134.79404070174007,83948.40707591934,0.4027027027027027,83948.40707591934,1556.98,51.15,1505.84,V1,,,
2025-11-07,SENSEX,BUY_PE,83200,114.42082281625699,250.58902490695,83567.93026482442,0.023679417122040074,83567.93026482442,2701.46,55.21,2646.25,V1,,,
2025-11-11,SENSEX,BUY_CE,83900,116.20045781057706,232.6980256207391,83452.74811250581,1.062043795620438,83452.74811250581,2309.02,55.33,2253.68,V1,,,
2025-11-14,SENSEX,BUY_CE,84600,106.72170144598567,241.00634002639205,84137.66125173852,2.0859375,84137.66125173852,2664.83,54.67,2610.16,V1,,,
2025-11-17,SENSEX,BUY_CE,85000,52.75377539281544,135.50660453480825,84350.60720094561,1.80859375,84350.60720094561,1643.76,50.89,1592.87,V1,,,
2025-11-18,SENSEX,BUY_CE,84700,217.61283629865648,252.38959822995918,84598.18622359607,1.75390625,84598.18622359607,667.34,62.43,604.9,V1,,,
2025-11-21,SENSEX,BUY_CE,85200,282.14182150686247,299.19586405991805,85199.6988483965,4.906542056074766,85199.6988483965,306.2,66.95,239.25,V1,,,
2025-11-25,SENSEX,BUY_PE,84600,39.55217614187313,104.35519501809695,85263.53939873418,0.9623188405797102,85263.53939873418,1287.43,49.97,1237.46,V1,,,
2025-11-26,SENSEX,BUY_CE,85600,180.49421080842876,294.4050026773931,85296.22254527656,1.1066666666666667,85296.22254527656,2249.72,59.83,2189.89,V1,,,
2025-11-27,SENSEX,BUY_CE,85700,149.2807583572103,313.34638454287494,85315.01458612976,1.27,85315.01458612976,3253.55,57.65,3195.91,V1,,,
2025-12-02,SENSEX,BUY_PE,85100,91.75827730581659,187.75343614362902,85555.78712392315,0.37398373983739835,85555.78712392315,1903.13,53.62,1849.51,V1,,,
2025-12-03,SENSEX,BUY_PE,85100,100.38019561693363,232.3820723569064,85471.28809523811,0.3780821917808219,85471.28809523811,2620.07,54.23,2565.85,V1,,,
2025-12-04,SENSEX,BUY_PE,85300,224.36575258897938,248.04519157196032,85316.84995238096,1.8552875695732837e-05,85316.84995238096,445.24,62.91,382.34,V1,,,
2025-12-08,SENSEX,BUY_PE,85100,201.65371017923462,249.0054051133814,85219.85063651591,0.8138801261829653,85219.85063651591,919.99,61.32,858.68,V1,,,
2025-12-09,SENSEX,BUY_PE,84700,103.349145494205,228.2823118159323,85141.72612179487,0.7610619469026548,85141.72612179487,2478.77,54.43,2424.33,V1,,,
2025-12-10,SENSEX,BUY_PE,84400,50.03565131558025,122.80204713751962,85079.770086741,0.7049180327868853,85079.770086741,1444.96,50.7,1394.26,V1,,,
2025-12-11,SENSEX,BUY_PE,84800,217.93769597593928,433.5021970028003,84887.35598323662,0.9214285714285714,84887.35598323662,4272.2,62.46,4209.75,V1,,,
2025-12-26,SENSEX,BUY_PE,85000,112.56448555616953,185.98414580488574,85295.1900199005,0.48135593220338985,85295.1900199005,1450.48,55.08,1395.4,V1,,,
2025-12-29,SENSEX,BUY_PE,84700,99.26203133152376,190.42450746999808,85040.80506141465,0.7357512953367875,85040.80506141465,1805.87,54.15,1751.72,V1,,,
2025-12-30,SENSEX,BUY_PE,84700,117.36667889447563,207.55412235974472,84976.47948427672,0.08402203856749312,84976.47948427672,1784.25,55.42,1728.84,V1,,,
2026-01-07,SENSEX,BUY_PE,85000,129.69585433731845,293.94096507933057,85239.04435897435,0.5221238938053098,85239.04435897435,3259.48,56.28,3203.21,V1,,,
2026-01-08,SENSEX,BUY_PE,84200,29.555733372309078,77.8567710593279,85020.08607922122,0.6566371681415929,85020.08607922122,959.58,49.27,910.31,V1,,,
2026-01-13,SENSEX,BUY_PE,83600,54.7684379800794,134.4178307740326,84213.30419631902,0.45893719806763283,84213.30419631902,1581.64,51.03,1530.6,V1,,,
2026-01-14,SENSEX,BUY_PE,83400,68.1631490947093,165.14057068192795,83905.37705497383,0.5377358490566038,83905.37705497383,1925.55,51.97,1873.58,V1,,,
2026-01-16,SENSEX,BUY_PE,83600,206.28938887731783,246.07223189150747,83662.37054412438,0.44150943396226416,83662.37054412438,768.52,61.64,706.87,V1,,,
2026-01-19,SENSEX,BUY_PE,83200,105.87587981451725,239.42800750279466,83557.50648793565,0.4727272727272727,83557.50648793565,2650.32,54.61,2595.71,V1,,,
2026-01-20,SENSEX,BUY_PE,82200,12.604706134921798,34.06136531369054,83377.75496381438,0.45703125,83377.75496381438,426.33,48.08,378.25,V1,,,
2026-01-22,SENSEX,BUY_PE,82300,88.94208350703775,200.4346893755095,82769.19872166481,0.546,82769.19872166481,2212.49,53.43,2159.06,V1,,,
2026-01-23,SENSEX,BUY_PE,81500,40.45307042013701,97.40386486322252,82307.77499230177,0.17254901960784313,82307.77499230177,1130.74,50.03,1080.71,V1,,,
2026-01-27,SENSEX,BUY_PE,81900,224.5672277868871,430.239244143469,82004.95609993293,0.17983651226158037,82004.95609993293,4074.15,62.92,4011.23,V1,,,
2026-01-29,SENSEX,BUY_CE,82600,132.16702759033797,268.3923867069134,82089.17353861945,1.5887445887445888,82089.17353861945,2700.47,56.45,2644.02,V1,,,
2026-01-30,SENSEX,BUY_CE,82300,204.76422473765706,290.5871058654098,82051.4313015061,1.8116883116883118,82051.4313015061,1686.74,61.53,1625.2,V1,,,
2026-02-09,SENSEX,BUY_CE,84100,373.49665186569473,579.3352878915111,83752.93914744935,1.078125,83752.93914744935,4059.6,73.34,3986.26,V1,,,
2026-02-11,SENSEX,BUY_CE,84200,418.27734416955354,641.4565186567547,83962.57896083132,2.058080808080808,83962.57896083132,4400.0,76.48,4323.52,V1,,,
2026-02-12,SENSEX,BUY_PE,83700,357.1106653737188,485.94851758802645,84005.4322181641,0.9700787401574803,84005.4322181641,2526.17,72.2,2453.98,V1,,,
2021-04-12,SENSEX,BUY_PE,47900,55.98,138.96,49225.37,0.185,49225.37,1647.82,51.12,1596.71,V2,0.916,True,1.0
2021-04-15,SENSEX,BUY_PE,48800,381.76,560.57,48921.91,0.398,48921.91,3519.74,73.92,3445.82,V2,0.938,True,1.0
2021-05-07,SENSEX,BUY_CE,49200,286.51,408.05,48902.08,1.132,48902.08,2389.2,67.26,2321.94,V2,0.817,True,1.0
2021-05-17,SENSEX,BUY_CE,49600,148.27,288.92,49089.22,2.169,49089.22,2786.79,57.58,2729.21,V2,0.669,True,1.0
2021-07-12,SENSEX,BUY_PE,52400,67.39,144.56,52605.42,0.788,52605.42,1530.67,51.92,1478.76,V2,0.414,True,1.0
2021-07-19,SENSEX,BUY_PE,52600,93.67,181.43,52792.31,0.801,52792.31,1738.63,53.76,1684.88,V2,0.404,True,1.0
2021-08-13,SENSEX,BUY_CE,55400,51.43,125.55,54741.84,2.153,54741.84,1471.78,50.8,1420.98,V2,0.488,True,1.0
2021-08-18,SENSEX,BUY_CE,55600,141.77,314.88,55409.87,5.569,55409.87,3434.77,57.12,3377.65,V2,0.466,True,1.0
2021-09-17,SENSEX,BUY_CE,59000,138.36,321.62,58829.23,3.22,58829.23,3637.63,56.89,3580.75,V2,0.454,True,1.0
2021-09-28,SENSEX,BUY_CE,59700,227.35,479.66,59628.0,1.49,59628.0,5003.88,63.11,4940.76,V2,0.508,True,1.0
2021-09-29,SENSEX,BUY_PE,59400,103.64,210.23,59714.01,0.777,59714.01,2112.89,54.45,2058.44,V2,0.517,True,1.0
2021-10-11,SENSEX,BUY_CE,60100,216.57,367.61,59928.56,4.9,59928.56,2985.73,62.36,2923.37,V2,0.562,True,1.0
2021-11-17,SENSEX,BUY_PE,60000,176.15,273.6,60299.56,0.735,60299.56,1922.12,59.53,1862.59,V2,0.594,True,1.0
2021-12-08,SENSEX,BUY_CE,58600,224.61,440.9,57929.46,1.955,57929.46,4285.82,62.92,4222.9,V2,0.955,True,1.0
2022-01-28,SENSEX,BUY_PE,57200,187.48,330.05,57677.6,0.257,57677.6,2820.33,60.32,2760.0,V2,0.783,True,1.0
2022-03-08,SENSEX,BUY_PE,53400,381.47,707.24,53993.23,0.153,53993.23,6450.1,73.9,6376.2,V2,1.0,True,1.0
2022-04-19,SENSEX,BUY_PE,56500,46.02,118.97,57751.72,0.23,57751.72,1449.11,50.42,1398.69,V2,0.746,True,1.0
2022-07-06,SENSEX,BUY_CE,53800,190.01,351.0,53231.7,3.676,53231.7,3187.31,60.5,3126.81,V2,0.693,True,1.0
2022-07-28,SENSEX,BUY_CE,56900,56.83,141.11,56100.92,1.545,56100.92,1673.55,51.18,1622.37,V2,0.571,True,1.0
2022-08-01,SENSEX,BUY_CE,58100,108.77,241.1,57518.79,3.136,57518.79,2625.56,54.81,2570.75,V2,0.582,True,1.0
2022-08-16,SENSEX,BUY_CE,59800,140.59,262.07,59472.38,1.817,59472.38,2405.49,57.04,2348.45,V2,0.548,True,1.0
2022-09-14,SENSEX,BUY_CE,60300,278.07,462.48,60022.77,3.351,60022.77,3643.67,66.66,3577.0,V2,0.654,True,1.0
2022-09-28,SENSEX,BUY_PE,56600,54.53,146.12,57538.01,0.181,57538.01,1819.86,51.02,1768.84,V2,0.719,True,1.0
2022-11-14,SENSEX,BUY_CE,61600,164.4,347.66,61321.83,1.464,61321.83,3634.63,58.71,3575.92,V2,0.474,True,1.0
2022-12-08,SENSEX,BUY_PE,62600,222.7,256.71,62646.36,0.147,62646.36,651.34,62.79,588.55,V2,0.413,True,1.0
2022-12-13,SENSEX,BUY_CE,62500,161.2,232.76,62364.59,2.215,62364.59,1407.53,58.48,1349.04,V2,0.441,True,1.0
2023-01-02,SENSEX,BUY_CE,61200,198.21,284.09,60944.37,4.438,60944.37,1688.69,61.07,1627.62,V2,0.582,True,1.0
2023-01-27,SENSEX,BUY_PE,59300,22.38,62.42,60397.8,0.204,60397.8,795.53,48.77,746.76,V2,0.569,True,1.0
2023-05-26,SENSEX,BUY_CE,62500,75.53,171.06,61995.17,1.406,61995.17,1895.7,52.49,1843.21,V2,0.401,True,1.0
2023-06-30,SENSEX,BUY_CE,64700,25.36,65.55,63991.12,1.062,63991.12,798.32,48.98,749.34,V2,0.352,True,1.0
2023-08-25,SENSEX,BUY_PE,64800,107.21,176.44,65015.8,0.641,65015.8,1367.69,54.7,1312.99,V2,0.37,True,1.0
2023-08-28,SENSEX,BUY_PE,65000,193.09,212.86,65000.18,0.26,65000.18,371.05,60.72,310.34,V2,0.371,True,1.0
2023-08-31,SENSEX,BUY_PE,64800,94.88,145.81,64994.87,0.168,64994.87,1004.26,53.84,950.42,V2,0.362,True,1.0
2023-10-13,SENSEX,BUY_CE,66300,228.66,262.07,66211.46,2.229,66211.46,638.78,63.21,575.58,V2,0.409,True,1.0
2023-11-03,SENSEX,BUY_CE,64400,185.98,283.03,64096.53,1.166,64096.53,1912.95,60.22,1852.73,V2,0.474,True,1.0
2023-12-08,SENSEX,BUY_CE,69800,90.08,189.32,69266.7,2.792,69266.7,1968.2,53.51,1914.69,V2,0.353,True,1.0
2023-12-15,SENSEX,BUY_CE,71500,32.68,83.63,70457.47,3.035,70457.47,1011.97,49.49,962.49,V2,0.442,True,1.0
2023-12-29,SENSEX,BUY_CE,72200,185.56,347.79,71766.19,49400.0,71766.19,3212.74,60.19,3152.55,V2,0.48,True,1.0
2024-01-01,SENSEX,BUY_CE,72300,300.11,351.3,72159.7,2.051,72159.7,984.69,68.21,916.48,V2,0.493,True,1.0
2024-01-20,SENSEX,BUY_PE,71400,218.39,327.15,71741.7,0.571,71741.7,2142.47,62.49,2079.98,V2,0.525,True,1.0
2024-01-25,SENSEX,BUY_PE,70700,183.34,356.1,71219.62,0.329,71219.62,3422.9,60.03,3362.87,V2,0.638,True,1.0
2024-02-19,SENSEX,BUY_CE,72700,228.35,374.73,72294.98,1.799,72294.98,2891.41,63.18,2828.23,V2,0.544,True,1.0
2024-02-29,SENSEX,BUY_PE,72500,151.35,282.87,72772.0,0.669,72772.0,2604.24,57.79,2546.45,V2,0.488,True,1.0
2024-03-01,SENSEX,BUY_CE,73700,79.06,193.79,72896.56,1.035,72896.56,2278.17,52.73,2225.44,V2,0.503,True,1.0
2024-03-13,SENSEX,BUY_PE,72800,158.9,299.04,73183.79,0.487,73183.79,2775.29,58.32,2716.96,V2,0.462,True,1.0
2024-05-18,SENSEX,BUY_CE,74000,226.53,341.3,73755.95,5.532,73755.95,2261.48,63.06,2198.42,V2,0.516,True,1.0
2024-05-31,SENSEX,BUY_PE,74000,106.57,240.84,74554.2,0.278,74554.2,2664.58,54.66,2609.92,V2,0.452,True,1.0
2024-06-21,SENSEX,BUY_PE,77200,895.04,904.3,77229.11,0.725,77229.11,77.19,109.85,-32.66,V2,0.934,True,1.0
2024-07-01,SENSEX,BUY_CE,79500,760.7,941.04,79066.51,2.378,79066.51,3504.75,100.45,3404.3,V2,0.434,True,1.0
2024-07-02,SENSEX,BUY_CE,79400,845.17,1007.46,79306.38,4.477,79306.38,3134.63,106.36,3028.27,V2,0.436,True,1.0
2024-07-03,SENSEX,BUY_CE,80000,258.32,430.13,79526.38,1.015,79526.38,3394.89,65.28,3329.6,V2,0.435,True,1.0
2024-09-06,SENSEX,BUY_PE,81200,52.2,110.13,82094.36,0.293,82094.36,1148.82,50.85,1097.96,V2,0.319,True,1.0
2024-09-25,SENSEX,BUY_CE,85200,114.84,259.72,84457.42,4.145,84457.42,2875.14,55.24,2819.9,V2,0.441,True,1.0
2024-10-04,SENSEX,BUY_PE,81700,42.06,96.88,83516.01,0.377,83516.01,1088.04,50.14,1037.9,V2,0.518,True,1.0
2024-10-25,SENSEX,BUY_PE,79400,84.77,205.53,80232.72,0.861,80232.72,2397.94,53.13,2344.81,V2,0.506,True,1.0
2024-12-23,SENSEX,BUY_PE,78500,141.93,329.48,79242.31,0.273,79242.31,3722.76,57.13,3665.63,V2,0.593,True,1.0
2025-01-03,SENSEX,BUY_CE,79200,292.73,620.74,78889.02,3.079,78889.02,6505.54,67.69,6437.85,V2,0.594,True,1.0
2025-01-06,SENSEX,BUY_PE,78000,132.82,322.45,78847.68,0.995,78847.68,3765.32,56.5,3708.82,V2,0.657,True,1.0
2025-01-13,SENSEX,BUY_PE,76300,65.37,162.5,77508.9,0.253,77508.9,1928.84,51.78,1877.06,V2,0.59,True,1.0
2025-01-14,SENSEX,BUY_PE,76500,184.55,360.72,77107.18,0.241,77107.18,3490.68,60.12,3430.57,V2,0.59,True,1.0
2025-01-15,SENSEX,BUY_PE,76700,324.06,386.37,76873.46,0.431,76873.46,1203.52,69.88,1133.64,V2,0.578,True,1.0
2025-01-21,SENSEX,BUY_PE,75800,121.72,291.86,76600.2,0.904,76600.2,3377.99,55.72,3322.27,V2,0.615,True,1.0
2025-01-22,SENSEX,BUY_PE,76400,358.99,525.73,76502.95,0.177,76502.95,3281.7,72.33,3209.37,V2,0.569,True,1.0
2025-01-30,SENSEX,BUY_CE,76800,200.53,372.97,76267.17,1.988,76267.17,3414.23,61.24,3353.0,V2,0.53,True,1.0
2025-02-01,SENSEX,BUY_CE,77500,196.98,428.77,77026.86,5.716,77026.86,4598.14,60.99,4537.15,V2,0.53,True,1.0
2025-03-11,SENSEX,BUY_CE,74100,291.62,339.88,74000.13,1.896,74000.13,927.32,67.61,859.71,V2,0.486,True,1.0
2025-05-13,SENSEX,BUY_CE,81100,583.9,1017.07,80907.32,1.225,80907.32,8567.43,88.07,8479.36,V2,0.654,True,1.0
2025-05-16,SENSEX,BUY_CE,82300,428.32,633.36,81806.46,2.92,81806.46,4037.19,77.18,3960.01,V2,0.662,True,1.0
2025-05-28,SENSEX,BUY_PE,81300,476.89,568.71,81528.35,0.892,81528.35,1773.59,80.58,1693.0,V2,0.703,True,1.0
2025-06-03,SENSEX,BUY_PE,80700,355.84,559.79,81252.21,0.291,81252.21,4024.18,72.11,3952.07,V2,0.549,True,1.0
2025-06-24,SENSEX,BUY_PE,82100,272.09,317.64,82156.75,0.765,82156.75,875.59,66.25,809.34,V2,0.501,True,1.0
2025-08-01,SENSEX,BUY_PE,80600,79.84,185.36,81086.04,0.987,81086.04,2094.54,52.79,2041.75,V2,0.422,True,1.0
2025-09-25,SENSEX,BUY_PE,81200,23.97,62.45,81957.63,0.211,81957.63,764.33,48.88,715.46,V2,0.307,True,1.0
2025-10-09,SENSEX,BUY_CE,82200,119.34,243.83,81765.78,3.855,81765.78,2467.93,55.55,2412.37,V2,0.383,True,1.0
2025-10-16,SENSEX,BUY_CE,83500,60.61,150.29,82682.72,4.484,82682.72,1780.91,51.44,1729.47,V2,0.4,True,1.0
2025-11-06,SENSEX,BUY_PE,83300,56.37,147.65,83948.41,0.403,83948.41,1813.24,51.15,1762.09,V2,0.425,True,1.0
2025-12-03,SENSEX,BUY_PE,85100,100.38,239.17,85471.29,0.378,85471.29,2755.33,54.23,2701.1,V2,0.36,True,1.0
2025-12-04,SENSEX,BUY_PE,85300,224.37,248.05,85316.85,0.0,85316.85,445.24,62.91,382.34,V2,0.354,True,1.0
2025-12-11,SENSEX,BUY_PE,84800,217.94,470.17,84887.36,0.921,84887.36,5003.42,62.46,4940.97,V2,0.401,True,1.0
2025-12-29,SENSEX,BUY_PE,84700,99.26,190.42,85040.81,0.736,85040.81,1805.87,54.15,1751.72,V2,0.33,True,1.0
2026-01-07,SENSEX,BUY_PE,85000,129.7,278.68,85239.04,0.522,85239.04,2955.12,56.28,2898.84,V2,0.311,True,1.0
2026-01-08,SENSEX,BUY_PE,84200,29.56,75.65,85020.09,0.657,85020.09,915.52,49.27,866.25,V2,0.327,True,1.0
2026-01-16,SENSEX,BUY_PE,83600,206.29,246.07,83662.37,0.442,83662.37,768.52,61.64,706.87,V2,0.415,True,1.0
2026-01-22,SENSEX,BUY_PE,82300,88.94,254.73,82769.2,0.546,82769.2,3295.12,53.43,3241.69,V2,0.51,True,1.0
2026-01-27,SENSEX,BUY_PE,81900,224.57,551.16,82004.96,0.18,82004.96,6485.37,62.92,6422.46,V2,0.544,True,1.0
2026-01-29,SENSEX,BUY_CE,82600,132.17,264.15,82089.17,1.589,82089.17,2615.88,56.45,2559.43,V2,0.569,True,1.0
2026-02-12,SENSEX,BUY_PE,83700,357.11,485.95,84005.43,0.97,84005.43,2526.17,72.2,2453.98,V2,0.688,True,1.0
