date,type,strike,spot,entry_premium,exit_premium,pnl,delta,gamma,theta,iv,dte,cpr_width
2020-09-24,BUY_PE_CPR,36600,36553.6,182.72,328.89,1413.63,-0.537,0.00098,-84.14,21.2,1,0.106
2020-09-30,BUY_CE_CPR,38100,38067.93,244.84,440.71,1910.28,0.492,0.00063,-66.76,22.6,2,0.106
2020-10-01,BUY_CE_CPR,38700,38697.05,193.51,348.31,1499.89,0.506,0.00083,-99.21,23.7,1,0.062
2020-10-05,BUY_CE_CPR,39000,38973.7,372.58,670.64,2931.57,0.505,0.00043,-49.92,22.8,4,0.21
2020-10-06,BUY_CE_CPR,39600,39574.57,335.71,604.27,2636.78,0.502,0.00047,-59.78,23.6,3,0.115
2020-10-07,BUY_CE_CPR,39900,39878.95,275.71,496.28,2157.11,0.5,0.00057,-73.27,23.7,2,0.279
2020-10-08,BUY_CE_CPR,40200,40182.67,193.32,347.98,1498.42,0.494,0.0008,-102.66,23.6,1,0.281
2020-10-09,BUY_CE_CPR,40500,40509.49,202.79,365.02,1574.08,0.516,0.00082,-100.79,23.0,1,0.136
2020-10-13,BUY_CE_CPR,40600,40625.51,360.19,648.34,2832.51,0.526,0.00047,-59.67,22.9,3,0.086
2020-10-14,BUY_CE_CPR,40800,40794.74,279.28,502.7,2185.63,0.509,0.00058,-72.29,22.8,2,0.002
2020-10-16,SELL_CE_CPR,40500,39982.98,48.33,0.05,435.05,0.171,0.00048,-68.61,25.3,1,1.049
2020-10-19,BUY_CE_CPR,40400,40431.6,462.0,831.61,3646.51,0.528,0.00037,-57.52,25.6,4,0.116
2020-10-20,BUY_CE_CPR,40500,40544.37,378.97,682.15,2982.69,0.535,0.00046,-61.12,23.5,3,0.109
2020-10-21,BUY_CE_CPR,40700,40707.31,288.11,518.6,2256.24,0.516,0.00057,-72.92,23.1,2,0.042
2020-10-22,BUY_PE_CPR,40600,40558.49,213.75,384.76,1661.75,-0.525,0.00081,-101.66,23.1,1,0.237
2020-10-23,BUY_CE_CPR,40700,40685.5,149.96,269.92,1151.69,0.494,0.00104,-80.32,18.1,1,0.071
2020-10-26,BUY_PE_CPR,40100,40145.5,266.22,479.19,2081.22,-0.457,0.00052,-40.86,18.0,4,0.026
2020-10-30,BUY_PE_CPR,39600,39614.07,140.4,252.72,1075.3,-0.476,0.00105,-78.63,18.2,1,0.03
2020-11-02,BUY_CE_CPR,39800,39757.58,293.27,527.89,2297.53,0.496,0.00053,-40.99,18.1,4,0.002
2020-11-03,BUY_CE_CPR,40300,40261.13,249.72,449.5,1949.31,0.493,0.00062,-46.52,17.7,3,0.176
2020-11-04,BUY_CE_CPR,40600,40616.14,229.25,412.65,1785.67,0.525,0.00074,-57.07,17.8,2,0.176
2020-11-06,BUY_CE_CPR,41900,41893.06,169.56,305.21,1308.45,0.503,0.00094,-88.37,19.4,1,0.222
2020-11-10,BUY_CE_CPR,43300,43277.65,329.2,592.56,2584.74,0.504,0.00048,-58.63,21.0,3,0.22
2020-11-13,BUY_CE_CPR,43400,43443.0,183.15,329.67,1417.07,0.553,0.00101,-81.83,17.3,1,0.033
2020-11-17,BUY_CE_CPR,44000,43952.71,259.3,466.75,2025.93,0.489,0.00059,-48.93,17.0,3,0.069
2020-11-18,BUY_CE_CPR,44200,44180.05,220.37,396.67,1714.69,0.5,0.00072,-59.51,17.1,2,0.034
2020-11-19,BUY_PE_CPR,43600,43599.96,162.03,291.65,1248.22,-0.491,0.00096,-86.75,18.2,1,0.274
2020-11-23,BUY_CE_CPR,44100,44077.15,311.72,561.1,2445.0,0.508,0.00052,-42.36,16.7,4,0.225
2020-11-24,BUY_CE_CPR,44500,44523.02,293.47,528.25,2299.11,0.531,0.00059,-48.95,16.7,3,0.102
2020-11-25,BUY_PE_CPR,43800,43828.1,197.63,355.73,1532.84,-0.466,0.00072,-58.19,16.9,2,0.15
2020-11-26,SELL_CE_CPR,44400,44259.74,96.23,76.98,144.17,0.367,0.00098,-75.17,16.6,1,0.698
2020-12-01,BUY_CE_CPR,44700,44655.44,258.7,465.66,2021.11,0.491,0.00059,-48.65,16.6,3,0.077
2020-12-03,BUY_CE_CPR,44600,44632.65,176.0,316.79,1359.9,0.543,0.00102,-81.29,16.6,1,0.251
2020-12-04,BUY_CE_CPR,45100,45079.55,143.09,257.56,1096.78,0.488,0.00107,-78.46,15.8,1,0.177
2020-12-07,BUY_CE_CPR,45400,45426.97,323.59,582.47,2539.94,0.535,0.00054,-40.78,15.5,4,0.253
2020-12-08,BUY_CE_CPR,45600,45608.51,255.44,459.79,1995.03,0.525,0.00067,-43.93,14.5,3,0.271
2020-12-09,BUY_CE_CPR,46100,46103.5,198.59,357.45,1540.49,0.519,0.00084,-51.3,13.8,2,0.101
2020-12-10,BUY_PE_CPR,46000,45959.88,150.53,270.95,1156.29,-0.536,0.00118,-71.1,14.0,1,0.182
2020-12-11,BUY_CE_CPR,46100,46099.01,133.72,240.7,1021.92,0.51,0.00122,-69.19,13.5,1,0.137
2020-12-14,BUY_CE_CPR,46300,46253.46,254.21,457.59,1985.24,0.495,0.00061,-36.64,13.5,4,0.131
2020-12-15,BUY_CE_CPR,46300,46263.17,220.66,187.56,-379.3,0.494,0.0007,-41.8,13.5,3,0.131
2020-12-16,BUY_CE_CPR,46700,46666.46,179.68,323.42,1389.33,0.488,0.00085,-50.99,13.6,2,0.239
2020-12-17,BUY_CE_CPR,46900,46890.34,132.81,239.06,1014.65,0.5,0.00119,-70.88,13.6,1,0.16
2020-12-18,BUY_CE_CPR,47000,46960.69,100.54,180.97,756.63,0.459,0.00137,-61.16,11.8,1,0.114
2020-12-21,BUY_PE_CPR,45600,45553.96,352.12,633.82,2768.0,-0.502,0.00046,-47.29,18.1,4,0.194
2020-12-22,SELL_CE_CPR,46700,46006.69,82.99,17.47,607.05,0.196,0.00036,-37.02,18.4,3,0.631
2020-12-23,SELL_CE_CPR,46500,46444.18,232.96,186.37,416.1,0.478,0.00063,-66.81,18.4,2,0.589
2020-12-28,BUY_CE_CPR,47400,47353.75,328.78,591.81,2581.42,0.498,0.00048,-46.01,16.9,4,0.25
2020-12-29,BUY_CE_CPR,47600,47613.08,308.23,554.81,2417.09,0.524,0.00055,-52.42,16.8,3,0.107
2020-12-30,BUY_CE_CPR,47700,47746.22,264.67,476.41,2068.84,0.546,0.00068,-62.17,16.4,2,0.105
2020-12-31,BUY_CE_CPR,47800,47751.33,144.36,259.84,1106.94,0.463,0.00097,-85.34,16.4,1,0.228
2021-01-01,BUY_CE_CPR,47900,47868.98,152.56,274.6,1172.5,0.48,0.00097,-85.72,16.4,1,0.002
2021-01-04,BUY_CE_CPR,48200,48176.8,331.01,595.82,2599.23,0.509,0.00049,-44.98,16.2,4,0.009
2021-01-07,BUY_PE_CPR,48100,48093.32,161.61,226.25,598.43,-0.496,0.00098,-85.55,16.2,1,0.092
2021-01-08,BUY_CE_CPR,48800,48782.51,166.2,299.16,1281.55,0.494,0.00093,-89.52,16.7,1,0.28
2021-01-11,BUY_CE_CPR,49300,49269.32,351.61,632.89,2763.9,0.506,0.00046,-48.05,17.0,4,0.233
2021-01-12,BUY_CE_CPR,49500,49517.11,326.5,587.71,2563.2,0.526,0.00052,-55.2,17.0,3,0.187
2021-01-13,BUY_CE_CPR,49500,49492.32,253.75,456.75,1981.54,0.509,0.00064,-66.62,17.0,2,0.26
2021-01-14,BUY_CE_CPR,49600,49584.16,171.26,239.76,636.97,0.495,0.00091,-91.7,16.9,1,0.078
2021-01-15,BUY_PE_CPR,49000,49034.67,161.42,290.56,1243.36,-0.46,0.00087,-94.79,17.8,1,0.219
2021-01-18,BUY_PE_CPR,48600,48564.27,374.99,674.98,2950.83,-0.497,0.00043,-51.16,18.5,4,0.263
2021-01-19,BUY_CE_CPR,49400,49398.29,253.34,456.01,1978.24,0.519,0.00066,-44.62,13.5,3,0.268
2021-01-22,BUY_PE_CPR,48900,48878.54,159.03,286.25,1224.21,-0.512,0.00104,-80.72,14.9,1,0.227
2021-01-25,SELL_CE_CPR,49300,48347.59,49.28,184.02,-1395.2,0.126,0.00026,-21.54,15.6,4,0.518
2021-01-28,SELL_PE_CPR,46800,46874.36,138.59,277.18,-1434.66,-0.424,0.00088,-90.47,18.1,1,0.595
2021-01-29,BUY_PE_CPR,46300,46285.77,183.73,330.71,1421.68,-0.503,0.00088,-94.53,18.7,1,0.042
2021-02-02,SELL_CE_CPR,49900,49797.72,492.17,667.75,-1808.58,0.483,0.0003,-92.23,29.4,3,1.341
2021-02-03,BUY_CE_CPR,50300,50255.75,424.58,764.25,3347.34,0.495,0.00036,-113.72,29.5,2,0.164
2021-02-08,BUY_CE_CPR,51300,51348.77,669.05,1204.28,5301.82,0.528,0.00025,-82.77,29.2,4,0.114
2021-02-09,BUY_PE_CPR,51300,51329.08,511.01,919.82,4038.33,-0.478,0.00029,-94.17,29.0,3,0.018
2021-02-10,BUY_PE_CPR,51300,51309.39,425.98,766.76,3358.51,-0.486,0.00036,-114.39,29.0,2,0.241
2021-02-11,BUY_CE_CPR,51500,51531.52,332.97,599.35,2614.93,0.524,0.00051,-160.64,29.0,1,0.168
2021-02-12,BUY_CE_CPR,51500,51544.3,339.81,611.65,2669.55,0.53,0.00051,-160.61,29.0,1,0.203
2021-02-15,BUY_CE_CPR,52200,52154.13,621.43,1118.57,4921.11,0.504,0.00025,-82.78,28.7,4,0.015
2021-02-17,BUY_PE_CPR,51700,51703.83,416.36,749.45,3281.59,-0.488,0.00037,-111.38,28.0,2,0.111
2021-02-18,BUY_PE_CPR,51300,51324.69,285.0,512.99,2231.35,-0.479,0.00053,-155.08,28.2,1,0.167
2021-02-19,BUY_PE_CPR,50900,50889.76,302.23,544.01,2369.1,-0.498,0.00053,-155.38,28.4,1,0.289
2021-02-22,BUY_PE_CPR,49700,49744.32,569.42,1024.96,4505.32,-0.473,0.00026,-80.24,29.3,4,0.186
2021-02-23,SELL_CE_CPR,50500,49751.41,239.77,230.27,45.14,0.296,0.00027,-77.55,28.9,3,0.747
2021-02-25,SELL_CE_CPR,51500,51039.31,123.6,0.05,1186.9,0.274,0.00045,-125.57,27.7,1,0.675
2021-02-26,BUY_PE_CPR,49100,49099.99,325.29,585.53,2553.52,-0.492,0.00048,-169.17,32.2,1,0.203
2021-03-01,SELL_CE_CPR,49900,49849.84,536.21,663.39,-1325.01,0.501,0.00029,-72.28,26.1,4,0.729
2021-03-02,BUY_CE_CPR,50300,50296.89,456.07,820.93,3599.08,0.513,0.00036,-78.51,24.4,3,0.133
2021-03-03,BUY_CE_CPR,51400,51444.65,424.37,763.87,3345.66,0.529,0.0004,-102.59,25.8,2,0.225
2021-03-05,BUY_PE_CPR,50400,50405.32,271.12,488.02,2120.43,-0.489,0.00057,-143.51,26.4,1,0.069
2021-03-08,BUY_PE_CPR,50400,50441.07,507.59,431.45,-811.13,-0.472,0.00029,-72.37,25.9,4,0.156
2021-03-09,BUY_CE_CPR,51000,51025.48,513.64,924.56,4059.39,0.522,0.00033,-85.71,26.4,3,0.276
2021-03-12,BUY_PE_CPR,50800,50792.08,282.47,508.44,2211.13,-0.497,0.00056,-146.05,26.7,1,0.052
2021-03-15,SELL_PE_CPR,50100,50395.08,413.0,728.99,-3211.75,-0.402,0.00027,-72.14,26.8,4,0.513
2021-03-17,BUY_PE_CPR,49800,49801.62,380.7,685.26,2996.5,-0.488,0.00041,-101.95,26.5,2,0.281
2021-03-19,SELL_CE_CPR,50000,49858.24,223.82,67.49,1513.56,0.429,0.00055,-144.0,27.4,1,0.552
2021-03-19,SELL_PE_CPR,48500,49858.24,7.01,0.05,22.29,-0.026,8e-05,-21.62,27.4,1,0.552
2021-03-22,SELL_PE_CPR,49100,49771.29,277.53,261.95,105.5,-0.303,0.00025,-64.6,27.2,4,0.754
2021-03-23,BUY_CE_CPR,50100,50051.44,453.85,816.93,3581.34,0.497,0.00034,-81.78,25.7,3,0.255
2021-03-24,BUY_PE_CPR,49200,49180.31,388.58,699.45,3059.53,-0.497,0.00041,-101.29,26.7,2,0.119
2021-03-30,BUY_CE_CPR,50100,50136.58,446.81,804.26,3525.04,0.528,0.00038,-73.57,22.9,3,0.055
2021-04-06,BUY_PE_CPR,49200,49201.39,364.04,509.65,1407.14,-0.485,0.00042,-67.23,21.2,3,0.197
2021-04-07,BUY_CE_CPR,49700,49661.76,304.53,548.15,2387.5,0.493,0.00051,-82.95,21.5,2,0.078
2021-04-08,BUY_CE_CPR,49700,49746.21,251.5,452.71,1963.57,0.541,0.00071,-115.66,21.5,1,0.221
2021-04-09,BUY_PE_CPR,49600,49591.32,215.63,388.14,1676.78,-0.498,0.00074,-112.29,20.8,1,0.139
2021-04-12,BUY_PE_CPR,47900,47883.38,485.51,873.91,3834.42,-0.489,0.00032,-66.02,24.7,4,0.129
2021-04-13,SELL_CE_CPR,48600,48544.06,433.31,462.24,-341.32,0.494,0.00036,-78.85,25.5,3,0.607
2021-04-19,BUY_PE_CPR,47900,47949.42,483.67,870.6,3819.73,-0.469,0.0003,-69.5,26.2,4,0.083
2021-04-23,SELL_CE_CPR,48600,47878.45,43.54,0.05,387.24,0.136,0.00034,-70.71,25.5,1,0.566
2021-04-23,SELL_PE_CPR,47600,47878.45,136.07,1.16,1300.34,-0.324,0.00056,-117.62,25.5,1,0.566
2021-04-26,BUY_CE_CPR,48400,48386.51,532.49,958.49,4210.09,0.512,0.0003,-69.55,25.8,4,0.123
2021-04-27,BUY_CE_CPR,48900,48944.14,485.68,874.22,3835.81,0.529,0.00035,-79.33,25.4,3,0.032
2021-04-30,BUY_PE_CPR,48800,48782.36,253.98,457.17,1983.4,-0.503,0.00064,-129.14,24.5,1,0.26
2021-05-06,BUY_CE_CPR,48900,48949.76,267.81,482.05,2093.91,0.542,0.00067,-122.81,23.2,1,0.244
2021-05-07,BUY_CE_CPR,49200,49206.47,244.04,439.28,1903.93,0.513,0.00067,-122.58,23.0,1,0.186
2021-05-10,BUY_CE_CPR,49500,49502.41,497.33,895.19,3928.94,0.517,0.00033,-64.22,23.1,4,0.028
2021-05-11,BUY_PE_CPR,49200,49161.81,419.91,755.83,3309.96,-0.5,0.00038,-73.44,23.3,3,0.017
2021-05-12,BUY_PE_CPR,48700,48690.8,261.38,470.48,2042.53,-0.492,0.0006,-70.67,18.5,2,0.021
2021-05-14,BUY_PE_CPR,48700,48732.55,159.33,286.8,1226.67,-0.462,0.00088,-93.25,17.6,1,0.233
2021-05-17,BUY_CE_CPR,49600,49580.73,398.43,717.17,3138.25,0.51,0.00041,-53.22,18.9,4,0.062
2021-05-19,BUY_PE_CPR,49900,49902.64,252.53,454.55,1971.74,-0.485,0.00061,-69.97,17.8,2,0.076
2021-05-20,BUY_PE_CPR,49600,49564.86,199.33,358.8,1546.45,-0.521,0.00086,-97.42,18.0,1,0.205
2021-05-25,BUY_PE_CPR,50600,50637.53,311.67,561.01,2444.61,-0.467,0.00046,-61.27,18.7,3,0.013
2021-05-26,BUY_CE_CPR,51000,51017.52,296.31,533.35,2321.78,0.523,0.00057,-74.13,18.5,2,0.105
2021-05-27,BUY_CE_CPR,51100,51115.22,198.83,357.9,1542.48,0.523,0.00085,-97.81,17.5,1,0.223
2021-05-28,BUY_CE_CPR,51400,51422.88,205.03,369.05,1591.99,0.529,0.00084,-98.88,17.6,1,0.036
2021-05-31,BUY_CE_CPR,51900,51937.44,368.01,662.43,2895.07,0.539,0.00048,-45.94,15.2,4,0.037
2021-06-02,BUY_PE_CPR,51800,51849.48,186.4,335.51,1443.04,-0.449,0.00072,-58.43,14.3,2,0.108
2021-06-03,BUY_CE_CPR,52200,52232.43,176.73,318.12,1365.77,0.544,0.00102,-82.07,14.2,1,0.213
2021-06-04,BUY_PE_CPR,52100,52100.05,151.96,273.53,1167.73,-0.489,0.00102,-82.83,14.4,1,0.16
2021-06-07,BUY_CE_CPR,52300,52328.51,347.95,626.3,2734.63,0.536,0.0005,-44.04,14.4,4,0.09
2021-06-09,BUY_PE_CPR,51900,51941.64,191.29,344.33,1482.19,-0.454,0.00072,-58.92,14.4,2,0.01
2021-06-10,BUY_CE_CPR,52300,52300.47,151.36,272.45,1162.94,0.512,0.00109,-77.92,13.4,1,0.179
2021-06-11,BUY_CE_CPR,52500,52474.76,138.59,249.45,1060.79,0.484,0.00109,-77.63,13.4,1,0.188
2021-06-14,BUY_CE_CPR,52600,52551.53,258.74,465.73,2021.43,0.496,0.0006,-37.62,12.0,4,0.051
2021-06-16,BUY_PE_CPR,52500,52501.98,164.8,296.64,1270.39,-0.48,0.00091,-48.2,11.3,2,0.003
2021-06-17,BUY_PE_CPR,52300,52323.33,103.14,185.66,777.43,-0.455,0.00133,-63.28,10.9,1,0.152
2021-06-18,BUY_CE_CPR,52300,52344.45,118.56,213.4,900.65,0.596,0.00173,-48.81,8.2,1,0.052
2021-06-23,BUY_PE_CPR,52300,52306.08,116.92,210.46,887.57,-0.468,0.00123,-36.51,8.3,2,0.255
2021-06-25,BUY_CE_CPR,52900,52925.04,113.22,203.79,857.97,0.558,0.00166,-52.24,8.6,1,0.115
2021-06-28,BUY_PE_CPR,52700,52735.59,141.96,255.53,1087.77,-0.433,0.00089,-25.8,8.0,4,0.166
2021-06-29,BUY_PE_CPR,52500,52549.66,119.73,215.52,910.07,-0.42,0.001,-29.35,8.2,3,0.209
2021-06-30,BUY_PE_CPR,52500,52482.71,125.94,226.7,959.72,-0.497,0.00126,-36.33,8.2,2,0.124
2021-07-01,BUY_PE_CPR,52300,52318.6,74.13,133.43,545.46,-0.448,0.00181,-47.53,8.0,1,0.229
2021-07-02,BUY_CE_CPR,52500,52484.67,84.72,152.5,630.17,0.49,0.00181,-48.39,8.0,1,0.179
2021-07-05,BUY_CE_CPR,52900,52880.0,189.0,340.2,1463.86,0.517,0.00088,-27.32,8.2,4,0.166
2021-07-06,BUY_CE_CPR,52900,52861.18,150.34,270.61,1154.76,0.491,0.00102,-30.51,8.1,3,0.149
2021-07-07,BUY_CE_CPR,53100,53054.76,112.65,202.76,853.41,0.468,0.00127,-35.63,8.0,2,0.133
2021-07-08,BUY_PE_CPR,52600,52568.94,102.28,184.1,770.5,-0.537,0.00174,-50.35,8.3,1,0.16
2021-07-09,BUY_PE_CPR,52400,52386.19,93.2,167.76,697.95,-0.507,0.00175,-50.21,8.3,1,0.251
2021-07-12,BUY_PE_CPR,52400,52372.69,176.28,317.3,1362.16,-0.489,0.00088,-27.25,8.3,4,0.007
2021-07-13,BUY_CE_CPR,52800,52769.73,165.0,297.0,1271.98,0.5,0.00096,-32.34,8.7,3,0.104
2021-07-14,BUY_CE_CPR,52900,52904.05,143.97,259.15,1103.85,0.529,0.0012,-37.93,8.5,2,0.118
2021-07-15,BUY_CE_CPR,53200,53158.85,79.21,142.57,586.04,0.448,0.00168,-50.9,8.5,1,0.136
2021-07-19,BUY_PE_CPR,52600,52553.4,215.6,388.08,1676.54,-0.505,0.00075,-31.13,9.6,4,0.005
2021-07-20,BUY_PE_CPR,52200,52198.51,175.8,316.45,1358.36,-0.476,0.00084,-35.86,10.0,3,0.077
2021-07-22,BUY_CE_CPR,52800,52837.21,145.74,262.34,1118.02,0.562,0.0013,-65.06,11.0,1,0.051
2021-07-23,BUY_CE_CPR,53000,52975.8,110.08,198.15,832.9,0.481,0.00136,-63.1,10.6,1,0.211
2021-07-26,BUY_PE_CPR,52900,52852.27,237.01,426.62,1847.71,-0.505,0.00069,-33.78,10.5,4,0.115
2021-07-27,BUY_PE_CPR,52600,52578.76,198.56,357.4,1540.25,-0.493,0.00079,-38.31,10.6,3,0.116
2021-07-28,BUY_PE_CPR,52400,52443.71,134.38,241.88,1027.13,-0.438,0.00096,-44.56,10.6,2,0.191
2021-07-29,BUY_CE_CPR,52700,52653.07,99.75,179.55,750.3,0.45,0.00134,-62.52,10.7,1,0.26
2021-07-30,BUY_PE_CPR,52600,52586.84,118.48,213.26,900.03,-0.504,0.00137,-63.02,10.6,1,0.021
2021-08-02,BUY_CE_CPR,53000,52950.63,235.29,423.52,1833.95,0.495,0.00066,-34.75,10.9,4,0.17
2021-08-03,BUY_CE_CPR,53800,53823.36,268.2,482.76,2097.07,0.537,0.00066,-45.16,12.4,3,0.068
2021-08-05,BUY_CE_CPR,54500,54492.84,148.16,266.69,1137.36,0.504,0.00108,-78.31,12.9,1,0.146
2021-08-06,BUY_PE_CPR,54300,54277.72,146.07,262.93,1120.67,-0.513,0.00114,-74.78,12.3,1,0.023
2021-08-09,BUY_CE_CPR,54400,54402.85,296.75,534.16,2325.34,0.527,0.00058,-39.42,12.1,4,0.177
2021-08-10,BUY_CE_CPR,54600,54554.66,230.74,415.33,1797.55,0.491,0.00067,-44.51,12.1,3,0.059
2021-08-11,BUY_PE_CPR,54500,54525.93,169.72,305.5,1309.72,-0.461,0.00083,-52.17,11.9,2,0.013
2021-08-12,BUY_CE_CPR,54800,54843.98,166.1,298.99,1280.81,0.563,0.00114,-73.42,12.0,1,0.077
2021-08-13,BUY_CE_CPR,55400,55437.29,169.61,305.3,1308.84,0.553,0.00109,-77.23,12.5,1,0.167
2021-08-16,BUY_CE_CPR,55600,55582.58,300.66,541.19,2356.61,0.515,0.00055,-41.2,12.5,4,0.289
2021-08-17,BUY_CE_CPR,55800,55792.27,234.73,422.52,1829.51,0.518,0.00071,-42.33,11.1,3,0.122
2021-08-20,BUY_PE_CPR,55300,55329.32,101.53,182.75,764.52,-0.447,0.00131,-63.97,10.4,1,0.226
2021-08-23,BUY_CE_CPR,55600,55555.79,239.55,431.19,1868.0,0.499,0.00066,-35.13,10.4,4,0.061
2021-08-24,BUY_CE_CPR,56000,55958.98,204.92,368.86,1591.17,0.493,0.00076,-39.95,10.4,3,0.054
2021-08-25,BUY_CE_CPR,55900,55944.21,197.7,355.85,1533.38,0.564,0.00096,-45.99,9.9,2,0.213
2021-08-26,BUY_PE_CPR,55900,55949.1,86.19,155.15,641.91,-0.417,0.00137,-59.59,9.7,1,0.125
2021-08-27,BUY_CE_CPR,56100,56124.72,131.79,237.23,1006.5,0.55,0.00139,-61.85,9.7,1,0.041
2021-08-30,BUY_CE_CPR,56900,56889.76,261.58,470.84,2044.13,0.522,0.00065,-35.97,10.4,4,0.226
2021-08-31,BUY_CE_CPR,57600,57552.39,215.82,388.48,1678.29,0.49,0.00071,-42.32,10.8,3,0.296
2021-09-02,BUY_CE_CPR,57900,57852.54,99.94,179.89,751.8,0.451,0.00134,-62.95,9.7,1,0.292
2021-09-06,BUY_CE_CPR,58300,58296.91,244.84,440.71,1910.28,0.529,0.0007,-33.52,9.2,4,0.172
2021-09-07,BUY_PE_CPR,58300,58279.48,192.26,346.07,1489.91,-0.49,0.00081,-38.03,9.4,3,0.07
2021-09-08,BUY_PE_CPR,58300,58250.26,178.48,321.26,1379.74,-0.527,0.00097,-46.29,9.5,2,0.0
2021-09-09,BUY_CE_CPR,58300,58305.07,122.6,104.21,-231.71,0.522,0.00139,-62.67,9.4,1,0.116
2021-09-13,BUY_PE_CPR,58200,58177.76,224.21,403.58,1745.35,-0.485,0.00068,-34.26,9.6,4,0.109
2021-09-14,BUY_CE_CPR,58200,58247.09,231.79,417.22,1805.93,0.567,0.00082,-37.11,9.0,3,0.055
2021-09-15,BUY_CE_CPR,58700,58723.2,184.64,332.36,1429.04,0.545,0.00098,-45.83,9.3,2,0.115
2021-09-16,BUY_CE_CPR,59100,59141.16,144.74,260.54,1110.02,0.571,0.00134,-63.63,9.5,1,0.223
2021-09-23,BUY_CE_CPR,59900,59885.36,143.08,257.54,1096.71,0.497,0.0011,-77.8,11.6,1,0.113
2021-09-27,BUY_PE_CPR,60100,60077.88,280.36,504.66,2194.31,-0.486,0.00055,-41.56,11.6,4,0.101
2021-09-28,BUY_PE_CPR,59700,59667.6,247.22,445.0,1929.34,-0.498,0.00064,-46.5,11.4,3,0.08
2021-09-29,BUY_PE_CPR,59400,59413.27,176.77,318.18,1366.07,-0.47,0.00082,-53.26,11.0,2,0.001
2021-09-30,BUY_PE_CPR,59100,59126.36,119.77,215.59,910.38,-0.456,0.00115,-73.15,11.1,1,0.021
2021-10-01,BUY_PE_CPR,58800,58765.58,148.25,266.86,1138.08,-0.527,0.00117,-73.34,11.1,1,0.184
2021-10-04,BUY_CE_CPR,59300,59299.32,305.33,549.6,2393.95,0.526,0.00056,-40.95,11.5,4,0.051
2021-10-05,BUY_CE_CPR,59700,59744.88,294.14,529.46,2304.48,0.55,0.00062,-47.81,11.8,3,0.055
2021-10-08,BUY_CE_CPR,60100,60059.06,148.81,267.86,1142.55,0.472,0.00097,-86.54,13.0,1,0.087
2021-10-11,BUY_CE_CPR,60100,60135.78,365.52,657.93,2875.11,0.541,0.00049,-46.13,12.9,4,0.042
2021-10-12,BUY_CE_CPR,60300,60284.31,290.44,522.8,2274.89,0.512,0.00056,-52.45,12.9,3,0.009
2021-10-13,BUY_CE_CPR,60700,60737.05,261.53,470.75,2043.71,0.542,0.00068,-63.27,12.9,2,0.193
2021-10-14,BUY_CE_CPR,61300,61305.95,176.0,316.8,1359.91,0.517,0.00095,-89.26,13.1,1,0.101
2021-10-18,BUY_CE_CPR,61800,61765.59,344.32,619.77,2705.61,0.507,0.00047,-47.95,13.2,4,0.151
2021-10-19,BUY_PE_CPR,61700,61716.05,251.53,452.76,1963.8,-0.469,0.00058,-50.98,12.3,3,0.031
2021-10-20,BUY_PE_CPR,61300,61259.96,239.1,430.37,1864.38,-0.511,0.00069,-63.05,12.7,2,0.222
2021-10-21,BUY_PE_CPR,60900,60923.5,148.75,267.74,1142.03,-0.466,0.00096,-87.47,13.0,1,0.257
2021-10-22,BUY_PE_CPR,60800,60821.62,129.97,233.94,991.9,-0.463,0.00109,-77.56,11.5,1,0.142
2021-10-25,BUY_CE_CPR,61000,60967.05,297.02,534.64,2327.5,0.508,0.00055,-41.93,11.5,4,0.179
2021-10-26,BUY_CE_CPR,61400,61350.26,250.73,451.32,1957.41,0.492,0.00061,-48.5,11.7,3,0.043
2021-10-27,BUY_PE_CPR,61100,61143.33,173.84,312.92,1342.68,-0.448,0.00077,-55.68,11.3,2,0.224
2021-10-28,BUY_PE_CPR,60000,59984.7,176.85,318.33,1366.74,-0.503,0.00091,-92.66,13.9,1,0.155
2021-11-03,BUY_PE_CPR,59800,59771.92,265.57,478.02,2076.0,-0.502,0.00061,-70.93,14.9,2,0.137
2021-11-04,BUY_CE_CPR,60100,60067.62,170.15,306.26,1313.12,0.482,0.00088,-95.42,14.4,1,0.206
2021-11-08,BUY_CE_CPR,60500,60545.61,409.52,737.13,3226.9,0.542,0.00044,-50.98,14.4,4,0.046
2021-11-10,BUY_PE_CPR,60400,60352.82,266.5,479.69,2083.43,-0.514,0.00063,-68.88,14.2,2,0.01
2021-11-11,BUY_PE_CPR,59900,59919.69,166.48,299.67,1283.84,-0.472,0.00088,-95.49,14.5,1,0.129
2021-11-12,BUY_CE_CPR,60700,60686.69,190.46,342.82,1475.5,0.5,0.00083,-101.21,15.1,1,0.06
2021-11-16,BUY_PE_CPR,60300,60322.37,286.83,516.29,2246.0,-0.47,0.00051,-57.2,14.4,3,0.109
2021-11-17,BUY_PE_CPR,60000,60008.33,241.64,434.95,1884.72,-0.479,0.00062,-69.15,14.5,2,0.199
2021-11-18,BUY_PE_CPR,59600,59636.01,156.69,282.05,1205.55,-0.457,0.00088,-93.92,14.4,1,0.198
2021-11-22,BUY_PE_CPR,58500,58465.89,391.35,704.43,3081.62,-0.494,0.0004,-54.59,16.2,4,0.161
2021-11-25,BUY_CE_CPR,58800,58795.09,204.68,368.42,1589.19,0.506,0.00079,-106.2,16.4,1,0.244
2021-11-29,SELL_CE_CPR,57800,57260.58,244.18,215.4,237.89,0.333,0.00032,-54.39,18.7,4,0.602
2021-11-29,SELL_PE_CPR,56400,57260.58,132.06,264.11,-1369.25,-0.207,0.00025,-42.22,18.7,4,0.602
2021-12-01,SELL_CE_CPR,57800,57684.79,260.4,288.87,-334.84,0.453,0.00052,-80.37,17.9,2,0.533
2021-12-02,BUY_CE_CPR,58500,58461.29,218.03,392.46,1695.97,0.483,0.00069,-120.8,19.0,1,0.101
2021-12-08,BUY_CE_CPR,58600,58649.68,428.81,771.86,3381.13,0.532,0.0004,-103.36,22.7,2,0.21
2021-12-09,BUY_CE_CPR,58800,58807.13,288.11,518.59,2256.22,0.512,0.00057,-144.88,22.7,1,0.269
2021-12-10,BUY_CE_CPR,58800,58786.67,276.02,234.62,-462.61,0.501,0.00057,-143.91,22.6,1,0.217
2021-12-13,BUY_PE_CPR,58300,58283.42,523.15,941.67,4135.39,-0.488,0.0003,-72.08,22.0,4,0.171
2021-12-14,SELL_PE_CPR,57800,58117.09,307.42,80.11,2222.41,-0.378,0.00033,-77.33,22.0,3,0.504
2021-12-15,BUY_PE_CPR,57800,57788.03,370.32,666.58,2913.51,-0.493,0.00042,-98.79,22.0,2,0.062
2021-12-16,BUY_CE_CPR,57900,57901.14,271.4,488.52,2122.64,0.509,0.0006,-138.0,22.0,1,0.181
2021-12-17,BUY_PE_CPR,57000,57011.74,258.38,465.09,2018.58,-0.485,0.00059,-139.49,22.6,1,0.127
2021-12-21,BUY_CE_CPR,56300,56319.01,496.12,893.01,3919.25,0.521,0.00034,-83.59,23.1,3,0.016
2021-12-22,BUY_CE_CPR,56900,56930.56,423.59,762.46,3339.39,0.524,0.0004,-104.52,23.7,2,0.181
2021-12-23,BUY_CE_CPR,57300,57315.28,295.31,531.56,2313.81,0.517,0.00056,-146.32,23.6,1,0.233
2021-12-24,BUY_PE_CPR,57100,57124.31,226.3,407.34,1762.09,-0.475,0.00065,-126.26,20.4,1,0.004
2021-12-27,BUY_CE_CPR,57400,57420.24,521.83,939.3,4124.86,0.524,0.00032,-66.52,20.5,4,0.109
2021-12-30,BUY_PE_CPR,57800,57794.32,231.89,417.41,1806.78,-0.495,0.00068,-122.23,19.4,1,0.097
2021-12-31,BUY_CE_CPR,58300,58253.82,212.62,382.72,1652.71,0.477,0.00069,-119.73,18.9,1,0.0
2022-01-03,BUY_CE_CPR,59200,59183.22,467.45,841.41,3690.06,0.513,0.00035,-62.14,18.4,4,0.142
2022-01-06,BUY_PE_CPR,59600,59601.84,210.55,378.99,1636.15,-0.489,0.00073,-113.56,17.4,1,0.253
2022-01-07,BUY_CE_CPR,59700,59744.65,246.02,442.83,1919.7,0.542,0.00073,-113.8,17.4,1,0.073
2022-01-10,BUY_CE_CPR,60400,60395.63,458.04,824.47,3614.82,0.518,0.00036,-60.26,17.4,4,0.023
2022-01-11,BUY_CE_CPR,60600,60616.89,403.98,727.16,3182.58,0.524,0.00042,-68.64,17.3,3,0.207
2022-01-12,BUY_CE_CPR,61200,61150.04,295.9,532.62,2318.5,0.488,0.00051,-82.65,17.2,2,0.143
2022-01-13,BUY_CE_CPR,61200,61235.3,243.18,437.72,1896.99,0.535,0.00072,-115.06,17.2,1,0.126
2022-01-14,BUY_CE_CPR,61200,61223.03,213.48,181.45,-368.48,0.529,0.00081,-103.52,15.3,1,0.094
2022-01-17,BUY_CE_CPR,61300,61308.91,313.27,563.89,2457.41,0.532,0.00055,-41.43,11.2,4,0.198
2022-01-18,BUY_PE_CPR,60800,60754.86,277.7,499.86,2173.01,-0.505,0.00059,-50.73,12.3,3,0.068
2022-01-21,BUY_PE_CPR,59000,59037.18,156.8,282.24,1206.41,-0.456,0.00088,-94.14,14.6,1,0.104
2022-01-24,BUY_PE_CPR,57500,57491.51,427.06,768.71,3367.17,-0.484,0.00036,-60.4,18.5,4,0.072
2022-01-25,SELL_CE_CPR,58600,57858.15,130.26,53.81,715.79,0.234,0.00032,-51.48,18.3,3,0.591
2022-01-25,SELL_PE_CPR,56400,57858.15,23.75,4.71,142.92,-0.057,0.00012,-19.04,18.3,3,0.591
2022-01-27,SELL_PE_CPR,57000,57276.94,109.12,218.25,-1139.67,-0.303,0.00062,-101.39,18.8,1,0.78
2022-02-01,BUY_CE_CPR,58900,58862.57,406.77,732.18,3204.9,0.501,0.00039,-73.47,19.2,3,0.014
2022-02-02,SELL_CE_CPR,59600,59558.33,329.27,302.96,212.26,0.493,0.00047,-90.0,19.3,2,0.535
2022-02-03,BUY_PE_CPR,58800,58788.02,243.35,438.03,1898.4,-0.499,0.00066,-126.56,19.8,1,0.173
2022-02-07,BUY_PE_CPR,57600,57621.19,462.25,832.05,3648.5,-0.476,0.00032,-66.47,20.5,4,0.058
2022-02-10,BUY_CE_CPR,58900,58926.03,270.12,486.21,2112.38,0.525,0.00063,-130.97,20.4,1,0.181
2022-02-11,BUY_PE_CPR,58200,58152.92,272.63,490.73,2132.44,-0.521,0.00063,-132.15,20.9,1,0.263
2022-02-14,BUY_PE_CPR,56400,56405.84,536.7,966.07,4243.75,-0.482,0.00028,-74.82,23.8,4,0.033
2022-02-16,SELL_CE_CPR,59100,57996.68,116.96,6.75,1053.58,0.184,0.00023,-80.13,27.4,2,0.939
2022-02-17,BUY_PE_CPR,57900,57892.01,327.34,589.2,2569.85,-0.496,0.00048,-169.42,27.2,1,0.205
2022-02-18,BUY_PE_CPR,57800,57832.97,303.73,546.71,2381.12,-0.476,0.00049,-167.18,26.9,1,0.114
2022-02-21,BUY_PE_CPR,57700,57683.59,633.31,1139.96,5016.14,-0.488,0.00025,-85.81,26.8,4,0.001
2022-02-22,BUY_PE_CPR,57300,57300.68,495.14,891.25,3911.43,-0.486,0.00031,-90.12,24.6,3,0.034
2022-02-24,BUY_PE_CPR,54500,54529.91,335.4,603.72,2634.33,-0.479,0.00045,-181.96,31.2,1,0.231
2022-02-28,BUY_CE_CPR,56200,56247.28,808.42,1455.16,6416.13,0.525,0.00021,-100.5,32.5,4,0.139
2022-03-02,SELL_PE_CPR,55400,55468.9,483.18,654.11,-1761.94,-0.468,0.0003,-135.99,32.2,2,0.803
2022-03-03,BUY_PE_CPR,55100,55102.68,356.77,642.18,2805.15,-0.491,0.00044,-186.35,31.5,1,0.098
2022-03-07,BUY_PE_CPR,52800,52842.75,689.52,1241.14,5465.52,-0.476,0.00022,-95.62,33.1,4,0.147
2022-03-08,BUY_CE_CPR,53400,53424.09,668.49,1203.27,5297.34,0.519,0.00025,-111.73,33.2,3,0.071
2022-03-10,SELL_CE_CPR,55500,55464.39,394.31,742.88,-3537.4,0.494,0.00039,-208.25,35.1,1,0.621
2022-03-11,BUY_CE_CPR,55600,55550.3,385.4,693.71,3034.05,0.488,0.00039,-207.09,34.9,1,0.178
2022-03-14,BUY_CE_CPR,56500,56486.02,850.17,1530.31,6749.93,0.512,0.00019,-109.61,35.5,4,0.128
2022-03-15,SELL_CE_CPR,57000,55776.85,247.99,207.56,354.26,0.249,0.00019,-92.22,33.6,3,0.52
2022-03-17,BUY_CE_CPR,57900,57863.93,385.84,694.52,3037.62,0.493,0.0004,-204.24,33.0,1,0.221
2022-03-21,BUY_PE_CPR,57300,57292.49,778.05,1400.49,6173.31,-0.486,0.0002,-104.4,33.2,4,0.066
2022-03-23,SELL_CE_CPR,58600,57684.82,237.57,75.2,1573.84,0.273,0.00023,-122.18,33.7,2,0.575
2022-03-23,SELL_PE_CPR,57400,57684.82,432.31,245.69,1814.15,-0.411,0.00027,-144.09,33.7,2,0.575
2022-03-25,BUY_PE_CPR,57400,57362.2,416.48,749.67,3282.58,-0.507,0.0004,-206.45,33.6,1,0.131
2022-03-28,BUY_CE_CPR,57600,57593.49,651.41,1172.55,5160.86,0.514,0.00025,-84.39,26.4,4,0.128
2022-03-30,BUY_CE_CPR,58700,58683.99,437.52,787.53,3450.76,0.505,0.00037,-113.97,25.1,2,0.14
2022-04-01,BUY_CE_CPR,59300,59276.69,292.72,526.9,2293.11,0.496,0.00053,-154.68,24.2,1,0.135
2022-04-06,BUY_PE_CPR,59600,59610.41,355.82,640.47,2797.55,-0.483,0.00043,-97.99,21.1,2,0.28
2022-04-07,BUY_PE_CPR,59000,59034.95,231.96,417.52,1807.3,-0.469,0.00062,-131.67,20.6,1,0.13
2022-04-08,BUY_CE_CPR,59400,59447.18,279.63,503.34,2188.48,0.539,0.00063,-129.97,20.1,1,0.231
2022-04-11,BUY_PE_CPR,59000,58964.57,505.66,910.19,3995.55,-0.494,0.00031,-68.89,20.7,4,0.206
2022-04-12,BUY_PE_CPR,58600,58576.37,422.78,761.01,3332.95,-0.493,0.00037,-76.32,20.1,3,0.183
2022-04-13,BUY_PE_CPR,58300,58338.93,304.15,547.47,2384.49,-0.469,0.00048,-88.0,19.3,2,0.034
2022-04-19,BUY_PE_CPR,56500,56463.15,394.88,710.78,3109.87,-0.499,0.00041,-70.34,19.2,3,0.041
2022-04-21,BUY_CE_CPR,57900,57911.68,249.45,449.01,1947.13,0.517,0.00067,-124.35,19.7,1,0.194
2022-04-25,BUY_PE_CPR,56600,56579.89,478.77,861.79,3780.59,-0.489,0.00033,-66.1,20.7,4,0.253
2022-04-26,BUY_CE_CPR,57400,57356.61,438.91,790.03,3461.87,0.499,0.00036,-79.22,21.5,3,0.042
2022-04-27,BUY_PE_CPR,56800,56819.39,344.81,620.67,2709.59,-0.479,0.00044,-95.9,21.7,2,0.215
2022-04-28,BUY_CE_CPR,57500,57521.06,282.5,508.5,2211.4,0.521,0.0006,-138.42,22.2,1,0.014
2022-04-29,BUY_PE_CPR,57100,57060.87,272.95,491.31,2135.05,-0.516,0.00062,-134.26,21.7,1,0.184
2022-05-04,BUY_PE_CPR,55700,55669.03,377.08,678.75,2967.58,-0.501,0.00043,-97.9,22.6,2,0.29
2022-05-05,SELL_CE_CPR,56600,55702.23,16.41,0.05,116.24,0.065,0.00022,-37.44,19.9,1,0.807
2022-05-09,BUY_PE_CPR,54500,54470.67,457.56,823.6,3610.96,-0.492,0.00034,-62.64,20.3,4,0.009
2022-05-11,BUY_PE_CPR,54100,54088.39,310.1,558.18,2432.04,-0.493,0.00051,-83.28,19.7,2,0.218
2022-05-12,BUY_PE_CPR,52900,52930.31,210.55,378.98,1636.12,-0.47,0.00069,-119.13,20.8,1,0.037
2022-05-13,BUY_PE_CPR,52800,52793.62,228.11,410.59,1776.5,-0.496,0.00069,-119.51,20.8,1,0.299
2022-05-16,SELL_CE_CPR,53400,52973.84,300.25,518.43,-2232.44,0.375,0.00032,-58.99,21.1,4,0.537
2022-05-17,BUY_CE_CPR,54300,54318.47,481.62,866.92,3803.35,0.521,0.00035,-81.13,23.3,3,0.069
2022-05-18,SELL_CE_CPR,55000,54208.53,104.85,9.65,903.62,0.205,0.00031,-67.19,22.9,2,0.653
2022-05-20,BUY_CE_CPR,54300,54326.39,320.97,577.75,2518.97,0.522,0.00052,-156.12,26.7,1,0.271
2022-05-23,SELL_CE_CPR,54900,54288.61,358.36,659.83,-3065.91,0.357,0.00025,-73.37,26.4,4,0.524
2022-05-25,BUY_PE_CPR,53700,53749.26,367.87,662.17,2893.92,-0.469,0.0004,-104.61,25.3,2,0.189
2022-05-30,BUY_CE_CPR,55900,55925.74,659.82,1187.68,5228.08,0.522,0.00025,-83.32,26.8,4,0.228
2022-05-31,BUY_PE_CPR,55600,55566.41,543.22,977.79,4295.81,-0.496,0.00029,-95.21,26.9,3,0.181
2022-06-01,BUY_PE_CPR,55400,55381.17,412.67,742.81,3252.11,-0.496,0.00039,-108.24,25.3,2,0.097
2022-06-02,BUY_CE_CPR,55800,55818.11,311.11,559.99,2440.11,0.518,0.00054,-153.42,25.5,1,0.072
2022-06-07,BUY_PE_CPR,55100,55107.34,475.92,856.65,3757.77,-0.484,0.00032,-87.14,24.8,3,0.135
2022-06-08,BUY_PE_CPR,54900,54892.49,395.24,711.42,3112.71,-0.492,0.0004,-105.17,24.8,2,0.034
2022-06-09,BUY_CE_CPR,55300,55320.28,280.2,504.35,2192.96,0.52,0.0006,-137.37,22.9,1,0.194
2022-06-13,BUY_PE_CPR,52800,52846.7,554.58,998.24,4386.63,-0.472,0.00027,-78.89,27.0,4,0.24
2022-06-14,BUY_PE_CPR,52700,52693.57,461.02,829.84,3638.68,-0.488,0.00034,-83.28,24.8,3,0.026
2022-06-15,BUY_PE_CPR,52500,52541.39,354.77,638.58,2789.16,-0.471,0.00041,-100.3,24.8,2,0.106
2022-06-16,BUY_PE_CPR,51500,51495.79,253.0,455.39,1975.5,-0.494,0.00062,-132.31,23.8,1,0.18
2022-06-17,SELL_PE_CPR,50600,51360.42,17.79,0.05,129.97,-0.074,0.00026,-38.25,20.0,1,1.023
2022-06-20,BUY_CE_CPR,51600,51597.84,452.71,814.88,3572.21,0.517,0.00037,-59.04,20.2,4,0.095
2022-06-21,BUY_CE_CPR,52500,52532.07,445.39,801.71,3513.73,0.527,0.00038,-73.84,21.8,3,0.265
2022-06-22,BUY_PE_CPR,51800,51822.53,321.68,579.03,2524.64,-0.478,0.00046,-89.81,22.3,2,0.293
2022-06-23,BUY_CE_CPR,52300,52265.72,230.87,415.57,1798.64,0.486,0.00065,-125.96,22.3,1,0.235
2022-06-24,BUY_CE_CPR,52700,52727.98,261.36,470.45,2042.38,0.527,0.00066,-125.78,22.0,1,0.241
2022-06-27,BUY_CE_CPR,53200,53161.28,457.64,823.76,3611.67,0.504,0.00035,-61.95,20.6,4,0.062
2022-06-28,BUY_PE_CPR,53200,53177.45,393.09,707.56,3095.54,-0.494,0.0004,-70.75,20.6,3,0.193
2022-06-29,BUY_PE_CPR,53000,53026.97,299.84,539.72,2350.06,-0.474,0.00049,-84.96,20.6,2,0.177
2022-06-30,BUY_CE_CPR,53000,53018.94,237.59,427.66,1852.34,0.522,0.00071,-116.3,20.2,1,0.123
2022-07-01,BUY_PE_CPR,52900,52907.93,213.97,385.15,1663.51,-0.485,0.00071,-115.83,20.1,1,0.14
2022-07-08,BUY_CE_CPR,54500,54481.84,218.94,394.09,1703.24,0.496,0.00071,-116.33,19.6,1,0.107
2022-07-11,BUY_PE_CPR,54400,54395.23,341.04,613.87,2679.41,-0.482,0.00044,-49.41,15.8,4,0.035
2022-07-12,BUY_PE_CPR,53900,53886.61,309.64,557.36,2428.41,-0.489,0.0005,-57.62,16.3,3,0.106
2022-07-13,BUY_PE_CPR,53500,53514.15,245.01,441.03,1911.69,-0.477,0.00061,-69.83,16.5,2,0.18
2022-07-15,BUY_CE_CPR,53800,53760.78,142.0,255.61,1088.11,0.471,0.00102,-82.45,13.9,1,0.12
2022-07-18,BUY_CE_CPR,54500,54521.15,365.65,658.17,2876.15,0.532,0.00047,-46.84,14.7,4,0.213
2022-07-19,BUY_CE_CPR,54800,54767.62,260.46,468.82,2035.16,0.501,0.00061,-48.5,13.2,3,0.274
2022-07-20,BUY_CE_CPR,55400,55397.53,203.43,366.17,1579.22,0.516,0.00082,-53.69,11.9,2,0.292
2022-07-21,BUY_CE_CPR,55700,55681.95,132.28,238.1,1010.37,0.492,0.00117,-72.99,11.7,1,0.08
2022-07-22,BUY_CE_CPR,56100,56072.23,127.04,228.67,968.46,0.48,0.00117,-72.55,11.6,1,0.211
2022-07-25,BUY_PE_CPR,55800,55766.22,273.53,492.35,2139.64,-0.494,0.00058,-39.52,11.9,4,0.163
2022-07-26,BUY_PE_CPR,55300,55268.49,255.47,459.84,1995.26,-0.499,0.00063,-47.37,12.7,3,0.014
2022-07-27,BUY_CE_CPR,55800,55816.32,231.98,417.56,1807.47,0.529,0.00074,-58.44,13.0,2,0.299
2022-08-01,BUY_CE_CPR,58100,58115.5,387.81,698.06,3053.35,0.528,0.00044,-50.14,14.8,4,0.239
2022-08-02,BUY_CE_CPR,58100,58136.36,342.63,616.73,2692.12,0.537,0.00051,-56.6,14.6,3,0.298
2022-08-03,BUY_CE_CPR,58400,58350.53,232.93,419.27,1815.04,0.484,0.00064,-66.67,14.3,2,0.114
2022-08-04,BUY_CE_CPR,58300,58298.8,179.55,323.2,1388.33,0.51,0.00091,-92.7,14.4,1,0.284
2022-08-05,BUY_CE_CPR,58400,58387.93,174.38,313.88,1346.96,0.5,0.00091,-92.77,14.4,1,0.176
2022-08-08,BUY_CE_CPR,58900,58853.07,349.22,628.6,2744.84,0.501,0.00045,-49.15,14.3,4,0.067
2022-08-10,BUY_CE_CPR,58800,58817.29,250.31,350.43,952.79,0.528,0.00069,-63.04,13.3,2,0.286
2022-08-11,BUY_CE_CPR,59300,59332.6,176.84,318.32,1366.67,0.546,0.00102,-82.41,12.5,1,0.038
2022-08-12,BUY_CE_CPR,59500,59462.78,138.18,248.72,1057.52,0.473,0.00105,-80.36,12.2,1,0.04
2022-08-16,BUY_CE_CPR,59800,59842.21,301.9,543.42,2366.49,0.547,0.0006,-49.36,12.2,3,0.153
2022-08-17,BUY_CE_CPR,60300,60260.13,197.57,355.63,1532.4,0.488,0.00077,-56.82,11.6,2,0.048
2022-08-18,BUY_CE_CPR,60300,60298.0,152.3,129.46,-276.42,0.511,0.00108,-79.38,11.7,1,0.188
2022-08-19,BUY_PE_CPR,59600,59646.15,135.06,243.11,1032.59,-0.443,0.00097,-84.87,13.0,1,0.172
2022-08-25,BUY_PE_CPR,58800,58774.72,180.09,324.16,1392.6,-0.512,0.00092,-91.63,14.1,1,0.136
2022-08-29,BUY_PE_CPR,58000,57972.62,325.78,586.4,2557.39,-0.49,0.00048,-46.7,13.7,4,0.217
2022-08-30,BUY_CE_CPR,59500,59537.07,395.23,711.42,3112.67,0.533,0.00044,-65.37,16.7,3,0.207
2022-09-02,BUY_PE_CPR,58800,58803.33,206.68,289.36,778.5,-0.488,0.00074,-111.87,17.4,1,0.17
2022-09-05,BUY_CE_CPR,59200,59245.98,480.12,864.22,3791.38,0.536,0.00036,-59.72,17.6,4,0.034
2022-09-06,BUY_CE_CPR,59200,59196.99,390.74,703.33,3076.77,0.515,0.00042,-68.04,17.6,3,0.209
2022-09-07,BUY_PE_CPR,59000,59028.91,282.97,509.35,2215.16,-0.472,0.00052,-81.67,17.6,2,0.083
2022-09-08,BUY_CE_CPR,59700,59688.22,222.7,400.87,1733.32,0.501,0.00071,-116.92,17.9,1,0.094
2022-09-09,BUY_CE_CPR,59800,59793.14,225.51,405.91,1755.72,0.505,0.00071,-117.13,17.9,1,0.194
2022-09-12,BUY_CE_CPR,60100,60115.13,473.75,852.75,3740.44,0.524,0.00036,-60.98,17.7,4,0.093
2022-09-13,BUY_CE_CPR,60600,60571.08,394.23,709.61,3104.63,0.505,0.00041,-70.79,17.9,3,0.018
2022-09-14,BUY_PE_CPR,60300,60346.97,284.92,512.85,2230.7,-0.463,0.0005,-84.23,17.9,2,0.07
2022-09-20,BUY_CE_CPR,59700,59719.74,423.63,762.54,3339.74,0.524,0.0004,-71.62,18.4,3,0.289
2022-09-21,BUY_PE_CPR,59500,59456.78,335.17,603.31,2632.49,-0.508,0.00049,-86.42,18.5,2,0.125
2022-09-22,BUY_PE_CPR,59100,59119.72,214.91,386.84,1671.03,-0.477,0.00069,-119.76,18.6,1,0.091
2022-09-23,BUY_PE_CPR,58100,58098.92,236.07,424.92,1840.15,-0.492,0.00066,-125.45,19.8,1,0.029
2022-09-27,BUY_PE_CPR,57100,57107.52,395.56,712.0,3115.28,-0.482,0.00038,-73.97,20.1,3,0.266
2022-09-28,BUY_PE_CPR,56600,56598.28,266.39,479.5,2082.59,-0.487,0.00058,-73.81,16.5,2,0.259
2022-09-29,BUY_PE_CPR,56400,56409.96,177.04,318.68,1368.26,-0.481,0.00085,-98.22,15.9,1,0.297
2022-10-03,SELL_PE_CPR,56600,56788.81,317.82,254.26,584.87,-0.411,0.00037,-55.8,17.9,4,0.578
2022-10-07,BUY_PE_CPR,58200,58191.29,240.25,432.44,1873.57,-0.497,0.00066,-125.73,19.8,1,0.177
2022-10-10,BUY_PE_CPR,58000,57991.11,463.7,834.67,3660.1,-0.485,0.00033,-65.04,19.8,4,0.151
2022-10-11,BUY_PE_CPR,57100,57147.32,380.95,685.72,2998.52,-0.467,0.00038,-74.41,20.3,3,0.287
2022-10-13,BUY_PE_CPR,57200,57235.33,221.8,399.25,1726.13,-0.468,0.00065,-126.42,20.4,1,0.279
2022-10-14,BUY_CE_CPR,57900,57919.97,271.24,488.23,2121.36,0.521,0.00062,-133.09,21.2,1,0.088
2022-10-17,BUY_CE_CPR,58400,58410.98,520.71,937.27,4115.86,0.521,0.00032,-67.02,20.3,4,0.253
2022-10-19,BUY_CE_CPR,59100,59107.19,365.61,658.09,2875.81,0.516,0.00045,-93.14,20.1,2,0.019
2022-10-20,BUY_CE_CPR,59200,59202.9,254.95,458.92,1991.15,0.511,0.00064,-129.4,20.1,1,0.083
2022-10-21,BUY_CE_CPR,59300,59307.15,255.99,460.79,1999.48,0.513,0.00064,-128.85,20.0,1,0.191
2022-10-24,BUY_CE_CPR,59800,59831.66,505.86,910.55,3997.16,0.529,0.00034,-63.9,18.7,4,0.061
2022-10-25,BUY_PE_CPR,59500,59543.96,335.94,604.7,2638.67,-0.465,0.00043,-66.88,17.3,3,0.06
2022-10-27,BUY_CE_CPR,59800,59756.84,199.84,359.71,1550.49,0.478,0.00074,-112.7,17.3,1,0.269
2022-10-28,BUY_CE_CPR,60000,59959.85,193.45,348.2,1499.41,0.479,0.00076,-108.84,16.6,1,0.032
2022-10-31,BUY_CE_CPR,60700,60746.59,473.91,853.04,3741.74,0.537,0.00037,-58.97,16.9,4,0.026
2022-11-01,BUY_CE_CPR,61100,61121.35,376.36,677.45,2961.81,0.527,0.00046,-63.68,15.8,3,0.251
2022-11-02,BUY_PE_CPR,60900,60906.09,253.33,455.99,1978.18,-0.481,0.0006,-71.95,14.8,2,0.046
2022-11-03,BUY_PE_CPR,60800,60836.41,137.06,246.7,1048.58,-0.452,0.00099,-84.15,12.6,1,0.105
2022-11-04,BUY_CE_CPR,61000,60950.36,141.34,254.41,1082.81,0.463,0.00099,-84.62,12.6,1,0.106
2022-11-07,BUY_CE_CPR,61200,61185.15,334.43,601.97,2626.54,0.517,0.0005,-45.53,12.5,4,0.125
2022-11-09,BUY_PE_CPR,61000,61033.55,197.67,355.8,1533.16,-0.459,0.00071,-60.81,12.4,2,0.139
2022-11-10,BUY_PE_CPR,60600,60613.7,125.62,226.12,957.13,-0.471,0.00115,-73.69,10.9,1,0.157
2022-11-11,BUY_CE_CPR,61800,61795.04,165.67,298.21,1277.37,0.507,0.00098,-86.86,12.6,1,0.025
2022-11-15,BUY_CE_CPR,61900,61872.99,262.76,472.96,2053.53,0.506,0.00061,-48.81,11.6,3,0.129
2022-11-16,BUY_CE_CPR,62000,61980.72,210.18,378.32,1633.17,0.504,0.00076,-57.72,11.4,2,0.19
2022-11-17,BUY_PE_CPR,61800,61750.6,166.65,299.96,1285.13,-0.54,0.00108,-78.9,11.4,1,0.108
2022-11-18,BUY_PE_CPR,61700,61663.48,160.84,289.51,1238.7,-0.526,0.00108,-79.49,11.5,1,0.104
2022-11-21,BUY_PE_CPR,61100,61144.84,270.54,486.97,2115.77,-0.453,0.0005,-43.82,12.3,4,0.033
2022-11-22,BUY_CE_CPR,61400,61418.96,300.02,540.03,2351.46,0.532,0.00058,-51.2,12.3,3,0.123
2022-11-23,BUY_CE_CPR,61500,61510.58,233.31,419.96,1818.13,0.526,0.00073,-59.79,11.9,2,0.161
2022-11-24,BUY_CE_CPR,62300,62272.68,153.41,276.14,1179.3,0.485,0.00099,-85.99,12.4,1,0.108
2022-11-25,BUY_CE_CPR,62300,62293.64,163.92,229.49,607.66,0.506,0.00099,-86.35,12.4,1,0.285
2022-11-28,BUY_CE_CPR,62500,62504.8,349.31,628.75,2745.52,0.527,0.00049,-46.23,12.4,4,0.013
2022-11-29,BUY_CE_CPR,62700,62681.84,268.52,483.34,2099.66,0.511,0.00061,-49.11,11.5,3,0.185
2022-11-30,BUY_CE_CPR,63100,63099.65,226.26,407.26,1761.72,0.518,0.00074,-59.49,11.5,2,0.06
2022-12-01,BUY_CE_CPR,63300,63284.19,147.57,265.62,1132.61,0.496,0.00106,-80.48,11.3,1,0.131
2022-12-02,BUY_PE_CPR,62900,62868.5,165.34,297.62,1274.72,-0.52,0.00103,-83.23,11.8,1,0.105
2022-12-05,BUY_PE_CPR,62800,62834.6,272.36,490.25,2130.33,-0.457,0.00051,-43.76,11.8,4,0.048
2022-12-06,BUY_PE_CPR,62600,62626.36,241.71,435.08,1885.28,-0.463,0.00059,-50.12,12.0,3,0.118
2022-12-07,BUY_PE_CPR,62400,62410.68,205.21,369.38,1593.44,-0.475,0.00072,-60.53,12.0,2,0.099
2022-12-08,BUY_CE_CPR,62600,62570.68,141.52,254.73,1084.22,0.482,0.00106,-80.47,11.5,1,0.136
2022-12-09,BUY_PE_CPR,62200,62181.67,121.61,218.89,925.05,-0.509,0.00135,-64.61,9.1,1,0.101
2022-12-12,BUY_PE_CPR,62100,62130.57,197.94,356.29,1535.3,-0.447,0.00068,-33.92,9.0,4,0.14
2022-12-13,BUY_CE_CPR,62500,62533.3,243.56,438.42,1900.1,0.552,0.00076,-40.58,9.2,3,0.184
2022-12-14,BUY_CE_CPR,62700,62677.91,171.16,308.09,1321.25,0.502,0.00093,-48.33,9.2,2,0.196
2022-12-15,BUY_PE_CPR,61800,61799.03,135.82,244.48,1038.71,-0.488,0.00113,-75.75,10.9,1,0.038
2022-12-19,BUY_CE_CPR,61800,61806.19,314.45,566.01,2466.81,0.53,0.00055,-41.77,11.2,4,0.275
2022-12-21,BUY_PE_CPR,61100,61067.24,219.77,395.59,1709.86,-0.506,0.00074,-59.09,11.9,2,0.285
2022-12-23,BUY_PE_CPR,59800,59845.29,126.6,227.89,965.0,-0.441,0.00103,-80.38,12.2,1,0.25
2022-12-27,BUY_CE_CPR,60900,60927.43,330.44,594.8,2594.69,0.534,0.00053,-55.5,13.6,3,0.298
2022-12-28,BUY_CE_CPR,60900,60910.28,253.07,354.3,963.82,0.523,0.00067,-64.73,13.2,2,0.253
2022-12-29,BUY_CE_CPR,61100,61133.88,191.96,345.53,1487.54,0.544,0.00094,-89.73,13.2,1,0.017
2023-01-02,BUY_CE_CPR,61200,61167.79,348.6,627.49,2739.89,0.508,0.00046,-48.33,13.4,4,0.248
2023-01-03,BUY_CE_CPR,61300,61294.2,312.1,561.78,2448.02,0.517,0.00053,-55.29,13.5,3,0.189
2023-01-04,BUY_PE_CPR,60700,60657.45,260.96,469.74,2039.21,-0.511,0.00064,-68.12,14.0,2,0.132
2023-01-06,BUY_PE_CPR,59900,59900.37,169.88,305.79,1311.02,-0.489,0.00091,-92.89,14.0,1,0.123
2023-01-09,BUY_CE_CPR,60700,60747.31,438.7,789.66,3460.2,0.54,0.0004,-54.53,15.5,4,0.223
2023-01-10,BUY_PE_CPR,60100,60115.48,314.48,566.07,2467.08,-0.475,0.00047,-61.34,15.5,3,0.275
2023-01-11,BUY_PE_CPR,60100,60105.5,260.98,469.76,2039.33,-0.482,0.00058,-73.71,15.5,2,0.287
2023-01-12,BUY_PE_CPR,60000,59958.03,198.52,357.34,1539.97,-0.526,0.00087,-96.66,14.6,1,0.022
2023-01-13,BUY_CE_CPR,60300,60261.18,169.62,305.32,1308.92,0.477,0.00087,-96.58,14.6,1,0.004
2023-01-17,BUY_CE_CPR,60700,60655.72,318.26,572.86,2497.25,0.497,0.00049,-59.33,14.8,3,0.2
2023-01-18,BUY_CE_CPR,61000,61045.74,295.77,532.39,2317.48,0.543,0.00061,-70.67,14.5,2,0.292
2023-01-20,BUY_PE_CPR,60600,60621.77,145.83,262.5,1118.74,-0.467,0.00098,-85.6,12.8,1,0.018
2023-01-23,BUY_CE_CPR,60900,60941.67,349.45,629.0,2746.63,0.547,0.00052,-43.77,12.0,4,0.188
2023-01-24,BUY_CE_CPR,61000,60978.75,264.81,476.67,2069.99,0.509,0.00061,-48.66,11.7,3,0.004
2023-01-25,BUY_PE_CPR,60200,60205.06,215.64,388.15,1676.82,-0.48,0.0007,-62.28,12.9,2,0.087
2023-01-30,BUY_CE_CPR,59500,59500.41,368.54,515.95,1425.1,0.523,0.00046,-48.76,14.0,4,0.269
2023-02-01,BUY_CE_CPR,59700,59708.08,257.12,462.82,2008.49,0.521,0.00066,-65.97,13.7,2,0.116
2023-02-02,BUY_CE_CPR,59900,59932.24,188.69,264.16,706.61,0.542,0.00095,-88.49,13.3,1,0.097
2023-02-07,BUY_PE_CPR,60300,60286.04,280.28,504.51,2193.65,-0.488,0.00055,-53.49,13.3,3,0.099
2023-02-08,BUY_CE_CPR,60700,60663.79,221.92,399.46,1727.06,0.492,0.00069,-62.54,12.8,2,0.081
2023-02-09,BUY_CE_CPR,60800,60806.22,171.28,308.31,1322.21,0.518,0.00098,-86.82,12.8,1,0.115
2023-02-13,BUY_PE_CPR,60400,60431.84,286.37,515.46,2242.31,-0.46,0.00049,-45.13,12.8,4,0.049
2023-02-14,BUY_CE_CPR,61000,61032.26,327.19,588.94,2568.66,0.537,0.00054,-54.53,13.3,3,0.067
2023-02-15,BUY_CE_CPR,61300,61275.09,231.51,416.72,1803.73,0.5,0.00068,-63.67,12.9,2,0.224
2023-02-16,BUY_CE_CPR,61300,61319.51,177.33,319.19,1370.54,0.531,0.00098,-86.37,12.6,1,0.243
2023-02-17,BUY_PE_CPR,61000,61002.57,155.82,280.47,1198.54,-0.486,0.00098,-86.48,12.8,1,0.131
2023-02-20,BUY_PE_CPR,60700,60691.54,308.02,554.44,2415.45,-0.48,0.00049,-45.85,12.8,4,0.059
2023-02-21,BUY_PE_CPR,60700,60672.72,274.66,384.53,1050.08,-0.495,0.00057,-51.6,12.6,3,0.282
2023-02-22,BUY_PE_CPR,59700,59744.98,216.23,389.21,1681.53,-0.455,0.00064,-66.52,14.1,2,0.12
2023-02-24,BUY_PE_CPR,59500,59463.93,158.54,285.37,1220.34,-0.527,0.00109,-78.15,11.7,1,0.087
2023-02-27,BUY_PE_CPR,59300,59288.35,274.91,494.84,2150.7,-0.481,0.00055,-41.34,11.7,4,0.172
2023-02-28,BUY_PE_CPR,59000,58962.12,257.02,462.64,2007.71,-0.502,0.00063,-47.62,11.9,3,0.112
2023-03-01,BUY_CE_CPR,59400,59411.08,232.15,417.87,1808.82,0.526,0.00074,-59.34,12.3,2,0.199
2023-03-02,BUY_PE_CPR,58900,58909.35,145.34,261.61,1114.76,-0.478,0.00102,-82.47,12.6,1,0.134
2023-03-03,BUY_CE_CPR,59800,59808.97,167.68,301.82,1293.4,0.521,0.00101,-84.26,12.6,1,0.263
2023-03-06,BUY_CE_CPR,60200,60224.46,357.57,643.62,2811.55,0.536,0.00049,-45.89,12.8,4,0.232
2023-03-08,BUY_CE_CPR,60300,60348.09,264.19,475.54,2065.0,0.55,0.00069,-62.38,12.8,2,0.03
2023-03-09,BUY_PE_CPR,59800,59806.28,154.06,277.31,1184.51,-0.482,0.00098,-86.28,13.0,1,0.25
2023-03-13,BUY_PE_CPR,58200,58237.85,320.38,576.68,2514.22,-0.462,0.00044,-49.5,14.8,4,0.07
2023-03-14,SELL_PE_CPR,57500,57900.19,140.2,5.11,1302.11,-0.287,0.00044,-47.1,14.8,3,0.65
2023-03-15,BUY_PE_CPR,57600,57555.9,249.01,448.22,1943.65,-0.514,0.00067,-64.52,13.9,2,0.238
2023-03-17,BUY_CE_CPR,58000,57989.9,171.93,309.47,1327.35,0.502,0.00093,-91.06,14.2,1,0.128
2023-03-20,BUY_PE_CPR,57600,57628.95,308.35,555.02,2418.02,-0.465,0.00046,-47.45,14.2,4,0.172
2023-03-21,BUY_CE_CPR,58100,58074.68,314.09,565.36,2463.96,0.506,0.00051,-57.04,14.8,3,0.197
2023-03-22,BUY_CE_CPR,58200,58214.59,274.46,494.03,2147.12,0.524,0.00062,-69.39,14.9,2,0.164
2023-03-23,BUY_PE_CPR,57900,57925.28,150.32,270.58,1154.65,-0.465,0.00095,-88.28,13.9,1,0.031
2023-03-24,BUY_PE_CPR,57500,57527.1,150.39,270.7,1155.18,-0.463,0.00094,-88.65,14.0,1,0.223
2023-03-27,BUY_CE_CPR,57700,57653.86,337.31,607.15,2649.58,0.501,0.00047,-47.56,14.1,4,0.252
2023-03-28,BUY_PE_CPR,57600,57613.72,272.07,380.89,1039.7,-0.473,0.00054,-53.78,14.1,3,0.073
2023-03-29,BUY_CE_CPR,58000,57960.09,235.3,423.54,1834.01,0.49,0.00065,-66.18,14.3,2,0.125
2023-03-31,BUY_CE_CPR,59000,58991.52,196.22,353.19,1521.54,0.503,0.00082,-102.85,15.8,1,0.154
2023-04-05,BUY_CE_CPR,59700,59689.31,264.46,476.02,2067.14,0.509,0.00061,-70.14,14.7,2,0.12
2023-04-06,BUY_CE_CPR,59800,59832.97,202.96,365.34,1575.5,0.54,0.00088,-95.46,14.4,1,0.299
2023-04-10,BUY_CE_CPR,59800,59846.51,406.04,730.87,3199.06,0.542,0.00044,-50.46,14.4,4,0.109
2023-04-11,BUY_CE_CPR,60200,60157.72,301.33,542.39,2361.91,0.497,0.00052,-56.33,14.1,3,0.101
2023-04-12,BUY_CE_CPR,60400,60392.77,243.09,437.57,1896.34,0.512,0.00067,-64.41,13.2,2,0.071
2023-04-13,BUY_CE_CPR,60400,60431.0,163.42,138.91,-293.15,0.548,0.00112,-76.16,11.2,1,0.14
2023-04-17,BUY_PE_CPR,59900,59910.75,264.54,476.18,2067.82,-0.468,0.00055,-41.25,11.6,4,0.163
2023-04-18,BUY_PE_CPR,59700,59727.01,216.43,389.58,1683.19,-0.46,0.00065,-45.53,11.3,3,0.016
2023-04-19,BUY_PE_CPR,59600,59567.8,207.58,373.65,1612.43,-0.507,0.00079,-55.91,11.5,2,0.134
2023-04-20,BUY_CE_CPR,59600,59632.35,163.46,294.22,1259.65,0.55,0.00112,-75.76,11.3,1,0.035
2023-04-21,BUY_CE_CPR,59700,59655.06,118.75,213.75,902.2,0.461,0.00117,-72.13,10.9,1,0.035
2023-04-24,BUY_CE_CPR,60100,60056.1,269.36,484.86,2106.37,0.502,0.00059,-39.06,10.8,4,0.064
2023-04-25,BUY_CE_CPR,60100,60130.71,266.59,479.87,2084.22,0.545,0.00068,-44.54,10.8,3,0.216
2023-04-26,BUY_CE_CPR,60300,60300.58,196.1,352.99,1520.65,0.521,0.00086,-51.72,10.4,2,0.014
2023-04-27,BUY_CE_CPR,60600,60649.38,155.77,280.39,1198.2,0.578,0.00126,-66.74,9.7,1,0.156
2023-04-28,BUY_CE_CPR,61100,61112.44,138.95,250.11,1063.7,0.53,0.00125,-69.05,9.9,1,0.179
2023-05-02,BUY_CE_CPR,61400,61354.71,212.07,381.72,1648.26,0.493,0.00073,-41.71,9.8,3,0.276
2023-05-03,BUY_PE_CPR,61200,61193.3,173.69,312.65,1341.47,-0.485,0.00088,-50.58,10.0,2,0.017
2023-05-04,BUY_CE_CPR,61700,61749.25,138.95,250.12,1063.74,0.59,0.00146,-58.19,8.2,1,0.047
2023-05-08,BUY_CE_CPR,61800,61764.25,267.48,481.47,2091.33,0.507,0.0006,-38.44,10.2,4,0.259
2023-05-09,BUY_CE_CPR,61800,61761.33,225.69,406.24,1757.19,0.498,0.0007,-43.52,10.2,3,0.274
2023-05-10,BUY_CE_CPR,61900,61940.2,219.71,395.47,1709.35,0.554,0.00084,-52.4,10.2,2,0.086
2023-05-11,BUY_CE_CPR,61900,61904.52,139.14,250.45,1065.23,0.52,0.00121,-71.24,10.2,1,0.179
2023-05-12,BUY_CE_CPR,62000,62027.9,151.18,272.13,1161.5,0.548,0.00121,-70.97,10.1,1,0.098
2023-05-15,BUY_CE_CPR,62300,62345.71,313.14,563.65,2456.37,0.556,0.00059,-39.02,10.2,4,0.196
2023-05-16,BUY_PE_CPR,61900,61932.47,190.16,342.29,1473.13,-0.451,0.00071,-41.65,9.9,3,0.096
2023-05-17,BUY_PE_CPR,61600,61560.64,194.38,349.88,1506.87,-0.513,0.00086,-52.02,10.2,2,0.248
2023-05-18,BUY_PE_CPR,61400,61431.74,110.14,198.24,833.33,-0.447,0.00121,-69.54,10.2,1,0.108
2023-05-19,BUY_CE_CPR,61700,61729.68,153.43,276.17,1179.45,0.55,0.00119,-71.57,10.3,1,0.239
2023-05-22,BUY_CE_CPR,62000,61963.68,269.61,485.29,2108.3,0.507,0.0006,-38.75,10.3,4,0.228
2023-05-23,BUY_CE_CPR,62000,61981.79,233.31,419.96,1818.12,0.512,0.0007,-43.23,10.1,3,0.163
2023-05-24,BUY_PE_CPR,61800,61773.78,189.53,341.15,1468.06,-0.502,0.00085,-52.41,10.3,2,0.106
2023-05-25,BUY_CE_CPR,61900,61872.62,124.49,224.07,948.07,0.481,0.0012,-71.45,10.3,1,0.17
2023-05-26,BUY_CE_CPR,62500,62501.69,146.53,263.76,1124.33,0.516,0.00114,-75.68,10.7,1,0.174
2023-05-29,BUY_CE_CPR,62800,62846.38,324.71,584.49,2548.89,0.554,0.00057,-40.45,10.6,4,0.298
2023-05-30,BUY_CE_CPR,63000,62969.13,240.51,432.92,1875.67,0.504,0.00067,-45.46,10.5,3,0.071
2023-05-31,BUY_PE_CPR,62600,62622.24,177.3,319.15,1370.35,-0.463,0.0008,-54.69,10.8,2,0.088
2023-06-01,BUY_PE_CPR,62400,62428.54,115.64,208.15,877.34,-0.452,0.00117,-71.85,10.3,1,0.018
2023-06-02,BUY_CE_CPR,62500,62547.11,148.67,267.6,1141.4,0.579,0.00133,-63.91,9.0,1,0.141
2023-06-05,BUY_CE_CPR,62800,62787.47,226.21,407.18,1761.34,0.526,0.00076,-32.01,8.0,4,0.003
2023-06-06,BUY_PE_CPR,62800,62792.88,168.74,303.74,1301.9,-0.475,0.00087,-35.57,8.0,3,0.064
2023-06-07,BUY_CE_CPR,63100,63142.96,185.96,334.72,1439.52,0.57,0.00104,-43.56,8.1,2,0.086
2023-06-08,BUY_PE_CPR,62800,62848.64,82.91,149.24,615.68,-0.413,0.00141,-58.49,8.4,1,0.131
2023-06-09,BUY_PE_CPR,62600,62625.63,94.55,170.19,708.72,-0.447,0.00141,-60.51,8.6,1,0.22
2023-06-12,BUY_CE_CPR,62700,62724.71,255.02,459.03,1991.65,0.552,0.00072,-33.23,8.3,4,0.178
2023-06-13,BUY_CE_CPR,63100,63143.16,227.4,409.32,1770.87,0.567,0.00084,-36.99,8.2,3,0.015
2023-06-14,BUY_CE_CPR,63200,63228.51,176.21,317.18,1361.59,0.555,0.00106,-43.21,8.0,2,0.175
2023-06-15,BUY_PE_CPR,62900,62917.63,91.3,164.33,682.7,-0.456,0.0015,-57.35,8.0,1,0.09
2023-06-16,BUY_CE_CPR,63400,63379.36,103.44,186.19,779.81,0.487,0.00147,-59.47,8.2,1,0.182
2023-06-19,BUY_PE_CPR,63200,63177.12,207.82,374.07,1614.29,-0.482,0.00073,-32.78,8.3,4,0.147
2023-06-20,BUY_CE_CPR,63400,63426.61,223.7,402.66,1741.28,0.552,0.00082,-37.93,8.4,3,0.14
2023-06-22,BUY_PE_CPR,63300,63278.81,116.3,209.35,882.64,-0.513,0.00143,-61.41,8.4,1,0.076
2023-06-23,BUY_PE_CPR,63000,62982.59,108.34,195.02,819.01,-0.509,0.00151,-58.32,8.0,1,0.13
2023-06-26,BUY_PE_CPR,63000,62957.0,209.41,376.94,1627.03,-0.497,0.00076,-31.9,8.0,4,0.08
2023-06-27,BUY_CE_CPR,63400,63435.47,221.43,398.58,1723.17,0.561,0.00085,-36.74,8.1,3,0.04
2023-06-28,BUY_CE_CPR,64000,63969.41,152.32,274.18,1170.62,0.493,0.00102,-44.63,8.3,2,0.182
2023-06-30,BUY_CE_CPR,64700,64702.51,129.62,233.32,989.12,0.519,0.0013,-67.13,9.1,1,0.171
2023-07-03,BUY_CE_CPR,65200,65241.57,303.64,546.55,2380.4,0.556,0.00061,-38.27,9.4,4,0.291
2023-07-04,BUY_CE_CPR,65500,65489.95,236.4,425.52,1842.84,0.519,0.00071,-43.26,9.4,3,0.178
2023-07-05,BUY_CE_CPR,65500,65507.98,198.65,168.85,-346.17,0.529,0.00087,-51.67,9.4,2,0.069
2023-07-06,BUY_CE_CPR,65800,65750.27,110.31,198.55,834.71,0.454,0.00123,-69.06,9.4,1,0.09
2023-07-07,BUY_PE_CPR,65200,65223.0,117.7,211.86,893.79,-0.458,0.00118,-72.13,9.9,1,0.158
2023-07-11,BUY_CE_CPR,65600,65646.79,271.19,488.13,2120.93,0.559,0.00069,-44.08,9.6,3,0.041
2023-07-12,BUY_PE_CPR,65400,65407.66,172.31,310.16,1330.45,-0.472,0.00085,-52.28,9.7,2,0.05
2023-07-13,BUY_CE_CPR,65600,65645.27,163.74,294.73,1261.88,0.569,0.00118,-72.32,9.7,1,0.155
2023-07-14,BUY_CE_CPR,66100,66136.9,157.24,283.03,1209.94,0.56,0.0012,-71.59,9.5,1,0.113
2023-07-17,BUY_CE_CPR,66600,66619.06,299.28,538.71,2345.56,0.542,0.0006,-39.3,9.5,4,0.252
2023-07-18,BUY_CE_CPR,66800,66791.98,236.31,425.36,1842.12,0.521,0.00072,-43.15,9.2,3,0.283
2023-07-19,BUY_CE_CPR,67100,67148.83,221.95,399.5,1727.26,0.564,0.00086,-51.96,9.2,2,0.002
2023-07-20,BUY_CE_CPR,67500,67548.29,163.65,294.56,1261.15,0.574,0.00119,-71.42,9.3,1,0.209
2023-07-24,BUY_PE_CPR,66400,66374.05,289.98,521.96,2271.19,-0.486,0.00053,-43.35,10.8,4,0.038
2023-07-25,BUY_PE_CPR,66400,66366.17,259.13,466.44,2024.55,-0.497,0.00061,-49.24,10.8,3,0.194
2023-07-26,BUY_CE_CPR,66700,66709.88,227.61,409.7,1772.53,0.527,0.00075,-58.7,10.7,2,0.012
2023-07-27,BUY_PE_CPR,66400,66409.4,138.49,249.27,1060.0,-0.476,0.00107,-79.96,10.7,1,0.044
2023-07-28,BUY_PE_CPR,66100,66137.17,117.35,211.22,890.98,-0.444,0.00112,-74.8,10.2,1,0.114
2023-07-31,BUY_CE_CPR,66500,66508.61,303.63,546.53,2380.31,0.534,0.00058,-40.5,9.9,4,0.025
2023-08-01,BUY_CE_CPR,66500,66487.3,247.95,347.13,943.35,0.517,0.00067,-45.44,9.8,3,0.211
2023-08-02,BUY_PE_CPR,65800,65758.13,221.96,399.53,1727.36,-0.512,0.00075,-59.16,10.9,2,0.036
2023-08-03,BUY_PE_CPR,65300,65274.51,160.45,288.82,1235.63,-0.513,0.00104,-82.66,11.3,1,0.088
2023-08-04,BUY_CE_CPR,65700,65693.37,154.36,277.85,1186.93,0.506,0.00105,-81.8,11.1,1,0.12
2023-08-07,BUY_CE_CPR,66000,65962.15,311.26,560.26,2441.3,0.507,0.00052,-44.23,11.1,4,0.1
2023-08-08,BUY_PE_CPR,65800,65841.89,226.78,408.21,1765.95,-0.452,0.0006,-48.96,11.1,3,0.054
2023-08-09,BUY_CE_CPR,66000,65994.53,223.11,401.59,1736.54,0.515,0.00074,-59.47,11.0,2,0.06
2023-08-10,BUY_PE_CPR,65700,65707.42,142.34,256.22,1090.83,-0.479,0.00105,-81.39,11.1,1,0.243
2023-08-11,BUY_PE_CPR,65300,65307.93,138.33,249.0,1058.77,-0.478,0.00107,-79.43,10.8,1,0.026
2023-08-14,BUY_PE_CPR,65300,65346.43,237.54,427.58,1851.96,-0.445,0.00056,-40.12,10.3,4,0.197
2023-08-16,BUY_CE_CPR,65500,65469.47,195.29,351.53,1514.18,0.496,0.0008,-55.46,10.3,2,0.179
2023-08-17,BUY_PE_CPR,65100,65107.48,127.53,229.56,972.42,-0.477,0.00116,-73.87,10.1,1,0.153
2023-08-18,BUY_PE_CPR,64900,64869.92,139.09,250.36,1064.83,-0.522,0.00123,-70.76,9.6,1,0.188
2023-08-21,BUY_CE_CPR,65200,65184.78,265.76,478.37,2077.55,0.522,0.00064,-37.2,9.2,4,0.097
2023-08-22,BUY_CE_CPR,65200,65199.23,226.81,408.25,1766.13,0.527,0.00076,-40.9,8.9,3,0.093
2023-08-23,BUY_CE_CPR,65400,65413.13,193.36,348.05,1498.71,0.534,0.00091,-49.68,9.0,2,0.066
2023-08-24,BUY_PE_CPR,65200,65235.75,96.35,173.43,723.11,-0.436,0.00132,-63.59,8.7,1,0.109
2023-08-28,BUY_CE_CPR,65000,64958.29,244.77,440.59,1909.74,0.505,0.00066,-36.11,8.9,4,0.128
2023-08-29,BUY_CE_CPR,65100,65106.59,224.07,403.33,1744.25,0.534,0.00078,-39.83,8.6,3,0.058
2023-08-30,BUY_PE_CPR,65100,65084.25,161.81,137.54,-290.72,-0.492,0.00096,-47.09,8.6,2,0.019
2023-08-31,BUY_PE_CPR,64800,64831.41,88.15,158.66,657.52,-0.436,0.00145,-58.51,8.0,1,0.177
2023-09-01,BUY_CE_CPR,65400,65387.16,108.64,195.54,821.34,0.499,0.00146,-60.41,8.0,1,0.172
2023-09-04,BUY_CE_CPR,65600,65628.14,258.6,465.48,2020.3,0.556,0.00072,-33.59,8.0,4,0.245
2023-09-05,BUY_CE_CPR,65800,65780.26,198.11,356.6,1536.69,0.514,0.00084,-37.69,8.0,3,0.145
2023-09-06,BUY_CE_CPR,65900,65880.52,157.64,283.75,1213.12,0.505,0.00102,-44.81,8.0,2,0.064
2023-09-07,BUY_CE_CPR,66300,66265.56,99.77,179.58,750.45,0.468,0.00143,-60.68,8.0,1,0.152
2023-09-08,BUY_CE_CPR,66600,66598.91,116.71,210.08,885.93,0.516,0.00143,-61.68,8.0,1,0.281
2023-09-11,BUY_CE_CPR,67100,67127.08,263.57,474.42,2060.01,0.555,0.0007,-34.35,8.0,4,0.065
2023-09-12,BUY_CE_CPR,67200,67221.13,224.26,403.66,1745.74,0.548,0.00081,-38.7,8.0,3,0.172
2023-09-13,BUY_CE_CPR,67500,67466.99,154.95,278.92,1191.65,0.492,0.001,-45.73,8.0,2,0.022
2023-09-14,BUY_CE_CPR,67500,67519.0,128.95,232.12,983.79,0.545,0.0014,-62.57,8.0,1,0.156
2023-09-15,BUY_CE_CPR,67800,67838.63,140.44,252.79,1075.59,0.572,0.00138,-62.63,8.0,1,0.034
2023-09-18,BUY_PE_CPR,67600,67596.84,203.99,367.19,1583.73,-0.467,0.0007,-33.79,8.0,4,0.067
2023-09-20,BUY_PE_CPR,66800,66800.84,166.66,299.99,1285.24,-0.477,0.00089,-50.31,9.1,2,0.071
2023-09-21,BUY_PE_CPR,66200,66230.24,116.14,209.04,881.3,-0.45,0.00116,-72.87,9.8,1,0.212
2023-09-22,BUY_PE_CPR,66000,66009.15,126.05,226.89,960.56,-0.475,0.00117,-73.6,9.9,1,0.14
2023-09-25,BUY_PE_CPR,66000,66023.69,224.49,404.08,1747.57,-0.455,0.00061,-37.48,9.4,4,0.192
2023-09-26,BUY_PE_CPR,65900,65945.47,185.69,334.24,1437.4,-0.441,0.0007,-42.12,9.4,3,0.029
2023-09-27,BUY_CE_CPR,66100,66118.69,205.29,369.53,1594.13,0.538,0.00086,-51.96,9.4,2,0.027
2023-09-28,BUY_PE_CPR,65500,65508.32,130.43,234.78,995.6,-0.476,0.00113,-75.56,10.3,1,0.262
2023-10-03,BUY_PE_CPR,65500,65512.1,211.94,381.49,1647.24,-0.466,0.00068,-44.47,9.9,3,0.033
2023-10-04,BUY_PE_CPR,65200,65226.04,167.86,302.15,1294.83,-0.458,0.00083,-52.96,9.9,2,0.068
2023-10-05,BUY_CE_CPR,65600,65631.57,163.06,293.51,1256.45,0.55,0.00112,-76.06,10.2,1,0.122
2023-10-06,BUY_CE_CPR,66000,65995.63,148.22,266.8,1137.83,0.509,0.0011,-78.19,10.5,1,0.034
2023-10-09,BUY_PE_CPR,65500,65512.39,261.32,470.38,2042.06,-0.465,0.00055,-41.59,10.6,4,0.068
2023-10-10,BUY_CE_CPR,66100,66079.36,270.88,487.59,2118.52,0.511,0.0006,-49.87,11.0,3,0.101
2023-10-11,BUY_CE_CPR,66500,66473.05,210.27,378.48,1633.87,0.499,0.00075,-58.84,10.8,2,0.159
2023-10-12,BUY_PE_CPR,66400,66408.39,139.36,250.86,1067.02,-0.477,0.00106,-80.19,10.8,1,0.027
2023-10-13,BUY_PE_CPR,66300,66282.74,149.7,269.45,1149.62,-0.505,0.00108,-79.45,10.6,1,0.05
2023-10-16,BUY_PE_CPR,66200,66166.93,285.84,514.51,2238.08,-0.49,0.00054,-42.42,10.6,4,0.096
2023-10-17,BUY_CE_CPR,66400,66428.09,285.87,514.56,2238.31,0.542,0.00063,-48.28,10.5,3,0.024
2023-10-18,BUY_PE_CPR,65900,65877.02,211.82,381.27,1646.27,-0.498,0.00075,-58.89,10.9,2,0.006
2023-10-19,BUY_PE_CPR,65600,65629.24,117.36,211.25,891.11,-0.451,0.00115,-73.24,10.0,1,0.286
2023-10-20,BUY_PE_CPR,65400,65397.62,125.25,225.46,954.21,-0.488,0.00123,-70.59,9.5,1,0.023
2023-10-23,BUY_PE_CPR,64600,64571.88,278.94,502.09,2182.9,-0.488,0.00055,-41.62,10.7,4,0.035
2023-10-27,BUY_CE_CPR,63800,63782.8,170.6,307.09,1316.78,0.496,0.00092,-92.35,13.0,1,0.298
2023-10-30,BUY_CE_CPR,64100,64112.65,375.32,675.58,2953.49,0.53,0.00046,-49.05,12.9,4,0.135
2023-11-01,BUY_PE_CPR,63600,63591.33,230.97,415.74,1799.38,-0.489,0.00067,-65.03,12.7,2,0.27
2023-11-02,BUY_CE_CPR,64100,64080.9,171.93,309.48,1327.39,0.494,0.00091,-93.47,13.1,1,0.137
2023-11-03,BUY_CE_CPR,64400,64363.78,162.43,292.38,1251.44,0.479,0.00091,-92.58,13.0,1,0.074
2023-11-06,BUY_CE_CPR,65000,64958.69,365.62,658.11,2875.9,0.505,0.00044,-51.17,13.4,4,0.043
2023-11-07,BUY_CE_CPR,64900,64942.4,347.26,295.17,-569.82,0.542,0.00051,-57.15,13.1,3,0.158
2023-11-08,BUY_CE_CPR,65000,64975.61,239.38,430.89,1866.66,0.501,0.00066,-65.75,12.5,2,0.116
2023-11-09,BUY_PE_CPR,64800,64832.2,143.76,258.78,1102.2,-0.457,0.00096,-87.19,12.2,1,0.012
2023-11-10,BUY_CE_CPR,64900,64904.68,173.69,312.65,1341.47,0.517,0.00096,-88.6,12.2,1,0.078
2023-11-13,BUY_PE_CPR,64900,64933.87,303.17,545.71,2376.68,-0.46,0.00046,-47.9,12.6,4,0.061
2023-11-15,BUY_CE_CPR,65700,65675.93,260.51,468.91,2035.56,0.502,0.00061,-71.03,13.4,2,0.083
2023-11-16,BUY_CE_CPR,66000,65982.48,178.69,321.64,1381.43,0.496,0.00088,-96.57,13.2,1,0.117
2023-11-17,BUY_PE_CPR,65800,65794.73,177.25,319.04,1369.89,-0.493,0.00088,-96.02,13.1,1,0.05
2023-11-20,BUY_PE_CPR,65700,65655.15,357.63,643.74,2812.08,-0.496,0.00044,-50.69,13.1,4,0.045
2023-11-21,BUY_CE_CPR,65900,65930.77,318.35,573.03,2497.99,0.539,0.00056,-53.43,11.9,3,0.041
2023-11-22,BUY_CE_CPR,66000,66023.24,243.47,438.24,1899.34,0.536,0.00072,-60.88,11.3,2,0.035
2023-11-23,BUY_CE_CPR,66000,66017.81,140.27,252.49,1074.28,0.539,0.00127,-68.5,9.1,1,0.161
2023-11-24,BUY_PE_CPR,66000,65970.04,126.29,227.33,962.53,-0.524,0.00136,-64.55,8.5,1,0.091
2023-11-28,BUY_CE_CPR,66200,66174.2,205.43,369.77,1595.19,0.509,0.00079,-39.39,8.4,3,0.028
2023-11-29,BUY_CE_CPR,66900,66901.91,188.53,339.35,1460.06,0.525,0.00091,-49.98,8.9,2,0.092
2023-11-30,BUY_CE_CPR,67000,66988.44,117.78,212.01,894.49,0.501,0.00135,-64.76,8.4,1,0.24
2023-12-01,BUY_CE_CPR,67500,67481.19,114.61,206.31,869.14,0.492,0.00135,-64.86,8.4,1,0.147
2023-12-04,BUY_CE_CPR,68900,68865.12,325.22,585.4,2552.97,0.509,0.0005,-45.94,11.1,4,0.121
2023-12-05,BUY_CE_CPR,69300,69296.14,288.81,519.86,2261.84,0.521,0.00058,-51.65,10.9,3,0.259
2023-12-06,BUY_CE_CPR,69700,69653.73,211.03,379.86,1640.02,0.486,0.00072,-61.35,10.8,2,0.123
2023-12-07,BUY_PE_CPR,69500,69521.69,142.22,255.99,1089.82,-0.465,0.001,-84.82,10.9,1,0.08
2023-12-08,BUY_CE_CPR,69800,69825.6,175.27,315.48,1354.08,0.54,0.00102,-84.07,10.7,1,0.013
2023-12-11,BUY_CE_CPR,69900,69928.53,351.7,633.07,2764.67,0.542,0.00051,-45.37,10.7,4,0.12
2023-12-12,BUY_PE_CPR,69600,69551.03,289.02,520.24,2263.51,-0.505,0.00056,-53.47,11.3,3,0.008
2023-12-13,BUY_PE_CPR,69600,69584.6,216.53,389.76,1683.97,-0.492,0.00072,-61.42,10.8,2,0.18
2023-12-14,BUY_CE_CPR,70500,70514.2,176.19,317.13,1361.41,0.527,0.00098,-87.64,11.0,1,0.194
2023-12-15,BUY_CE_CPR,71500,71483.75,174.08,313.35,1344.58,0.498,0.00091,-94.22,11.8,1,0.147
2023-12-19,BUY_CE_CPR,71400,71437.19,335.65,604.17,2636.3,0.542,0.00053,-56.0,11.5,3,0.03
2023-12-20,BUY_PE_CPR,70500,70506.31,265.32,477.57,2074.01,-0.48,0.00057,-76.19,13.5,2,0.084
2023-12-21,SELL_CE_CPR,71400,70865.1,38.65,0.05,338.41,0.15,0.00047,-60.11,13.5,1,0.566
2023-12-26,BUY_CE_CPR,71300,71336.8,380.53,684.96,2995.16,0.537,0.00046,-63.5,13.3,3,0.113
2023-12-27,BUY_CE_CPR,72000,72038.43,319.43,574.97,2506.61,0.538,0.00055,-78.12,13.5,2,0.088
2023-12-28,BUY_CE_CPR,72400,72410.38,210.82,379.48,1638.31,0.52,0.0008,-106.04,13.2,1,0.223
2023-12-29,BUY_PE_CPR,72200,72240.26,176.21,317.17,1361.57,-0.457,0.00078,-106.18,13.4,1,0.092
2024-01-01,BUY_CE_CPR,72300,72271.94,414.61,746.3,3267.63,0.512,0.00039,-56.85,13.3,4,0.009
2024-01-02,BUY_PE_CPR,71900,71892.48,287.69,517.85,2252.9,-0.482,0.00052,-56.66,11.7,3,0.023
2024-01-03,BUY_PE_CPR,71400,71356.6,264.99,476.98,2071.38,-0.509,0.00062,-70.47,12.1,2,0.076
2024-01-04,BUY_CE_CPR,71800,71847.57,215.51,387.91,1675.77,0.553,0.00086,-98.13,12.3,1,0.21
2024-01-05,BUY_CE_CPR,72000,72026.15,203.09,365.56,1576.49,0.535,0.00087,-97.97,12.2,1,0.09
2024-01-08,BUY_PE_CPR,71400,71355.22,381.98,687.56,3006.69,-0.495,0.00041,-54.48,12.9,4,0.054
2024-01-10,BUY_CE_CPR,71700,71657.71,259.64,467.35,2028.59,0.492,0.00059,-73.19,12.7,2,0.265
2024-01-11,BUY_CE_CPR,71700,71721.18,206.95,372.5,1607.34,0.53,0.00084,-101.23,12.7,1,0.219
2024-01-12,BUY_CE_CPR,72600,72568.45,179.06,322.31,1384.4,0.486,0.00085,-100.28,12.4,1,0.046
2024-01-15,BUY_CE_CPR,73300,73327.94,406.32,731.37,3201.29,0.537,0.00043,-52.38,11.9,4,0.197
2024-01-16,BUY_PE_CPR,73100,73128.77,282.92,509.25,2214.73,-0.464,0.0005,-58.51,11.9,3,0.157
2024-01-17,BUY_PE_CPR,71500,71500.76,311.71,561.07,2444.9,-0.485,0.00049,-87.35,15.4,2,0.061
2024-01-19,BUY_CE_CPR,71700,71683.23,216.22,389.19,1681.47,0.499,0.00073,-115.43,14.6,1,0.119
2024-01-23,BUY_PE_CPR,70400,70370.55,397.68,715.82,3132.25,-0.494,0.0004,-73.21,15.8,3,0.233
2024-01-24,SELL_CE_CPR,71400,71060.31,198.18,158.54,346.92,0.355,0.00045,-81.72,15.8,2,0.719
2024-01-24,SELL_PE_CPR,69400,71060.31,6.01,0.32,9.69,-0.02,6e-05,-10.17,15.8,2,0.719
2024-01-29,BUY_CE_CPR,71900,71941.57,569.95,1025.91,4509.55,0.532,0.0003,-71.83,17.4,4,0.015
2024-02-02,BUY_CE_CPR,72100,72085.63,269.14,484.46,2104.61,0.501,0.00059,-141.34,17.9,1,0.201
2024-02-06,BUY_CE_CPR,72200,72186.09,475.91,856.64,3757.69,0.512,0.00034,-83.72,17.8,3,0.243
2024-02-07,BUY_CE_CPR,72200,72152.0,367.44,661.4,2890.51,0.493,0.00042,-100.87,17.8,2,0.224
2024-02-08,BUY_PE_CPR,71400,71428.43,251.47,452.64,1963.28,-0.474,0.00058,-141.6,18.2,1,0.09
2024-02-12,BUY_PE_CPR,71100,71072.49,514.38,925.88,4065.25,-0.489,0.0003,-72.0,17.7,4,0.147
2024-02-13,BUY_CE_CPR,71600,71555.19,446.15,803.08,3519.8,0.501,0.00035,-81.2,17.4,3,0.249
2024-02-14,BUY_CE_CPR,71800,71827.3,397.46,715.43,3130.5,0.525,0.00043,-99.1,17.5,2,0.243
2024-02-16,BUY_CE_CPR,72400,72426.64,244.36,439.85,1906.45,0.53,0.00071,-118.53,14.8,1,0.134
2024-02-19,BUY_CE_CPR,72700,72708.16,475.23,855.41,3752.23,0.524,0.00036,-62.2,14.6,4,0.041
2024-02-20,BUY_CE_CPR,73100,73057.4,384.39,691.91,3026.02,0.501,0.00041,-70.81,14.6,3,0.103
2024-02-21,BUY_PE_CPR,72600,72623.09,261.34,470.41,2042.2,-0.471,0.00056,-77.25,13.3,2,0.218
2024-02-22,BUY_CE_CPR,73200,73158.24,185.74,334.33,1437.77,0.478,0.0008,-105.92,13.1,1,0.215
2024-02-26,BUY_PE_CPR,72800,72790.13,317.37,571.26,2490.14,-0.478,0.00047,-48.44,11.1,4,0.069
2024-02-27,BUY_CE_CPR,73100,73095.22,281.07,505.92,2199.92,0.522,0.0006,-50.62,10.0,3,0.082
2024-02-28,BUY_PE_CPR,72300,72304.88,212.18,381.92,1649.17,-0.477,0.0007,-62.89,10.6,2,0.17
2024-03-01,BUY_CE_CPR,73700,73745.35,221.91,399.43,1726.93,0.55,0.00083,-102.1,12.4,1,0.077
2024-03-04,BUY_CE_CPR,73900,73872.29,381.75,687.16,3004.92,0.513,0.00043,-52.81,12.0,4,0.072
2024-03-05,BUY_PE_CPR,73700,73677.13,312.95,563.31,2454.82,-0.49,0.0005,-59.99,12.1,3,0.003
2024-03-06,BUY_CE_CPR,74100,74085.99,250.77,451.39,1957.72,0.51,0.00065,-67.8,11.2,2,0.012
2024-03-11,BUY_PE_CPR,73500,73502.64,321.22,578.2,2520.98,-0.473,0.00046,-49.66,11.3,4,0.033
2024-03-12,BUY_CE_CPR,73700,73667.96,300.32,540.58,2353.86,0.506,0.00054,-56.02,11.1,3,0.279
2024-03-13,BUY_PE_CPR,72800,72761.89,273.04,491.47,2135.75,-0.505,0.0006,-73.31,12.4,2,0.005
2024-03-15,BUY_PE_CPR,72600,72643.43,164.77,296.59,1270.16,-0.452,0.00082,-101.04,12.6,1,0.153
2024-03-18,BUY_CE_CPR,72700,72748.42,433.24,779.84,3416.58,0.544,0.00041,-54.35,12.6,4,0.09
2024-03-19,BUY_PE_CPR,72000,72012.05,314.65,566.36,2468.4,-0.474,0.00047,-62.58,13.0,3,0.091
2024-03-20,BUY_CE_CPR,72100,72101.69,287.55,517.58,2251.74,0.518,0.00058,-74.95,12.9,2,0.185
2024-03-21,BUY_CE_CPR,72600,72641.19,223.34,402.02,1738.43,0.545,0.00081,-103.97,12.9,1,0.058
2024-03-22,BUY_CE_CPR,72800,72831.94,219.76,395.56,1709.75,0.538,0.00081,-104.77,12.9,1,0.007
2024-03-26,BUY_PE_CPR,72500,72470.3,334.47,602.04,2626.88,-0.493,0.00047,-62.92,12.9,3,0.173
2024-03-27,BUY_CE_CPR,73000,72996.31,295.2,531.37,2312.96,0.514,0.00056,-77.58,13.2,2,0.058
2024-03-28,BUY_CE_CPR,73700,73651.35,179.64,323.35,1389.01,0.473,0.00081,-104.36,12.8,1,0.115
2024-04-01,BUY_CE_CPR,74000,74014.55,432.63,778.73,3411.65,0.53,0.0004,-56.55,12.9,4,0.004
2024-04-02,BUY_PE_CPR,73900,73903.91,270.65,487.17,2116.64,-0.474,0.00054,-54.84,10.9,3,0.061
2024-04-03,BUY_PE_CPR,73900,73876.82,236.62,425.92,1844.62,-0.496,0.00067,-66.12,10.9,2,0.016
2024-04-04,BUY_CE_CPR,74200,74227.63,192.91,347.24,1495.14,0.539,0.00092,-92.56,11.1,1,0.028
2024-04-05,BUY_CE_CPR,74200,74248.22,203.14,284.4,764.34,0.558,0.00092,-91.8,11.0,1,0.21
2024-04-08,BUY_CE_CPR,74700,74742.5,396.56,713.81,3123.31,0.546,0.00046,-50.26,11.1,4,0.084
2024-04-10,BUY_CE_CPR,75000,75038.15,268.43,483.17,2098.88,0.545,0.00067,-65.53,10.6,2,0.16
2024-04-12,BUY_PE_CPR,74200,74244.9,152.03,273.66,1168.29,-0.447,0.00088,-94.99,11.6,1,0.073
2024-04-15,BUY_PE_CPR,73400,73399.78,324.36,583.85,2546.06,-0.474,0.00045,-49.9,11.4,4,0.296
2024-04-16,BUY_PE_CPR,72900,72943.68,265.71,478.29,2077.19,-0.455,0.00052,-56.53,11.6,3,0.193
2024-04-18,BUY_PE_CPR,72500,72488.99,174.32,313.77,1346.48,-0.497,0.00091,-94.08,11.6,1,0.031
2024-04-22,SELL_CE_CPR,73900,73648.62,265.0,212.0,479.82,0.414,0.00044,-48.74,11.5,4,0.521
2024-04-23,BUY_CE_CPR,73700,73738.45,348.21,626.77,2736.7,0.542,0.00051,-58.09,11.5,3,0.137
2024-04-24,BUY_CE_CPR,73900,73852.94,234.59,422.26,1828.35,0.488,0.00065,-67.55,11.2,2,0.122
2024-04-25,BUY_CE_CPR,74300,74339.44,205.22,369.4,1593.53,0.548,0.00089,-95.42,11.4,1,0.092
2024-04-26,BUY_PE_CPR,73700,73730.16,161.07,289.93,1240.56,-0.461,0.00087,-96.62,11.8,1,0.249
2024-05-02,BUY_CE_CPR,74600,74611.11,199.47,359.05,1547.57,0.522,0.00085,-100.28,12.0,1,0.22
2024-05-03,BUY_PE_CPR,73900,73878.15,200.38,360.69,1554.85,-0.506,0.00081,-104.68,12.7,1,0.022
2024-05-07,BUY_PE_CPR,73500,73511.85,312.71,562.88,2452.93,-0.474,0.00047,-62.43,12.7,3,0.161
2024-05-08,BUY_PE_CPR,73500,73466.39,279.27,502.69,2185.59,-0.502,0.00058,-75.5,12.7,2,0.119
2024-05-09,BUY_PE_CPR,72400,72404.17,196.02,352.84,1520.02,-0.485,0.00078,-108.46,13.5,1,0.08
2024-05-13,BUY_CE_CPR,72800,72776.13,424.27,763.69,3344.86,0.514,0.00039,-57.83,13.5,4,0.007
2024-05-16,BUY_CE_CPR,73700,73663.72,182.56,328.6,1412.33,0.482,0.00082,-103.14,12.6,1,0.068
2024-05-21,BUY_PE_CPR,74000,73953.31,312.55,562.59,2451.66,-0.502,0.00052,-58.15,11.6,3,0.0
2024-05-22,BUY_CE_CPR,74200,74221.06,279.23,502.62,2185.28,0.531,0.00062,-70.49,11.6,2,0.02
2024-05-23,BUY_CE_CPR,75400,75418.04,225.12,405.21,1752.6,0.525,0.00076,-111.33,13.3,1,0.121
2024-05-24,SELL_CE_CPR,76200,75410.39,15.29,0.05,105.06,0.068,0.00025,-34.62,13.1,1,0.521
2024-05-27,BUY_PE_CPR,75400,75390.5,371.8,669.23,2925.32,-0.48,0.0004,-55.64,12.5,4,0.027
2024-05-28,BUY_PE_CPR,75200,75170.45,308.86,555.95,2422.16,-0.493,0.00051,-59.0,11.6,3,0.179
2024-05-29,BUY_PE_CPR,74500,74502.9,252.02,453.64,1967.7,-0.481,0.0006,-72.98,12.1,2,0.147
2024-05-30,BUY_PE_CPR,73900,73885.6,194.27,349.69,1506.01,-0.5,0.00082,-103.43,12.6,1,0.196
2024-05-31,BUY_CE_CPR,74000,73961.31,171.24,308.24,1321.88,0.479,0.00087,-98.0,11.9,1,0.176
2024-06-03,BUY_CE_CPR,76500,76468.78,588.36,1059.05,4656.73,0.51,0.00028,-78.91,18.1,4,0.14
2024-06-04,BUY_PE_CPR,72100,72079.05,790.97,1423.75,6276.62,-0.491,0.0002,-139.72,30.7,3,0.241
2024-06-05,SELL_CE_CPR,75400,74382.24,346.78,277.42,642.46,0.301,0.00019,-164.02,33.4,2,1.065
2024-06-06,SELL_CE_CPR,75800,75074.51,238.6,0.05,2335.61,0.295,0.00027,-227.14,32.9,1,1.044
2024-06-07,BUY_CE_CPR,76700,76693.36,546.12,983.02,4319.03,0.506,0.00029,-278.1,33.9,1,0.164
2024-06-10,SELL_CE_CPR,77700,76490.08,611.06,298.64,3070.17,0.343,0.00014,-129.53,34.0,4,0.719
2024-06-11,BUY_PE_CPR,76500,76456.59,940.35,1692.63,7470.89,-0.494,0.00017,-163.4,34.0,3,0.209
2024-06-12,BUY_CE_CPR,76600,76606.57,784.22,1411.6,6222.68,0.512,0.00021,-198.6,33.9,2,0.106
2024-06-13,BUY_CE_CPR,76800,76810.9,554.33,997.8,4384.67,0.511,0.00029,-277.81,33.8,1,0.161
2024-06-14,BUY_CE_CPR,77000,76992.77,546.47,983.65,4321.86,0.505,0.00029,-278.44,33.8,1,0.105
2024-06-18,BUY_CE_CPR,77300,77301.14,966.04,1738.87,7676.26,0.513,0.00017,-164.3,33.8,3,0.153
2024-06-19,BUY_CE_CPR,77300,77337.59,804.07,1447.33,6381.34,0.518,0.00021,-199.65,33.8,2,0.071
2024-06-20,BUY_CE_CPR,77500,77478.93,542.78,977.01,4292.36,0.501,0.00029,-280.02,33.8,1,0.056
2024-06-21,BUY_PE_CPR,77200,77209.9,525.11,945.2,4151.08,-0.49,0.0003,-275.2,33.3,1,0.093
2024-06-24,BUY_CE_CPR,77300,77341.08,1123.6,955.06,-1738.22,0.521,0.00015,-141.24,33.3,4,0.082
2024-06-25,BUY_CE_CPR,78100,78053.52,941.81,1695.25,7482.54,0.505,0.00017,-164.21,33.4,3,0.219
2024-06-26,BUY_CE_CPR,78700,78674.25,778.82,1401.88,6179.46,0.505,0.0002,-201.35,33.5,2,0.205
2024-06-27,BUY_CE_CPR,79200,79243.18,577.84,1040.12,4572.67,0.52,0.00029,-281.36,33.2,1,0.271
2024-07-01,BUY_CE_CPR,79500,79476.19,1108.46,1995.23,8814.95,0.512,0.00015,-143.52,32.9,4,0.215
2024-07-02,BUY_CE_CPR,79400,79441.45,913.85,1644.93,7259.02,0.521,0.00018,-152.3,30.3,3,0.176
2024-07-03,BUY_CE_CPR,80000,79986.8,368.56,663.41,2899.43,0.509,0.00044,-97.39,15.3,2,0.085
2024-07-04,BUY_CE_CPR,80000,80049.67,207.28,373.11,1610.03,0.56,0.00091,-93.73,10.4,1,0.06
2024-07-05,BUY_PE_CPR,80000,79996.6,165.56,298.0,1276.41,-0.489,0.00093,-92.43,10.2,1,0.117
2024-07-08,BUY_CE_CPR,80000,79960.38,275.88,234.5,-462.41,0.512,0.0006,-40.62,8.0,4,0.152
2024-07-09,BUY_CE_CPR,80400,80351.64,229.8,413.64,1790.06,0.498,0.00068,-45.83,8.0,3,0.05
2024-07-10,BUY_PE_CPR,79900,79924.77,163.34,294.01,1258.7,-0.454,0.00084,-53.38,8.0,2,0.128
2024-07-11,BUY_PE_CPR,79900,79897.34,127.76,229.96,974.22,-0.485,0.00119,-73.62,8.0,1,0.028
2024-07-12,BUY_CE_CPR,80500,80519.34,151.99,273.58,1167.95,0.541,0.00118,-74.63,8.0,1,0.066
2024-07-15,BUY_CE_CPR,80700,80664.86,280.78,505.4,2197.61,0.515,0.00059,-41.01,8.0,4,0.125
2024-07-16,BUY_CE_CPR,80700,80716.55,264.5,476.1,2067.47,0.542,0.00068,-46.45,8.0,3,0.037
2024-07-18,BUY_CE_CPR,81300,81343.46,166.77,300.18,1286.11,0.568,0.00115,-75.15,8.0,1,0.026
2024-07-23,BUY_PE_CPR,80400,80429.04,229.69,413.45,1789.19,-0.455,0.0006,-50.32,9.1,3,0.043
2024-07-25,BUY_PE_CPR,80000,80039.8,114.49,206.09,868.16,-0.438,0.00112,-75.36,8.4,1,0.012
2024-07-26,BUY_CE_CPR,81300,81332.72,196.66,353.98,1525.06,0.545,0.00092,-93.35,10.1,1,0.188
2024-07-29,SELL_CE_CPR,82100,81355.84,102.5,12.1,855.65,0.213,0.00034,-34.0,10.0,4,0.502
2024-07-30,BUY_CE_CPR,81500,81455.4,289.38,520.88,2266.36,0.501,0.00055,-55.54,9.8,3,0.136
2024-07-31,BUY_CE_CPR,81700,81741.34,274.66,494.39,2148.71,0.548,0.00066,-66.97,9.9,2,0.055
2024-08-01,BUY_CE_CPR,81900,81867.55,154.97,278.95,1191.82,0.484,0.00097,-88.82,9.6,1,0.09
2024-08-02,BUY_PE_CPR,81000,80981.95,183.9,331.03,1423.1,-0.502,0.00087,-98.31,10.8,1,0.039
2024-08-05,BUY_PE_CPR,78800,78759.4,513.07,923.53,4054.82,-0.492,0.00031,-72.08,15.8,4,0.106
2024-08-06,BUY_PE_CPR,78600,78593.07,432.95,606.12,1682.42,-0.485,0.00035,-81.87,15.8,3,0.237
2024-08-08,BUY_PE_CPR,78900,78886.22,272.5,490.51,2131.47,-0.498,0.00058,-143.36,16.6,1,0.081
2024-08-09,BUY_CE_CPR,79700,79705.91,295.56,532.01,2315.82,0.513,0.00056,-149.87,17.1,1,0.273
2024-08-12,BUY_PE_CPR,79600,79648.92,507.66,913.79,4011.56,-0.466,0.00028,-76.37,16.8,4,0.051
2024-08-13,BUY_PE_CPR,79000,78956.03,489.28,880.71,3864.63,-0.497,0.00033,-88.48,17.1,3,0.015
2024-08-14,BUY_CE_CPR,79100,79105.88,417.39,751.3,3289.82,0.516,0.0004,-107.17,17.1,2,0.282
2024-08-16,BUY_CE_CPR,80400,80436.84,333.27,599.88,2617.26,0.528,0.00052,-160.67,18.3,1,0.036
2024-08-20,BUY_CE_CPR,80800,80802.86,549.43,988.98,4345.52,0.517,0.0003,-94.97,18.0,3,0.086
2024-08-21,BUY_CE_CPR,80900,80905.3,447.38,805.28,3529.6,0.515,0.00037,-114.82,18.0,2,0.06
2024-08-22,BUY_CE_CPR,81100,81053.19,287.8,518.04,2253.76,0.485,0.00052,-158.66,17.9,1,0.095
2024-08-23,BUY_CE_CPR,81100,81086.21,303.78,546.8,2381.52,0.502,0.00052,-158.92,17.9,1,0.035
2024-08-26,BUY_CE_CPR,81700,81698.11,606.77,1092.19,4803.96,0.519,0.00027,-79.66,17.0,4,0.024
2024-08-27,BUY_CE_CPR,81700,81711.76,529.01,952.21,4182.2,0.521,0.00032,-90.87,17.0,3,0.12
2024-08-28,BUY_CE_CPR,81800,81785.56,416.71,750.08,3284.38,0.508,0.00039,-109.65,16.9,2,0.039
2024-08-29,BUY_CE_CPR,82100,82134.61,316.38,569.48,2482.23,0.529,0.00055,-152.89,17.0,1,0.019
2024-08-30,BUY_CE_CPR,82400,82365.77,282.79,509.03,2213.74,0.491,0.00054,-153.34,17.0,1,0.122
2024-09-02,BUY_CE_CPR,82600,82559.84,572.05,1029.69,4526.32,0.509,0.00028,-77.7,16.3,4,0.065
2024-09-03,BUY_PE_CPR,82600,82555.44,319.54,575.17,2507.49,-0.498,0.0005,-60.6,10.7,3,0.019
2024-09-04,BUY_PE_CPR,82400,82352.64,269.85,485.73,2110.27,-0.509,0.00061,-72.68,10.7,2,0.014
2024-09-06,BUY_PE_CPR,81200,81183.93,189.33,340.8,1466.51,-0.5,0.00084,-101.53,11.1,1,0.142
2024-09-10,BUY_CE_CPR,81900,81921.29,347.45,625.41,2730.64,0.535,0.0005,-59.87,10.6,3,0.232
2024-09-11,BUY_PE_CPR,81500,81523.16,216.71,390.08,1685.42,-0.464,0.00066,-67.03,10.1,2,0.082
2024-09-12,BUY_CE_CPR,83000,82962.71,196.31,353.36,1522.31,0.484,0.00077,-110.7,12.0,1,0.206
2024-09-13,SELL_PE_CPR,82100,82890.94,6.24,0.05,14.58,-0.035,0.00017,-17.86,10.3,1,0.513
2024-09-16,BUY_CE_CPR,83000,82988.78,381.22,686.2,3000.69,0.523,0.00045,-52.2,10.3,4,0.014
2024-09-17,BUY_CE_CPR,83100,83079.66,318.92,574.05,2502.53,0.514,0.00052,-58.65,10.2,3,0.016
2024-09-18,BUY_PE_CPR,82900,82948.23,214.77,386.59,1669.93,-0.449,0.00063,-69.14,10.3,2,0.056
2024-09-19,BUY_CE_CPR,83200,83184.8,178.73,321.71,1381.75,0.501,0.00089,-96.85,10.3,1,0.052
2024-09-20,BUY_CE_CPR,84500,84544.31,241.88,435.39,1886.66,0.546,0.00075,-112.95,11.9,1,0.188
2024-09-24,BUY_CE_CPR,84900,84914.04,392.18,705.92,3088.27,0.528,0.00044,-68.07,11.8,3,0.106
2024-09-25,BUY_CE_CPR,85200,85169.87,296.42,533.55,2322.67,0.502,0.00054,-81.64,11.8,2,0.02
2024-09-26,BUY_CE_CPR,85800,85836.12,241.43,434.58,1883.06,0.539,0.00074,-115.09,12.0,1,0.136
2024-09-30,BUY_PE_CPR,84300,84299.78,462.79,833.02,3652.79,-0.478,0.00032,-68.7,14.0,4,0.122
2024-10-03,BUY_PE_CPR,82500,82497.1,280.96,505.73,2199.1,-0.492,0.00055,-150.66,16.7,1,0.087
2024-10-07,SELL_CE_CPR,82700,81050.0,94.98,254.17,-1640.15,0.134,0.00015,-40.12,16.7,4,0.627
2024-10-07,SELL_PE_CPR,80700,81050.0,381.83,305.46,712.16,-0.383,0.00027,-72.99,16.7,4,0.627
2024-10-10,BUY_CE_CPR,81600,81611.41,296.4,533.51,2322.49,0.516,0.00056,-148.97,16.6,1,0.297
2024-10-11,BUY_PE_CPR,81400,81381.36,254.56,458.21,1988.03,-0.501,0.00063,-133.55,14.9,1,0.131
2024-10-14,BUY_CE_CPR,82000,81973.05,537.18,966.92,4247.54,0.513,0.00031,-72.53,15.2,4,0.087
2024-10-16,BUY_PE_CPR,81500,81501.36,352.06,633.7,2767.5,-0.485,0.00043,-98.81,15.3,2,0.121
2024-10-17,BUY_PE_CPR,81000,81006.61,250.01,450.02,1951.64,-0.486,0.00061,-137.18,15.4,1,0.118
2024-10-18,BUY_CE_CPR,81200,81224.75,281.02,505.83,2199.53,0.526,0.00061,-137.79,15.4,1,0.277
2024-10-21,BUY_CE_CPR,81200,81151.27,460.66,829.18,3635.75,0.506,0.00035,-64.24,13.5,4,0.267
2024-10-22,BUY_PE_CPR,80200,80220.72,365.68,658.23,2876.44,-0.472,0.0004,-72.78,13.7,3,0.116
2024-10-23,SELL_CE_CPR,81000,80081.98,56.47,74.81,-231.31,0.138,0.00027,-46.53,13.6,2,0.505
2024-10-23,SELL_PE_CPR,79500,80081.98,104.22,2.41,969.69,-0.223,0.00037,-63.47,13.6,2,0.505
2024-10-24,BUY_PE_CPR,80100,80065.16,235.4,423.72,1834.82,-0.513,0.00071,-119.76,13.5,1,0.156
2024-10-25,BUY_PE_CPR,79400,79402.29,203.38,366.09,1578.85,-0.486,0.00075,-112.61,12.8,1,0.024
2024-10-28,BUY_CE_CPR,80000,80005.04,485.54,873.98,3834.72,0.525,0.00035,-64.04,13.6,4,0.244
2024-10-29,BUY_CE_CPR,80400,80369.03,383.44,690.19,3018.4,0.507,0.00042,-70.09,13.0,3,0.021
2024-10-31,BUY_PE_CPR,79400,79389.06,172.36,310.24,1330.79,-0.496,0.00091,-94.02,10.5,1,0.157
2024-11-01,BUY_CE_CPR,79700,79724.12,189.53,341.15,1468.06,0.537,0.00093,-92.09,10.2,1,0.232
2024-11-04,BUY_PE_CPR,78800,78782.24,335.5,603.9,2635.14,-0.481,0.00045,-51.05,10.8,4,0.098
2024-11-05,BUY_CE_CPR,79500,79476.63,326.13,587.03,2560.19,0.512,0.0005,-59.92,11.0,3,0.16
2024-11-11,BUY_CE_CPR,79500,79496.15,432.04,777.67,3406.95,0.523,0.00039,-57.9,12.2,4,0.02
2024-11-12,BUY_PE_CPR,78700,78675.18,353.67,636.6,2780.36,-0.49,0.00044,-67.29,12.7,3,0.047
2024-11-18,BUY_PE_CPR,77300,77339.01,380.27,684.48,2993.05,-0.462,0.00037,-59.43,13.2,4,0.138
2024-11-19,BUY_CE_CPR,77600,77578.38,385.03,693.06,3031.14,0.511,0.00042,-69.48,13.4,3,0.075
2024-11-22,BUY_CE_CPR,79100,79117.11,295.75,532.35,2317.32,0.52,0.00057,-147.07,16.9,1,0.085
2024-11-25,SELL_CE_CPR,80200,80109.85,578.15,790.04,-2172.6,0.495,0.00027,-81.25,17.8,4,0.745
2024-11-26,BUY_PE_CPR,80000,80004.06,480.76,865.38,3796.51,-0.482,0.00032,-90.86,17.4,3,0.008
2024-11-27,BUY_CE_CPR,80200,80234.08,439.01,790.21,3462.66,0.527,0.00039,-108.99,17.2,2,0.113
2024-11-28,BUY_PE_CPR,79000,79043.74,270.99,487.78,2119.34,-0.467,0.00053,-155.68,18.1,1,0.047
2024-11-29,SELL_CE_CPR,79900,79802.79,268.55,83.61,1799.14,0.459,0.00051,-159.72,18.5,1,0.534
2024-12-02,BUY_CE_CPR,80200,80248.08,669.61,1205.3,5306.32,0.531,0.00026,-84.24,18.4,4,0.272
2024-12-04,BUY_CE_CPR,81000,80956.33,416.6,749.89,3283.55,0.497,0.00038,-113.07,17.7,2,0.205
2024-12-05,BUY_CE_CPR,81800,81765.86,294.69,530.45,2308.88,0.492,0.00052,-159.25,17.8,1,0.015
2024-12-09,BUY_PE_CPR,81500,81508.46,535.94,964.69,4237.64,-0.478,0.00028,-78.02,16.7,4,0.006
2024-12-10,BUY_PE_CPR,81500,81510.05,465.77,838.38,3676.62,-0.48,0.00032,-88.98,16.7,3,0.073
2024-12-11,BUY_CE_CPR,81500,81526.14,430.03,774.06,3390.92,0.524,0.0004,-107.85,16.7,2,0.045
2024-12-12,BUY_PE_CPR,81300,81289.96,270.2,486.36,2113.07,-0.496,0.00058,-143.43,16.0,1,0.03
2024-12-13,BUY_CE_CPR,82100,82133.12,284.99,512.98,2231.3,0.531,0.00061,-137.58,15.2,1,0.127
2024-12-16,SELL_PE_CPR,81000,81748.57,216.05,199.01,120.77,-0.267,0.00025,-58.08,15.4,4,0.803
2024-12-17,BUY_PE_CPR,80700,80684.45,469.32,844.77,3704.98,-0.488,0.00033,-87.57,16.6,3,0.07
2024-12-19,BUY_PE_CPR,79200,79218.05,275.04,495.07,2151.73,-0.481,0.00055,-152.1,17.6,1,0.233
2024-12-20,BUY_PE_CPR,78000,78041.59,226.87,408.37,1766.64,-0.464,0.00062,-132.82,15.6,1,0.043
2024-12-23,SELL_CE_CPR,79000,78540.17,312.81,250.25,574.9,0.374,0.00031,-62.98,14.8,4,0.585
2024-12-24,BUY_PE_CPR,78500,78472.87,414.02,351.91,-670.29,-0.492,0.00038,-77.17,14.8,3,0.011
2024-12-26,BUY_PE_CPR,78500,78472.48,248.77,447.79,1941.76,-0.507,0.00066,-128.08,14.8,1,0.14
2024-12-27,BUY_CE_CPR,78700,78699.07,229.74,413.53,1789.56,0.511,0.00071,-118.65,13.6,1,0.054
2024-12-30,BUY_PE_CPR,78200,78248.13,377.07,678.72,2967.46,-0.459,0.00037,-59.58,13.1,4,0.104
2024-12-31,BUY_PE_CPR,78100,78139.01,321.73,579.11,2525.01,-0.462,0.00044,-66.36,12.8,3,0.287
2025-01-01,BUY_CE_CPR,78500,78507.41,307.45,553.4,2410.83,0.521,0.00055,-79.5,12.5,2,0.175
2025-01-02,BUY_CE_CPR,79900,79943.71,277.23,499.01,2169.23,0.539,0.00064,-130.67,14.8,1,0.15
2025-01-03,SELL_PE_CPR,79100,79223.11,176.63,49.79,1219.22,-0.408,0.00065,-122.19,14.5,1,0.552
2025-01-07,SELL_CE_CPR,78900,78199.11,193.05,153.36,347.56,0.281,0.0003,-66.62,15.8,3,0.59
2025-01-08,BUY_PE_CPR,78100,78148.49,326.16,587.1,2560.48,-0.464,0.00044,-96.96,15.7,2,0.009
2025-01-09,BUY_PE_CPR,77600,77620.21,239.66,431.39,1868.88,-0.477,0.00062,-134.62,15.8,1,0.211
2025-01-10,BUY_PE_CPR,77400,77378.91,259.28,466.7,2025.72,-0.503,0.00062,-134.77,15.8,1,0.219
2025-01-13,BUY_PE_CPR,76300,76330.01,450.96,811.73,3558.23,-0.47,0.00032,-67.82,15.4,4,0.114
2025-01-15,BUY_CE_CPR,76700,76724.08,371.09,667.96,2919.67,0.526,0.00046,-93.16,15.2,2,0.075
2025-01-16,BUY_CE_CPR,77000,77042.82,276.41,497.54,2162.72,0.538,0.00064,-130.38,15.4,1,0.01
2025-01-17,BUY_PE_CPR,76600,76619.33,221.15,398.06,1720.86,-0.476,0.00067,-124.99,14.8,1,0.056
2025-01-20,BUY_CE_CPR,77100,77073.44,464.02,835.23,3662.62,0.513,0.00035,-63.15,14.0,4,0.041
2025-01-21,BUY_PE_CPR,75800,75838.36,372.59,670.66,2931.63,-0.467,0.00039,-74.64,15.0,3,0.107
2025-01-22,SELL_CE_CPR,76800,76404.99,195.9,156.72,342.39,0.339,0.00042,-84.56,15.4,2,0.568
2025-01-23,BUY_CE_CPR,76500,76520.38,264.71,476.48,2069.17,0.523,0.00064,-130.57,15.5,1,0.231
2025-01-24,BUY_PE_CPR,76200,76190.46,243.37,438.07,1898.58,-0.496,0.00065,-129.46,15.4,1,0.042
2025-01-28,BUY_CE_CPR,75900,75901.41,466.44,839.6,3682.03,0.518,0.00036,-81.06,16.2,3,0.202
2025-01-29,BUY_CE_CPR,76500,76532.96,404.14,727.45,3183.89,0.528,0.00043,-100.25,16.5,2,0.145
2025-01-30,BUY_CE_CPR,76800,76759.81,218.23,392.81,1697.54,0.483,0.00069,-122.07,14.4,1,0.213
2025-01-31,BUY_CE_CPR,77500,77500.57,247.33,445.19,1930.2,0.511,0.00066,-127.01,14.8,1,0.067
2025-02-03,BUY_PE_CPR,77200,77186.74,411.02,739.83,3238.87,-0.482,0.00037,-60.6,13.4,4,0.046
2025-02-04,BUY_CE_CPR,78600,78583.81,450.41,810.74,3553.83,0.512,0.00036,-79.96,15.4,3,0.151
2025-02-06,BUY_PE_CPR,78100,78058.16,261.9,471.43,2046.72,-0.516,0.00064,-130.94,15.2,1,0.175
2025-02-07,BUY_PE_CPR,77900,77860.19,241.15,434.07,1880.8,-0.517,0.0007,-121.06,14.0,1,0.12
2025-02-10,BUY_PE_CPR,77300,77311.8,431.54,776.78,3402.98,-0.474,0.00034,-64.53,14.4,4,0.048
2025-02-11,BUY_PE_CPR,76300,76293.6,407.66,733.79,3212.04,-0.484,0.00037,-77.38,15.4,3,0.145
2025-02-13,BUY_CE_CPR,76100,76138.97,267.67,481.81,2092.82,0.536,0.00066,-127.02,15.1,1,0.216
2025-02-14,BUY_PE_CPR,75900,75939.21,211.01,379.82,1639.84,-0.463,0.00067,-124.05,14.9,1,0.219
2025-02-17,BUY_CE_CPR,76000,75996.86,450.1,382.59,-724.6,0.522,0.00037,-59.94,13.4,4,0.019
2025-02-18,BUY_CE_CPR,76000,75967.39,360.9,306.77,-590.36,0.506,0.00045,-66.26,13.0,3,0.288
2025-02-19,BUY_CE_CPR,75900,75939.18,324.98,584.96,2550.99,0.538,0.00054,-79.59,13.0,2,0.137
2025-02-20,BUY_PE_CPR,75700,75735.96,180.13,324.24,1392.95,-0.46,0.00078,-107.71,12.9,1,0.018
2025-02-21,BUY_PE_CPR,75300,75311.06,181.51,326.71,1403.95,-0.479,0.00082,-103.08,12.3,1,0.095
2025-02-24,BUY_PE_CPR,74500,74454.41,392.47,706.45,3090.64,-0.494,0.0004,-56.15,12.7,4,0.107
2025-02-25,BUY_CE_CPR,74600,74602.12,350.16,630.28,2752.31,0.523,0.00048,-61.6,12.2,3,0.172
2025-02-27,BUY_CE_CPR,74600,74612.43,201.15,362.06,1560.96,0.523,0.00084,-100.78,12.1,1,0.008
2025-02-28,BUY_PE_CPR,73200,73198.1,195.03,351.06,1512.08,-0.49,0.00079,-106.67,13.1,1,0.059
2025-03-04,BUY_PE_CPR,73000,72989.93,330.98,595.77,2599.0,-0.484,0.00046,-63.86,13.1,3,0.12
2025-03-05,BUY_CE_CPR,73700,73730.23,271.93,489.48,2126.91,0.539,0.00065,-67.43,11.1,2,0.142
2025-03-06,BUY_CE_CPR,74300,74340.09,215.22,387.4,1673.48,0.546,0.00084,-100.27,12.1,1,0.284
2025-03-10,BUY_PE_CPR,74100,74115.17,341.89,615.4,2686.19,-0.469,0.00042,-52.98,12.1,4,0.018
2025-03-11,BUY_PE_CPR,74100,74102.32,300.57,541.02,2355.83,-0.477,0.00049,-59.79,12.0,3,0.24
2025-03-13,BUY_PE_CPR,73800,73828.91,149.34,268.8,1146.74,-0.459,0.00093,-90.42,11.0,1,0.031
2025-03-17,BUY_CE_CPR,74200,74169.95,360.84,649.52,2837.74,0.513,0.00046,-50.36,11.3,4,0.231
2025-03-18,BUY_CE_CPR,75300,75301.26,377.8,680.03,2973.27,0.521,0.00045,-66.3,13.1,3,0.074
2025-03-20,BUY_CE_CPR,76300,76348.06,255.94,460.7,1999.07,0.545,0.00071,-118.58,14.0,1,0.056
2025-03-21,BUY_CE_CPR,76900,76905.51,239.77,431.58,1869.74,0.515,0.00069,-121.96,14.3,1,0.241
2025-03-24,BUY_CE_CPR,78000,77984.38,516.07,928.93,4078.8,0.516,0.00032,-69.02,15.2,4,0.288
2025-03-25,BUY_CE_CPR,78000,78017.19,451.27,812.28,3560.69,0.525,0.00038,-77.3,14.9,3,0.291
2025-03-26,BUY_PE_CPR,77300,77288.5,326.02,586.84,2559.34,-0.49,0.00048,-90.28,14.6,2,0.195
2025-03-28,BUY_PE_CPR,77400,77414.92,224.45,404.02,1747.31,-0.479,0.00067,-125.77,14.8,1,0.165
2025-04-01,BUY_PE_CPR,76000,76024.51,367.07,660.73,2887.54,-0.471,0.0004,-72.77,14.5,3,0.054
2025-04-02,SELL_CE_CPR,76900,76617.44,219.27,175.42,388.88,0.381,0.00046,-84.18,14.6,2,0.587
2025-04-03,BUY_PE_CPR,76300,76295.36,231.24,416.24,1801.6,-0.492,0.00068,-124.56,14.8,1,0.214
2025-04-04,BUY_PE_CPR,75400,75364.69,255.15,459.28,1992.75,-0.513,0.00065,-128.87,15.5,1,0.128
2025-04-09,BUY_PE_CPR,73800,73847.15,417.19,750.95,3288.25,-0.471,0.00035,-119.27,20.8,2,0.077
2025-04-11,BUY_CE_CPR,75200,75157.26,331.02,595.84,2599.3,0.489,0.00046,-179.13,22.0,1,0.037
2025-04-15,BUY_CE_CPR,76700,76734.89,689.43,1240.98,5464.81,0.523,0.00024,-115.37,23.5,3,0.037
2025-04-16,BUY_CE_CPR,77000,77044.29,568.66,1023.59,4499.23,0.525,0.0003,-139.91,23.4,2,0.055
2025-04-17,BUY_CE_CPR,78600,78553.2,384.56,692.2,3027.32,0.49,0.0004,-207.04,24.4,1,0.184
2025-04-21,SELL_CE_CPR,79600,79408.5,734.55,872.16,-1431.54,0.478,0.0002,-106.42,24.1,4,0.766
2025-04-22,BUY_CE_CPR,79600,79595.59,713.01,1283.42,5653.32,0.513,0.00023,-122.75,24.1,3,0.17
2025-04-23,BUY_CE_CPR,80100,80116.49,586.84,1056.32,4644.61,0.516,0.00028,-148.2,23.8,2,0.047
2025-04-24,BUY_PE_CPR,79800,79801.43,390.21,702.38,3072.55,-0.491,0.0004,-206.02,23.9,1,0.197
2025-04-25,BUY_PE_CPR,79200,79212.53,376.77,678.18,2965.07,-0.487,0.00041,-201.83,23.6,1,0.124
2025-04-28,BUY_CE_CPR,80200,80218.37,844.17,1519.51,6701.94,0.52,0.0002,-107.93,24.1,4,0.129
2025-04-30,BUY_PE_CPR,80200,80242.24,524.81,944.66,4148.66,-0.476,0.00028,-146.59,23.6,2,0.086
2025-05-02,BUY_CE_CPR,80500,80501.99,404.24,727.63,3184.68,0.509,0.0004,-205.21,23.6,1,0.033
2025-05-05,BUY_CE_CPR,80800,80796.84,767.1,1380.78,6085.78,0.516,0.00021,-99.7,21.9,4,0.141
2025-05-06,BUY_PE_CPR,80600,80641.07,597.71,1075.89,4731.52,-0.475,0.00025,-113.26,21.9,3,0.047
2025-05-07,BUY_CE_CPR,80700,80746.78,556.61,1001.91,4402.93,0.526,0.00031,-136.74,21.7,2,0.075
2025-05-08,BUY_PE_CPR,80300,80334.81,328.92,592.06,2582.54,-0.476,0.00045,-183.06,21.0,1,0.295
2025-05-09,BUY_PE_CPR,79500,79454.47,294.65,530.37,2308.51,-0.516,0.00057,-146.55,16.8,1,0.103
2025-05-12,BUY_CE_CPR,82400,82429.9,770.61,1387.1,6113.84,0.524,0.00022,-98.12,21.1,4,0.037
2025-05-14,SELL_CE_CPR,82000,81330.56,264.49,172.06,874.13,0.316,0.00027,-120.71,21.7,2,0.541
2025-05-15,BUY_CE_CPR,82500,82530.74,385.18,693.32,3032.29,0.522,0.00044,-188.38,21.0,1,0.024
2025-05-16,SELL_PE_CPR,81500,82330.59,85.91,0.05,810.4,-0.174,0.00028,-119.78,21.2,1,0.64
2025-05-19,BUY_PE_CPR,82100,82059.42,681.02,1225.83,5397.54,-0.492,0.00023,-93.54,20.1,4,0.0
2025-05-20,BUY_PE_CPR,81200,81186.44,584.93,1052.88,4629.33,-0.488,0.00027,-107.1,20.4,3,0.111
2025-05-22,BUY_PE_CPR,81000,80951.99,366.72,660.09,2884.71,-0.513,0.00046,-182.17,20.7,1,0.027
2025-05-23,BUY_CE_CPR,81700,81721.08,374.61,674.3,2947.8,0.518,0.00045,-185.59,20.9,1,0.037
2025-05-26,BUY_CE_CPR,82200,82176.45,725.46,1305.82,5752.84,0.512,0.00022,-95.82,20.6,4,0.26
2025-05-27,BUY_PE_CPR,81600,81551.63,604.95,1088.91,4789.39,-0.498,0.00026,-107.76,20.4,3,0.003
2025-05-28,BUY_PE_CPR,81300,81312.32,471.43,660.0,1836.15,-0.484,0.00032,-129.96,20.5,2,0.176
2025-05-29,BUY_CE_CPR,81600,81633.02,374.01,673.22,2943.01,0.524,0.00045,-182.15,20.5,1,0.095
2025-05-30,BUY_PE_CPR,81500,81451.01,366.8,660.24,2885.39,-0.514,0.00046,-182.02,20.5,1,0.14
2025-06-02,BUY_PE_CPR,81400,81373.75,680.71,1225.27,5395.05,-0.488,0.00023,-94.24,20.5,4,0.034
2025-06-03,BUY_PE_CPR,80700,80737.51,566.28,1019.31,4480.24,-0.475,0.00026,-107.74,20.8,3,0.256
2025-06-05,BUY_CE_CPR,81400,81442.04,382.04,687.67,3007.2,0.528,0.00045,-183.75,20.8,1,0.084
2025-06-06,BUY_CE_CPR,82200,82188.99,351.94,633.49,2766.54,0.504,0.00045,-182.37,20.4,1,0.004
2025-06-10,BUY_PE_CPR,82400,82391.72,342.21,615.97,2688.73,-0.482,0.00044,-67.05,12.1,3,0.06
2025-06-11,BUY_CE_CPR,82500,82515.14,316.69,570.04,2484.71,0.526,0.00054,-81.01,12.1,2,0.056
2025-06-12,BUY_PE_CPR,81700,81691.98,188.57,339.43,1460.42,-0.493,0.00083,-103.11,11.2,1,0.025
2025-06-16,BUY_CE_CPR,81800,81796.15,439.22,790.6,3464.38,0.524,0.00039,-58.91,12.0,4,0.262
2025-06-18,BUY_PE_CPR,81400,81444.66,230.78,415.4,1797.87,-0.454,0.00059,-72.72,11.1,2,0.062
2025-06-19,BUY_PE_CPR,81400,81361.87,191.38,344.48,1482.88,-0.52,0.00089,-97.1,10.6,1,0.085
2025-06-20,BUY_CE_CPR,82400,82408.17,203.18,365.72,1577.2,0.52,0.00083,-103.26,11.1,1,0.021
2025-06-24,BUY_CE_CPR,82100,82055.11,319.16,574.48,2504.45,0.501,0.0005,-60.55,10.8,3,0.06
2025-06-26,BUY_CE_CPR,83800,83755.87,195.88,352.58,1518.85,0.479,0.00076,-112.03,12.0,1,0.141
2025-06-30,BUY_PE_CPR,83600,83606.46,395.37,711.67,3113.79,-0.473,0.00037,-60.45,12.2,4,0.153
2025-07-01,BUY_CE_CPR,83700,83697.29,372.4,670.32,2930.16,0.521,0.00045,-66.13,11.6,3,0.147
2025-07-02,BUY_PE_CPR,83400,83409.69,270.64,487.15,2116.56,-0.477,0.00055,-79.5,11.8,2,0.021
2025-07-03,BUY_PE_CPR,83200,83239.47,177.73,319.91,1373.73,-0.456,0.00078,-108.08,11.7,1,0.107
2025-07-04,BUY_CE_CPR,83400,83432.89,220.29,396.52,1714.01,0.54,0.00081,-105.27,11.2,1,0.223
2025-07-07,BUY_CE_CPR,83400,83442.5,442.43,376.07,-713.06,0.544,0.00041,-56.41,11.2,4,0.149
2025-07-08,BUY_CE_CPR,83700,83712.51,368.85,663.93,2901.75,0.529,0.00047,-64.27,11.2,3,0.042
2025-07-09,BUY_PE_CPR,83500,83536.08,246.32,443.37,1922.1,-0.461,0.00057,-76.08,11.3,2,0.116
2025-07-10,BUY_PE_CPR,83200,83190.28,180.39,324.71,1395.04,-0.494,0.00087,-98.82,10.5,1,0.037
2025-07-11,BUY_PE_CPR,82500,82500.47,177.04,318.68,1368.27,-0.486,0.00086,-99.38,10.7,1,0.201
2025-07-14,BUY_PE_CPR,82300,82253.46,348.35,627.03,2737.84,-0.492,0.00045,-51.56,10.3,4,0.195
2025-07-15,BUY_CE_CPR,82600,82570.91,316.22,569.2,2481.01,0.51,0.00052,-58.87,10.3,3,0.017
2025-07-16,BUY_CE_CPR,82600,82634.48,284.22,511.59,2225.11,0.542,0.00063,-70.35,10.3,2,0.071
2025-07-17,BUY_PE_CPR,82300,82259.24,193.62,348.51,1500.77,-0.522,0.00088,-97.66,10.5,1,0.057
2025-07-18,BUY_PE_CPR,81800,81757.73,174.89,314.8,1351.03,-0.526,0.00099,-87.83,9.4,1,0.187
2025-07-21,BUY_CE_CPR,82200,82200.34,350.88,631.59,2758.12,0.531,0.00049,-47.68,9.3,4,0.173
2025-07-22,BUY_CE_CPR,82200,82186.81,292.39,526.3,2290.44,0.519,0.00057,-53.63,9.3,3,0.247
2025-07-23,BUY_CE_CPR,82700,82726.64,249.77,449.59,1949.71,0.542,0.00072,-62.8,9.0,2,0.111
2025-07-24,BUY_PE_CPR,82200,82184.17,137.89,248.2,1055.22,-0.501,0.00116,-76.0,8.0,1,0.157
2025-07-25,BUY_PE_CPR,81500,81463.09,150.29,270.52,1154.36,-0.525,0.00114,-76.9,8.2,1,0.19
2025-07-28,BUY_PE_CPR,80900,80891.02,257.36,463.25,2010.41,-0.471,0.00056,-41.87,8.3,4,0.223
2025-07-29,BUY_CE_CPR,81300,81337.95,300.31,540.56,2353.78,0.552,0.00061,-50.53,8.8,3,0.226
2025-07-30,BUY_CE_CPR,81500,81481.86,217.42,391.36,1691.07,0.509,0.00075,-60.33,8.8,2,0.274
2025-07-31,BUY_PE_CPR,81200,81185.58,150.19,270.33,1153.53,-0.499,0.00106,-82.34,8.9,1,0.065
2025-08-01,BUY_PE_CPR,80600,80599.91,145.15,261.26,1113.24,-0.484,0.00104,-83.01,9.0,1,0.053
2025-08-04,BUY_CE_CPR,81000,81018.72,359.27,646.69,2825.18,0.54,0.0005,-47.5,9.5,4,0.252
2025-08-05,BUY_PE_CPR,80700,80710.25,244.71,440.49,1909.29,-0.467,0.00059,-51.71,9.3,3,0.183
2025-08-06,BUY_PE_CPR,80500,80543.99,185.99,334.79,1439.82,-0.446,0.00072,-61.07,9.3,2,0.06
2025-08-07,BUY_CE_CPR,80600,80623.26,175.76,316.37,1357.99,0.539,0.00101,-85.47,9.3,1,0.081
2025-08-08,BUY_PE_CPR,79900,79857.79,171.98,309.56,1327.77,-0.527,0.00101,-86.13,9.4,1,0.291
2025-08-11,BUY_CE_CPR,80600,80604.08,382.23,688.01,3008.71,0.53,0.00045,-51.26,10.4,4,0.253
2025-08-13,BUY_CE_CPR,80500,80539.91,285.0,513.0,2231.4,0.545,0.00063,-69.7,10.5,2,0.286
2025-08-14,BUY_CE_CPR,80600,80597.66,181.34,326.42,1402.63,0.512,0.00091,-94.92,10.4,1,0.032
2025-08-18,BUY_CE_CPR,81300,81273.75,383.88,690.99,3021.94,0.516,0.00043,-53.35,10.8,4,0.019
2025-08-19,BUY_CE_CPR,81600,81644.39,363.68,654.62,2860.38,0.546,0.0005,-60.51,10.8,3,0.172
2025-08-20,BUY_CE_CPR,81900,81857.84,255.46,459.84,1995.24,0.494,0.00061,-72.62,10.8,2,0.089
2025-08-21,BUY_CE_CPR,82000,82000.71,187.21,336.97,1449.51,0.515,0.00089,-97.15,10.5,1,0.096
2025-08-22,BUY_PE_CPR,81300,81306.85,171.26,308.27,1322.01,-0.48,0.00087,-97.75,10.7,1,0.062
2025-08-25,BUY_CE_CPR,81600,81635.91,397.85,716.12,3133.57,0.545,0.00045,-51.2,10.2,4,0.274
2025-08-26,BUY_PE_CPR,80800,80786.54,299.07,538.32,2343.83,-0.483,0.00051,-59.25,10.7,3,0.045
2025-08-28,BUY_PE_CPR,80100,80080.57,186.83,336.29,1446.5,-0.503,0.00086,-99.32,11.0,1,0.234
2025-08-29,BUY_PE_CPR,79800,79809.65,171.76,309.17,1326.03,-0.478,0.00087,-98.42,11.0,1,0.262
2025-09-01,BUY_CE_CPR,80400,80364.49,393.82,708.87,3101.37,0.511,0.00042,-55.09,11.4,4,0.18
2025-09-03,BUY_CE_CPR,80600,80567.71,261.66,471.0,2044.8,0.499,0.0006,-72.98,11.1,2,0.188
2025-09-04,BUY_CE_CPR,80700,80718.01,201.96,363.53,1567.48,0.529,0.00086,-100.0,11.0,1,0.19
2025-09-05,BUY_PE_CPR,80700,80710.76,172.42,310.36,1331.3,-0.477,0.00086,-99.11,11.0,1,0.26
2025-09-08,BUY_CE_CPR,80800,80787.3,392.56,706.61,3091.35,0.522,0.00043,-53.59,11.0,4,0.026
2025-09-09,BUY_CE_CPR,81100,81101.32,322.99,581.39,2535.13,0.526,0.00053,-57.47,10.2,3,0.136
2025-09-10,BUY_CE_CPR,81400,81425.15,260.58,469.05,2036.17,0.538,0.00068,-65.64,9.7,2,0.038
2025-09-11,BUY_CE_CPR,81500,81548.73,194.07,349.33,1504.42,0.563,0.00098,-87.4,9.4,1,0.012
2025-09-12,BUY_CE_CPR,81900,81904.7,171.63,308.93,1324.97,0.52,0.00098,-88.36,9.5,1,0.097
2025-09-15,BUY_PE_CPR,81800,81785.74,303.15,545.67,2376.49,-0.476,0.00049,-47.52,9.5,4,0.071
2025-09-16,BUY_CE_CPR,82400,82380.69,291.43,524.58,2282.8,0.516,0.00057,-53.97,9.4,3,0.069
2025-09-17,BUY_CE_CPR,82700,82693.71,239.14,430.46,1864.74,0.518,0.0007,-64.38,9.3,2,0.217
2025-09-18,BUY_CE_CPR,83000,83013.96,177.22,318.99,1369.66,0.529,0.00098,-88.81,9.4,1,0.062
2025-09-19,BUY_PE_CPR,82600,82626.23,146.12,263.02,1121.06,-0.46,0.00095,-89.28,9.6,1,0.073
2025-09-22,BUY_PE_CPR,82200,82159.97,306.92,552.45,2406.62,-0.489,0.0005,-46.71,9.2,4,0.086
2025-09-23,BUY_PE_CPR,82100,82102.1,247.74,445.92,1933.45,-0.471,0.00059,-51.85,9.1,3,0.106
2025-09-24,BUY_PE_CPR,81700,81715.63,175.37,315.67,1354.9,-0.463,0.0008,-55.79,8.2,2,0.023
2025-09-25,BUY_PE_CPR,81200,81159.68,148.92,268.06,1143.45,-0.529,0.00117,-75.28,8.0,1,0.091
2025-09-26,BUY_PE_CPR,80400,80426.46,125.3,225.54,954.58,-0.454,0.00109,-78.46,8.6,1,0.255
2025-09-29,BUY_PE_CPR,80400,80364.94,262.82,367.95,1002.77,-0.485,0.00058,-41.2,8.2,4,0.213
2025-09-30,BUY_PE_CPR,80300,80267.62,229.96,321.95,871.5,-0.491,0.00068,-46.26,8.1,3,0.154
2025-10-01,BUY_CE_CPR,81000,80983.31,212.79,383.01,1654.02,0.511,0.00077,-58.97,8.6,2,0.141
2025-10-06,BUY_CE_CPR,81800,81790.12,336.0,604.8,2639.14,0.527,0.00051,-46.44,9.1,4,0.209
2025-10-07,BUY_CE_CPR,81900,81926.75,306.91,552.43,2406.51,0.543,0.00059,-52.66,9.1,3,0.235
2025-10-08,BUY_PE_CPR,81800,81773.66,217.7,391.86,1693.33,-0.497,0.00073,-62.04,9.1,2,0.099
2025-10-09,BUY_CE_CPR,82200,82172.1,150.31,270.55,1154.49,0.487,0.00101,-85.49,9.1,1,0.145
2025-10-10,BUY_CE_CPR,82500,82500.82,167.14,300.86,1289.1,0.516,0.001,-87.13,9.2,1,0.173
2025-10-13,BUY_PE_CPR,82300,82327.05,273.77,492.78,2141.58,-0.455,0.0005,-45.83,9.2,4,0.111
2025-10-14,BUY_PE_CPR,82000,82029.98,239.64,431.34,1868.69,-0.456,0.00058,-52.26,9.3,3,0.07
2025-10-15,BUY_CE_CPR,82600,82605.43,243.15,437.66,1896.75,0.526,0.0007,-63.91,9.2,2,0.119
2025-10-16,BUY_CE_CPR,83500,83467.66,166.61,299.89,1284.82,0.485,0.00091,-94.71,10.1,1,0.16
2025-10-17,BUY_CE_CPR,84000,83952.19,162.81,293.06,1254.47,0.472,0.00089,-96.16,10.2,1,0.21
2025-10-20,BUY_CE_CPR,84400,84363.37,366.92,660.46,2886.36,0.513,0.00045,-52.0,10.1,4,0.208
2025-10-21,BUY_CE_CPR,84400,84426.34,332.02,597.64,2607.3,0.54,0.00054,-56.99,9.7,3,0.05
2025-10-23,BUY_CE_CPR,84600,84556.4,156.04,280.87,1200.32,0.474,0.00093,-91.89,9.6,1,0.039
2025-10-24,BUY_PE_CPR,84200,84211.88,154.88,278.78,1191.05,-0.474,0.00095,-90.94,9.6,1,0.246
2025-10-27,BUY_CE_CPR,84800,84778.84,341.01,613.82,2679.19,0.521,0.00049,-47.89,9.1,4,0.095
2025-10-29,BUY_CE_CPR,85000,84997.13,214.77,386.58,1669.87,0.523,0.00079,-57.99,8.0,2,0.02
2025-10-30,BUY_PE_CPR,84400,84404.46,142.51,256.51,1092.14,-0.479,0.00105,-83.15,8.6,1,0.099
2025-10-31,BUY_PE_CPR,83900,83938.71,128.29,230.93,978.51,-0.444,0.00103,-82.73,8.8,1,0.163
2025-11-03,BUY_PE_CPR,84000,83978.49,288.85,519.93,2262.15,-0.478,0.00052,-45.61,8.8,4,0.294
2025-11-04,BUY_PE_CPR,83500,83459.15,269.86,485.75,2110.35,-0.496,0.00059,-52.71,9.0,3,0.088
2025-11-06,BUY_PE_CPR,83300,83311.01,145.14,261.25,1113.18,-0.473,0.00101,-85.74,9.1,1,0.225
2025-11-07,BUY_PE_CPR,83200,83216.28,141.9,255.42,1087.28,-0.468,0.00101,-85.19,9.0,1,0.185
2025-11-10,BUY_CE_CPR,83500,83535.35,362.23,652.01,2848.83,0.55,0.0005,-46.9,9.0,4,0.148
2025-11-11,BUY_CE_CPR,83900,83871.32,280.07,504.12,2191.93,0.511,0.00059,-52.89,9.0,3,0.047
2025-11-12,BUY_CE_CPR,84500,84466.51,228.24,410.83,1777.59,0.499,0.00069,-64.95,9.2,2,0.269
2025-11-13,BUY_CE_CPR,84500,84478.67,155.52,279.93,1196.17,0.495,0.001,-86.72,9.0,1,0.045
2025-11-14,BUY_CE_CPR,84600,84562.78,142.37,256.27,1091.07,0.478,0.00104,-83.64,8.7,1,0.085
2025-11-17,BUY_CE_CPR,85000,84950.95,289.58,521.25,2268.0,0.508,0.00056,-43.11,8.0,4,0.156
2025-11-18,BUY_PE_CPR,84700,84673.02,235.95,424.71,1839.21,-0.487,0.00065,-48.19,8.0,3,0.131
2025-11-19,BUY_CE_CPR,85200,85186.47,209.75,377.55,1629.74,0.514,0.00079,-58.05,8.0,2,0.1
2025-11-20,BUY_CE_CPR,85600,85632.68,170.42,306.76,1315.34,0.553,0.00109,-80.38,8.1,1,0.238
2025-11-21,BUY_PE_CPR,85200,85231.92,127.17,228.91,969.53,-0.449,0.00106,-81.02,8.4,1,0.103
2025-11-24,BUY_PE_CPR,84900,84900.71,267.69,481.84,2092.99,-0.466,0.00053,-44.12,8.4,4,0.131
2025-11-25,BUY_PE_CPR,84600,84587.01,231.57,416.83,1804.2,-0.478,0.00064,-48.41,8.1,3,0.151
2025-11-26,BUY_CE_CPR,85600,85609.51,259.02,466.24,2023.69,0.528,0.00067,-67.49,9.4,2,0.184
2025-11-28,BUY_PE_CPR,85700,85706.67,145.83,123.95,-266.67,-0.477,0.00101,-85.46,8.7,1,0.035
2025-12-01,BUY_PE_CPR,85600,85641.9,249.99,449.97,1951.43,-0.444,0.00053,-43.78,8.4,4,0.052
2025-12-02,BUY_PE_CPR,85100,85138.27,231.55,416.78,1804.0,-0.449,0.00058,-51.74,8.8,3,0.143
2025-12-03,BUY_PE_CPR,85100,85106.81,191.15,344.07,1481.05,-0.471,0.00076,-59.33,8.3,2,0.129
2025-12-04,BUY_CE_CPR,85300,85265.32,137.29,247.13,1050.46,0.48,0.00108,-80.57,8.2,1,0.07
2025-12-05,BUY_CE_CPR,85700,85712.37,163.54,294.36,1260.27,0.53,0.00106,-82.52,8.3,1,0.036
2025-12-08,BUY_PE_CPR,85100,85102.69,288.36,519.04,2258.2,-0.467,0.0005,-46.87,9.0,4,0.215
2025-12-09,BUY_PE_CPR,84700,84666.28,276.05,496.88,2159.79,-0.492,0.00056,-54.42,9.2,3,0.155
2025-12-10,BUY_PE_CPR,84400,84391.27,210.33,378.6,1634.41,-0.483,0.00072,-62.47,8.9,2,0.001
2025-12-11,BUY_CE_CPR,84800,84818.13,178.36,321.04,1378.75,0.534,0.00098,-88.36,9.1,1,0.217
2025-12-12,BUY_CE_CPR,85300,85267.66,157.78,284.01,1214.26,0.485,0.00096,-90.37,9.3,1,0.226
2025-12-16,BUY_PE_CPR,84700,84679.86,276.78,498.2,2165.62,-0.484,0.00055,-55.52,9.4,3,0.121
2025-12-17,BUY_PE_CPR,84600,84559.65,232.15,417.87,1808.82,-0.506,0.0007,-64.4,9.1,2,0.126
2025-12-18,BUY_PE_CPR,84500,84481.81,156.24,281.23,1201.93,-0.502,0.00103,-84.91,8.8,1,0.073
2025-12-19,BUY_CE_CPR,84900,84929.36,181.21,326.18,1401.58,0.546,0.001,-86.71,8.9,1,0.022
2025-12-22,BUY_CE_CPR,85600,85567.48,346.01,622.82,2719.17,0.516,0.00048,-49.22,9.3,4,0.022
2025-12-23,BUY_CE_CPR,85500,85524.84,318.76,573.77,2501.3,0.541,0.00056,-54.97,9.1,3,0.151
2025-12-24,BUY_PE_CPR,85400,85408.7,182.78,329.0,1414.11,-0.468,0.00079,-57.43,8.0,2,0.001
2025-12-26,BUY_PE_CPR,85000,85041.45,115.51,207.93,876.34,-0.436,0.00111,-76.74,8.0,1,0.103
2025-12-29,BUY_PE_CPR,84700,84695.54,255.83,460.49,1998.15,-0.467,0.00056,-42.34,8.0,4,0.092
2025-12-30,BUY_PE_CPR,84700,84675.08,234.95,422.9,1831.2,-0.485,0.00065,-48.17,8.0,3,0.196
2025-12-31,BUY_CE_CPR,85200,85220.6,231.21,416.17,1801.29,0.541,0.00077,-59.1,8.1,2,0.028
2026-01-01,BUY_CE_CPR,85200,85188.6,146.65,263.96,1125.23,0.505,0.0011,-80.01,8.1,1,0.117
2026-01-02,BUY_CE_CPR,85800,85762.01,142.17,255.9,1089.44,0.477,0.00104,-83.76,8.6,1,0.068
2026-01-05,BUY_PE_CPR,85400,85439.62,253.18,455.72,1976.97,-0.445,0.00052,-44.08,8.4,4,0.251
2026-01-06,BUY_PE_CPR,85100,85063.34,244.95,440.91,1911.19,-0.493,0.00064,-49.06,8.1,3,0.125
2026-01-07,BUY_PE_CPR,85000,84961.14,205.05,369.1,1592.21,-0.506,0.00079,-57.86,8.0,2,0.067
2026-01-08,BUY_PE_CPR,84200,84180.96,153.57,276.43,1180.62,-0.503,0.00105,-83.34,8.6,1,0.091
2026-01-09,BUY_PE_CPR,83600,83576.24,157.74,283.93,1213.94,-0.508,0.00104,-84.2,8.8,1,0.285
2026-01-12,BUY_CE_CPR,83900,83878.17,320.68,577.23,2516.64,0.522,0.00053,-45.36,8.6,4,0.261
2026-01-14,BUY_PE_CPR,83400,83382.71,200.45,360.8,1555.38,-0.489,0.00077,-58.93,8.4,2,0.106
2026-01-16,BUY_CE_CPR,83600,83570.35,140.63,253.13,1077.12,0.485,0.00108,-81.08,8.5,1,0.092
2026-01-19,BUY_PE_CPR,83200,83246.18,248.36,447.05,1938.47,-0.442,0.00053,-43.49,8.6,4,0.18
2026-01-20,BUY_PE_CPR,82200,82180.47,270.31,486.56,2113.94,-0.485,0.00056,-54.17,9.5,3,0.022
2026-01-22,BUY_CE_CPR,82300,82307.37,167.83,302.09,1294.57,0.523,0.00101,-85.8,9.1,1,0.117
2026-01-23,BUY_PE_CPR,81500,81537.7,138.65,249.57,1061.31,-0.448,0.00097,-87.59,9.6,1,0.018
2026-01-28,BUY_CE_CPR,82300,82344.68,289.92,521.86,2270.74,0.548,0.00063,-70.36,10.3,2,0.219
2026-01-29,BUY_CE_CPR,82600,82566.37,171.08,307.94,1320.58,0.484,0.00088,-97.2,10.5,1,0.15
2026-02-04,SELL_PE_CPR,82400,83817.69,40.42,0.29,353.65,-0.083,0.00014,-41.79,17.1,2,0.753
2026-02-05,BUY_PE_CPR,83300,83313.93,285.2,513.36,2232.99,-0.483,0.00053,-156.79,17.2,1,0.227
2026-02-06,BUY_CE_CPR,83600,83580.4,292.8,527.04,2293.73,0.499,0.00054,-154.95,16.9,1,0.123
2026-02-09,BUY_CE_CPR,84100,84065.75,603.31,1085.96,4776.27,0.51,0.00027,-81.32,16.8,4,0.247
2026-02-10,BUY_CE_CPR,84300,84273.92,521.12,938.02,4119.17,0.509,0.00031,-92.8,16.8,3,0.017
2026-02-11,BUY_PE_CPR,84200,84233.64,385.04,693.07,3031.18,-0.473,0.00038,-110.99,16.7,2,0.001
2026-02-12,BUY_PE_CPR,83700,83674.92,300.93,541.68,2358.77,-0.504,0.00054,-155.45,16.9,1,0.04
2026-02-13,BUY_PE_CPR,82600,82626.76,284.68,512.42,2228.79,-0.477,0.00052,-159.32,17.7,1,0.092
