date,type,strike,spot,entry_premium,exit_premium,pnl,delta,gamma,theta,iv,dte
2020-09-24,SELL_CE,36761.13485714285,36553.6,81.27,121.9,-295.39,0.313,0.00087,-73.88,21.2,1
2020-09-24,SELL_CE,36761.13485714285,36553.6,81.27,121.9,-295.39,0.313,0.00087,-73.88,21.2,1
2020-09-24,SELL_CE,36761.13485714285,36553.6,81.27,121.9,-295.39,0.313,0.00087,-73.88,21.2,1
2020-09-28,SELL_PE,37531.71114285714,37981.63,171.87,103.54,634.17,-0.295,0.00038,-41.34,22.9,4
2020-09-28,SELL_PE,37531.71114285714,37981.63,171.87,103.54,634.17,-0.295,0.00038,-41.34,22.9,4
2020-09-29,SELL_PE,37578.5015,37973.22,145.48,77.44,631.54,-0.293,0.00044,-46.75,22.7,3
2020-10-01,SELL_PE,38471.94714285715,38697.05,96.98,145.47,-346.58,-0.312,0.00074,-87.07,23.7,1
2020-10-01,SELL_PE,38471.94714285715,38697.05,96.98,145.47,-346.58,-0.312,0.00074,-87.07,23.7,1
2020-10-01,SELL_PE,38471.94714285715,38697.05,96.98,145.47,-346.58,-0.312,0.00074,-87.07,23.7,1
2020-10-05,SELL_PE,38519.95314285714,38973.7,177.73,107.59,652.15,-0.298,0.00037,-42.46,22.8,4
2020-10-05,SELL_PE,38519.95314285714,38973.7,177.73,107.59,652.15,-0.298,0.00037,-42.46,22.8,4
2020-10-06,SELL_PE,39188.193,39574.57,170.96,94.89,711.65,-0.311,0.00042,-52.05,23.6,3
2020-10-06,SELL_PE,39188.193,39574.57,170.96,94.89,711.65,-0.311,0.00042,-52.05,23.6,3
2020-10-07,SELL_PE,39599.96321428571,39878.95,155.75,233.63,-538.01,-0.334,0.00052,-66.03,23.7,2
2020-10-07,SELL_PE,39599.96321428571,39878.95,155.75,233.63,-538.01,-0.334,0.00052,-66.03,23.7,2
2020-10-07,SELL_PE,39599.96321428571,39878.95,155.75,233.63,-538.01,-0.334,0.00052,-66.03,23.7,2
2020-10-08,SELL_PE,39953.89,40182.67,101.79,0.07,968.84,-0.315,0.00071,-90.56,23.6,1
2020-10-08,SELL_PE,39953.89,40182.67,101.79,0.07,968.84,-0.315,0.00071,-90.56,23.6,1
2020-10-08,SELL_PE,39953.89,40182.67,101.79,0.07,968.84,-0.315,0.00071,-90.56,23.6,1
2020-10-12,SELL_PE,40133.25085714286,40593.8,190.59,116.59,690.64,-0.303,0.00036,-44.82,23.0,4
2020-10-14,SELL_CE,41050.86464285714,40794.74,171.39,77.22,892.53,0.366,0.00055,-67.41,22.8,2
2020-10-15,SELL_PE,39529.97542857143,39728.41,124.1,0.39,1188.56,-0.346,0.0007,-100.37,25.5,1
2020-10-15,SELL_PE,39529.97542857143,39728.41,124.1,0.39,1188.56,-0.346,0.0007,-100.37,25.5,1
2020-10-15,SELL_CE,39926.84457142858,39728.41,130.1,195.15,-454.46,0.362,0.00071,-101.98,25.5,1
2020-10-15,SELL_CE,39926.84457142858,39728.41,130.1,195.15,-454.46,0.362,0.00071,-101.98,25.5,1
2020-10-15,SELL_CE,39926.84457142858,39728.41,130.1,195.15,-454.46,0.362,0.00071,-101.98,25.5,1
2020-10-19,SELL_PE,40019.991428571426,40431.6,244.49,159.0,804.92,-0.336,0.00034,-51.79,25.6,4
2020-10-20,SELL_PE,40193.3905,40544.37,189.07,109.34,747.99,-0.329,0.00042,-54.57,23.5,3
2020-10-21,SELL_PE,40455.83071428571,40707.31,163.42,245.12,-562.98,-0.347,0.00053,-66.7,23.1,2
2020-10-21,SELL_PE,40455.83071428571,40707.31,163.42,245.12,-562.98,-0.347,0.00053,-66.7,23.1,2
2020-10-21,SELL_CE,40958.78928571429,40707.31,175.42,263.13,-602.07,0.37,0.00054,-68.24,23.1,2
2020-10-26,SELL_CE,40563.71828571428,40145.5,147.77,221.65,-787.71,0.308,0.00046,-35.46,18.0,4
2020-10-26,SELL_CE,40563.71828571428,40145.5,147.77,221.65,-787.71,0.308,0.00046,-35.46,18.0,4
2020-10-26,SELL_CE,40563.71828571428,40145.5,147.77,221.65,-787.71,0.308,0.00046,-35.46,18.0,4
2020-10-28,SELL_CE,40198.255,39922.46,116.91,175.36,-411.48,0.323,0.00064,-52.46,18.9,2
2020-10-29,SELL_CE,39984.288857142856,39749.85,70.68,106.01,-260.89,0.286,0.00085,-69.68,19.1,1
2020-10-29,SELL_CE,39984.288857142856,39749.85,70.68,106.01,-260.89,0.286,0.00085,-69.68,19.1,1
2020-11-03,SELL_PE,39825.646499999995,40261.13,90.47,41.27,443.82,-0.236,0.00048,-34.98,17.7,3
2020-11-03,SELL_PE,39825.646499999995,40261.13,90.47,41.27,443.82,-0.236,0.00048,-34.98,17.7,3
2020-11-04,SELL_PE,40312.178928571426,40616.14,90.49,135.73,-325.42,-0.273,0.00062,-46.53,17.8,2
2020-11-04,SELL_PE,40312.178928571426,40616.14,90.49,135.73,-325.42,-0.273,0.00062,-46.53,17.8,2
2020-11-05,SELL_PE,41118.80657142858,41340.16,73.43,110.15,-269.86,-0.286,0.00083,-71.73,18.9,1
2020-11-05,SELL_PE,41118.80657142858,41340.16,73.43,110.15,-269.86,-0.286,0.00083,-71.73,18.9,1
2020-11-05,SELL_PE,41118.80657142858,41340.16,73.43,110.15,-269.86,-0.286,0.00083,-71.73,18.9,1
2020-11-09,SELL_PE,42144.561428571425,42597.43,168.11,100.81,623.96,-0.292,0.00038,-41.11,20.3,4
2020-11-09,SELL_PE,42144.561428571425,42597.43,168.11,100.81,623.96,-0.292,0.00038,-41.11,20.3,4
2020-11-09,SELL_PE,42144.561428571425,42597.43,168.11,100.81,623.96,-0.292,0.00038,-41.11,20.3,4
2020-11-10,SELL_PE,42883.6265,43277.65,160.15,240.22,-849.74,-0.302,0.00042,-50.29,21.0,3
2020-11-10,SELL_PE,42883.6265,43277.65,160.15,240.22,-849.74,-0.302,0.00042,-50.29,21.0,3
2020-11-10,SELL_PE,42883.6265,43277.65,160.15,240.22,-849.74,-0.302,0.00042,-50.29,21.0,3
2020-11-11,SELL_PE,43318.26714285714,43593.67,149.47,224.2,-517.54,-0.331,0.00053,-64.24,21.1,2
2020-11-11,SELL_PE,43318.26714285714,43593.67,149.47,224.2,-517.54,-0.331,0.00053,-64.24,21.1,2
2020-11-11,SELL_PE,43318.26714285714,43593.67,149.47,224.2,-517.54,-0.331,0.00053,-64.24,21.1,2
2020-11-17,SELL_PE,43570.5135,43952.71,114.08,57.78,514.5,-0.272,0.00049,-39.7,17.0,3
2020-11-17,SELL_PE,43570.5135,43952.71,114.08,57.78,514.5,-0.272,0.00049,-39.7,17.0,3
2020-11-19,SELL_CE,43804.51,43599.96,86.07,129.1,-311.03,0.32,0.00086,-76.83,18.2,1
2020-11-19,SELL_CE,43804.51,43599.96,86.07,129.1,-311.03,0.32,0.00086,-76.83,18.2,1
2020-11-19,SELL_CE,43804.51,43599.96,86.07,129.1,-311.03,0.32,0.00086,-76.83,18.2,1
2020-11-23,SELL_PE,43674.24028571429,44077.15,136.66,80.63,511.57,-0.283,0.00044,-34.83,16.7,4
2020-11-24,SELL_PE,44164.3745,44523.02,119.48,62.28,523.51,-0.282,0.0005,-40.33,16.7,3
2020-11-24,SELL_PE,44164.3745,44523.02,119.48,62.28,523.51,-0.282,0.0005,-40.33,16.7,3
2020-11-25,SELL_PE,43581.30071428571,43828.1,111.7,46.15,607.03,-0.314,0.00065,-51.1,16.9,2
2020-11-25,SELL_PE,43581.30071428571,43828.1,111.7,46.15,607.03,-0.314,0.00065,-51.1,16.9,2
2020-11-25,SELL_CE,44074.89928571429,43828.1,123.0,184.5,-431.34,0.339,0.00067,-52.86,16.9,2
2020-11-25,SELL_CE,44074.89928571429,43828.1,123.0,184.5,-431.34,0.339,0.00067,-52.86,16.9,2
2020-11-25,SELL_CE,44074.89928571429,43828.1,123.0,184.5,-431.34,0.339,0.00067,-52.86,16.9,2
2020-11-26,SELL_CE,44477.94114285714,44259.74,70.76,0.05,659.14,0.294,0.0009,-68.43,16.6,1
2020-11-26,SELL_CE,44477.94114285714,44259.74,70.76,0.05,659.14,0.294,0.0009,-68.43,16.6,1
2020-12-01,SELL_PE,44261.692,44655.44,109.1,163.65,-593.93,-0.264,0.00049,-38.87,16.6,3
2020-12-03,SELL_PE,44414.001142857145,44632.65,66.96,0.05,621.11,-0.278,0.00086,-67.34,16.6,1
2020-12-03,SELL_PE,44414.001142857145,44632.65,66.96,0.05,621.11,-0.278,0.00086,-67.34,16.6,1
2020-12-07,SELL_PE,44989.74828571429,45426.97,115.14,64.35,459.41,-0.258,0.00044,-31.78,15.5,4
2020-12-08,SELL_PE,45218.976500000004,45608.51,85.91,40.06,410.33,-0.242,0.00052,-33.1,14.5,3
2020-12-09,SELL_PE,45827.22178571429,46103.5,76.74,115.11,-280.64,-0.266,0.00069,-40.93,13.8,2
2020-12-09,SELL_PE,45827.22178571429,46103.5,76.74,115.11,-280.64,-0.266,0.00069,-40.93,13.8,2
2020-12-09,SELL_PE,45827.22178571429,46103.5,76.74,115.11,-280.64,-0.266,0.00069,-40.93,13.8,2
2020-12-10,SELL_CE,46179.256285714284,45959.88,54.24,0.05,494.13,0.266,0.00098,-57.28,14.0,1
2020-12-16,SELL_PE,46401.44142857143,46666.46,79.32,28.2,463.2,-0.273,0.00071,-41.43,13.6,2
2020-12-16,SELL_PE,46401.44142857143,46666.46,79.32,28.2,463.2,-0.273,0.00071,-41.43,13.6,2
2020-12-16,SELL_PE,46401.44142857143,46666.46,79.32,28.2,463.2,-0.273,0.00071,-41.43,13.6,2
2020-12-17,SELL_PE,46700.17171428571,46890.34,56.81,85.22,-215.73,-0.275,0.001,-58.11,13.6,1
2020-12-17,SELL_PE,46700.17171428571,46890.34,56.81,85.22,-215.73,-0.275,0.001,-58.11,13.6,1
2020-12-17,SELL_PE,46700.17171428571,46890.34,56.81,85.22,-215.73,-0.275,0.001,-58.11,13.6,1
2020-12-21,SELL_CE,45909.69257142857,45553.96,208.64,312.96,-1092.74,0.359,0.00043,-43.28,18.1,4
2020-12-21,SELL_CE,45909.69257142857,45553.96,208.64,312.96,-1092.74,0.359,0.00043,-43.28,18.1,4
2020-12-21,SELL_CE,45909.69257142857,45553.96,208.64,312.96,-1092.74,0.359,0.00043,-43.28,18.1,4
2020-12-23,SELL_PE,46152.98142857143,46444.18,126.75,190.12,-443.53,-0.31,0.00056,-58.31,18.4,2
2020-12-23,SELL_PE,46152.98142857143,46444.18,126.75,190.12,-443.53,-0.31,0.00056,-58.31,18.4,2
2020-12-23,SELL_PE,46152.98142857143,46444.18,126.75,190.12,-443.53,-0.31,0.00056,-58.31,18.4,2
2020-12-24,SELL_PE,46734.506,46973.54,71.37,107.06,-263.17,-0.275,0.0008,-72.25,17.0,1
2020-12-24,SELL_PE,46734.506,46973.54,71.37,107.06,-263.17,-0.275,0.0008,-72.25,17.0,1
2020-12-24,SELL_PE,46734.506,46973.54,71.37,107.06,-263.17,-0.275,0.0008,-72.25,17.0,1
2020-12-28,SELL_PE,46873.852857142854,47353.75,137.52,78.24,543.99,-0.266,0.00039,-36.74,16.9,4
2020-12-29,SELL_PE,47201.9685,47613.08,120.36,60.67,548.41,-0.27,0.00046,-42.17,16.8,3
2020-12-31,SELL_PE,47515.75228571429,47751.33,69.36,0.05,645.12,-0.274,0.00081,-70.62,16.4,1
2021-01-04,SELL_PE,47731.78457142857,48176.8,139.14,208.7,-744.45,-0.275,0.00041,-36.39,16.2,4
2021-01-05,SELL_PE,48038.182,48437.78,117.86,176.78,-637.8,-0.27,0.00047,-41.33,16.1,3
2021-01-06,SELL_PE,47885.981785714284,48174.06,112.05,168.07,-395.66,-0.299,0.00059,-53.57,16.5,2
2021-01-11,SELL_PE,48768.492,49269.32,143.41,81.58,569.49,-0.266,0.00037,-38.32,17.0,4
2021-01-12,SELL_PE,49168.1455,49517.11,151.82,227.73,-808.01,-0.308,0.00046,-47.48,17.0,3
2021-01-13,SELL_PE,49260.14607142857,49492.32,143.02,214.53,-496.54,-0.342,0.00059,-60.27,17.0,2
2021-01-13,SELL_PE,49260.14607142857,49492.32,143.02,214.53,-496.54,-0.342,0.00059,-60.27,17.0,2
2021-01-18,SELL_CE,48974.39914285714,48564.27,217.66,326.5,-1137.97,0.349,0.00039,-46.38,18.5,4
2021-01-19,SELL_PE,49021.1465,49398.29,90.24,135.36,-499.43,-0.249,0.00053,-34.13,13.5,3
2021-01-19,SELL_PE,49021.1465,49398.29,90.24,135.36,-499.43,-0.249,0.00053,-34.13,13.5,3
2021-01-20,SELL_PE,49513.987857142856,49792.12,82.44,123.66,-299.2,-0.272,0.00067,-43.25,13.4,2
2021-01-20,SELL_PE,49513.987857142856,49792.12,82.44,123.66,-299.2,-0.272,0.00067,-43.25,13.4,2
2021-01-21,SELL_PE,49396.37171428571,49624.76,51.49,0.05,466.66,-0.247,0.0009,-57.37,13.5,1
2021-01-21,SELL_PE,49396.37171428571,49624.76,51.49,0.05,466.66,-0.247,0.0009,-57.37,13.5,1
2021-01-25,SELL_CE,48849.78028571428,48347.59,135.98,203.98,-728.65,0.28,0.00043,-35.61,15.6,4
2021-01-25,SELL_CE,48849.78028571428,48347.59,135.98,203.98,-728.65,0.28,0.00043,-35.61,15.6,4
2021-01-27,SELL_CE,47738.27642857143,47409.93,121.71,182.57,-427.14,0.31,0.00057,-56.94,17.6,2
2021-01-27,SELL_CE,47738.27642857143,47409.93,121.71,182.57,-427.14,0.31,0.00057,-56.94,17.6,2
2021-01-28,SELL_CE,47147.46942857143,46874.36,75.68,113.53,-277.21,0.278,0.00076,-76.67,18.1,1
2021-01-28,SELL_CE,47147.46942857143,46874.36,75.68,113.53,-277.21,0.278,0.00076,-76.67,18.1,1
2021-02-01,SELL_PE,48002.53342857143,48600.61,300.21,450.32,-1551.64,-0.321,0.00025,-66.15,27.8,4
2021-02-01,SELL_PE,48002.53342857143,48600.61,300.21,450.32,-1551.64,-0.321,0.00025,-66.15,27.8,4
2021-02-02,SELL_PE,49175.236000000004,49797.72,263.4,144.48,1139.07,-0.306,0.00026,-80.3,29.4,3
2021-02-02,SELL_PE,49175.236000000004,49797.72,263.4,144.48,1139.07,-0.306,0.00026,-80.3,29.4,3
2021-02-03,SELL_PE,49794.27392857143,50255.75,237.13,355.69,-803.07,-0.326,0.00033,-101.81,29.5,2
2021-02-03,SELL_PE,49794.27392857143,50255.75,237.13,355.69,-803.07,-0.326,0.00033,-101.81,29.5,2
2021-02-04,SELL_PE,50236.84714285714,50614.29,153.77,230.66,-531.57,-0.306,0.00045,-139.4,29.4,1
2021-02-08,SELL_PE,50598.06085714285,51348.77,305.46,185.98,1144.18,-0.301,0.00022,-71.15,29.2,4
2021-02-09,SELL_PE,50689.287000000004,51329.08,266.88,145.93,1159.38,-0.305,0.00026,-81.73,29.0,3
2021-02-10,SELL_CE,51764.513928571425,51309.39,257.23,110.55,1416.71,0.351,0.00034,-105.3,29.0,2
2021-02-15,SELL_PE,51453.64314285714,52154.13,321.04,199.83,1161.38,-0.313,0.00023,-72.39,28.7,4
2021-02-16,SELL_PE,51523.18,52104.17,280.03,158.07,1169.24,-0.319,0.00027,-82.47,28.3,3
2021-02-17,SELL_CE,52102.23357142857,51703.83,265.61,119.84,1407.51,0.366,0.00035,-104.09,28.0,2
2021-02-18,SELL_CE,51638.792,51324.69,174.27,261.41,-598.34,0.347,0.00049,-142.69,28.2,1
2021-02-18,SELL_CE,51638.792,51324.69,174.27,261.41,-598.34,0.347,0.00049,-142.69,28.2,1
2021-02-22,SELL_CE,50254.352,49744.32,403.73,605.59,-2070.39,0.384,0.00025,-76.24,29.3,4
2021-02-22,SELL_CE,50254.352,49744.32,403.73,605.59,-2070.39,0.384,0.00025,-76.24,29.3,4
2021-02-24,SELL_PE,50460.62035714286,50781.69,276.18,414.27,-930.28,-0.371,0.00035,-104.23,28.4,2
2021-02-24,SELL_PE,50460.62035714286,50781.69,276.18,414.27,-930.28,-0.371,0.00035,-104.23,28.4,2
2021-02-25,SELL_PE,50768.987714285715,51039.31,175.29,0.62,1697.52,-0.35,0.0005,-140.07,27.7,1
2021-02-25,SELL_PE,50768.987714285715,51039.31,175.29,0.62,1697.52,-0.35,0.0005,-140.07,27.7,1
2021-03-02,SELL_PE,49774.0495,50296.89,220.34,120.93,944.42,-0.306,0.00032,-67.88,24.4,3
2021-03-03,SELL_PE,51072.404642857146,51444.65,226.26,339.39,-767.67,-0.342,0.00037,-93.42,25.8,2
2021-03-03,SELL_PE,51072.404642857146,51444.65,226.26,339.39,-767.67,-0.342,0.00037,-93.42,25.8,2
2021-03-10,SELL_PE,50858.010714285716,51279.51,217.39,93.08,1193.43,-0.327,0.00036,-93.66,26.5,2
2021-03-15,SELL_CE,51077.42,50395.08,302.9,184.55,1132.84,0.33,0.00026,-67.02,26.8,4
2021-03-15,SELL_CE,51077.42,50395.08,302.9,184.55,1132.84,0.33,0.00026,-67.02,26.8,4
2021-03-17,SELL_CE,50212.658571428576,49801.62,226.31,339.47,-767.84,0.348,0.00038,-93.48,26.5,2
2021-03-17,SELL_CE,50212.658571428576,49801.62,226.31,339.47,-767.84,0.348,0.00038,-93.48,26.5,2
2021-03-18,SELL_CE,49534.21028571428,49216.52,148.37,222.55,-513.95,0.33,0.00053,-127.62,26.7,1
2021-03-18,SELL_CE,49534.21028571428,49216.52,148.37,222.55,-513.95,0.33,0.00053,-127.62,26.7,1
2021-03-23,SELL_PE,49454.170000000006,50051.44,215.3,113.85,964.85,-0.291,0.00029,-69.17,25.7,3
2021-03-24,SELL_CE,49605.86107142857,49180.31,218.69,328.04,-743.02,0.342,0.00038,-92.08,26.7,2
2021-03-24,SELL_CE,49605.86107142857,49180.31,218.69,328.04,-743.02,0.342,0.00038,-92.08,26.7,2
2021-03-25,SELL_CE,48772.19485714286,48440.12,130.34,195.51,-455.23,0.313,0.00054,-118.03,25.7,1
2021-03-25,SELL_CE,48772.19485714286,48440.12,130.34,195.51,-455.23,0.313,0.00054,-118.03,25.7,1
2021-03-30,SELL_PE,49550.245500000005,50136.58,176.15,264.23,-929.95,-0.273,0.00032,-60.07,22.9,3
2021-03-30,SELL_PE,49550.245500000005,50136.58,176.15,264.23,-929.95,-0.273,0.00032,-60.07,22.9,3
2021-04-05,SELL_CE,49851.91314285714,49159.32,192.49,288.73,-1011.81,0.282,0.0003,-49.36,21.6,4
2021-04-05,SELL_CE,49851.91314285714,49159.32,192.49,288.73,-1011.81,0.282,0.0003,-49.36,21.6,4
2021-04-07,SELL_PE,49236.93714285715,49661.76,140.48,210.73,-488.28,-0.284,0.00043,-69.35,21.5,2
2021-04-08,SELL_PE,49399.56057142857,49746.21,88.26,0.05,833.94,-0.26,0.00058,-92.96,21.5,1
2021-04-12,SELL_CE,48508.44514285714,47883.38,256.85,385.27,-1334.33,0.322,0.00029,-58.27,24.7,4
2021-04-12,SELL_CE,48508.44514285714,47883.38,256.85,385.27,-1334.33,0.322,0.00029,-58.27,24.7,4
2021-04-15,SELL_PE,48488.264,48803.68,129.29,193.94,-451.83,-0.307,0.00054,-117.46,25.6,1
2021-04-15,SELL_PE,48488.264,48803.68,129.29,193.94,-451.83,-0.307,0.00054,-117.46,25.6,1
2021-04-19,SELL_CE,48576.56,47949.42,283.84,173.55,1052.49,0.332,0.00028,-62.5,26.2,4
2021-04-19,SELL_CE,48576.56,47949.42,283.84,173.55,1052.49,0.332,0.00028,-62.5,26.2,4
2021-04-20,SELL_PE,47174.728500000005,47705.8,220.5,120.55,949.86,-0.305,0.00031,-68.0,25.9,3
2021-04-20,SELL_PE,47174.728500000005,47705.8,220.5,120.55,949.86,-0.305,0.00031,-68.0,25.9,3
2021-04-22,SELL_CE,48398.57057142857,48080.67,131.12,0.05,1262.01,0.318,0.00056,-117.02,25.5,1
2021-04-26,SELL_PE,47751.28542857143,48386.51,251.09,152.14,939.46,-0.299,0.00027,-59.37,25.8,4
2021-04-27,SELL_PE,48393.229,48944.14,216.87,117.13,947.73,-0.299,0.00031,-67.97,25.4,3
2021-04-28,SELL_PE,49370.26571428571,49733.84,211.66,317.49,-720.13,-0.338,0.00039,-88.45,25.4,2
2021-04-28,SELL_PE,49370.26571428571,49733.84,211.66,317.49,-720.13,-0.338,0.00039,-88.45,25.4,2
2021-04-29,SELL_PE,49472.53971428572,49765.94,135.5,0.11,1305.14,-0.318,0.00055,-119.07,25.0,1
2021-04-29,SELL_PE,49472.53971428572,49765.94,135.5,0.11,1305.14,-0.318,0.00055,-119.07,25.0,1
2021-05-03,SELL_CE,49326.37371428571,48718.52,257.2,155.16,970.34,0.325,0.00029,-57.9,24.0,4
2021-05-03,SELL_CE,49326.37371428571,48718.52,257.2,155.16,970.34,0.325,0.00029,-57.9,24.0,4
2021-05-06,SELL_PE,48656.99257142857,48949.76,116.01,174.02,-408.56,-0.304,0.00059,-106.76,23.2,1
2021-05-06,SELL_PE,48656.99257142857,48949.76,116.01,174.02,-408.56,-0.304,0.00059,-106.76,23.2,1
2021-05-11,SELL_CE,49626.825,49161.81,232.74,129.91,978.45,0.341,0.00035,-66.35,23.3,3
2021-05-11,SELL_CE,49626.825,49161.81,232.74,129.91,978.45,0.341,0.00035,-66.35,23.3,3
2021-05-12,SELL_CE,48997.1125,48690.8,146.37,219.55,-507.44,0.335,0.00055,-63.49,18.5,2
2021-05-12,SELL_CE,48997.1125,48690.8,146.37,219.55,-507.44,0.335,0.00055,-63.49,18.5,2
2021-05-17,SELL_PE,49118.54085714286,49580.73,189.44,284.15,-996.51,-0.301,0.00036,-45.32,18.9,4
2021-05-17,SELL_PE,49118.54085714286,49580.73,189.44,284.15,-996.51,-0.301,0.00036,-45.32,18.9,4
2021-05-18,SELL_PE,49779.437000000005,50193.33,173.98,95.66,734.04,-0.305,0.0004,-54.4,19.4,3
2021-05-18,SELL_PE,49779.437000000005,50193.33,173.98,95.66,734.04,-0.305,0.0004,-54.4,19.4,3
2021-05-19,SELL_CE,50189.146428571425,49902.64,150.56,225.83,-521.09,0.344,0.00056,-63.64,17.8,2
2021-05-20,SELL_CE,49785.85857142857,49564.86,99.07,148.6,-353.37,0.326,0.00077,-86.84,18.0,1
2021-05-20,SELL_CE,49785.85857142857,49564.86,99.07,148.6,-353.37,0.326,0.00077,-86.84,18.0,1
2021-05-24,SELL_PE,50229.92228571429,50651.9,212.2,134.61,726.29,-0.32,0.00036,-47.99,19.0,4
2021-05-26,SELL_PE,50782.481785714284,51017.52,169.12,253.68,-581.56,-0.355,0.00053,-68.19,18.5,2
2021-05-27,SELL_PE,50928.22485714286,51115.22,104.28,156.41,-370.34,-0.335,0.00078,-88.26,17.5,1
2021-05-27,SELL_PE,50928.22485714286,51115.22,104.28,156.41,-370.34,-0.335,0.00078,-88.26,17.5,1
2021-05-31,SELL_PE,51570.112,51937.44,165.19,247.78,-875.0,-0.309,0.00043,-39.28,15.2,4
2021-05-31,SELL_PE,51570.112,51937.44,165.19,247.78,-875.0,-0.309,0.00043,-39.28,15.2,4
2021-06-01,SELL_PE,51582.075,51934.88,132.93,71.52,565.46,-0.294,0.00048,-43.67,15.1,3
2021-06-02,SELL_CE,52105.17928571429,51849.48,120.85,48.39,676.02,0.335,0.00066,-53.03,14.3,2
2021-06-02,SELL_CE,52105.17928571429,51849.48,120.85,48.39,676.02,0.335,0.00066,-53.03,14.3,2
2021-06-03,SELL_PE,52032.36257142857,52232.43,72.07,108.1,-265.42,-0.293,0.00089,-69.62,14.2,1
2021-06-03,SELL_PE,52032.36257142857,52232.43,72.07,108.1,-265.42,-0.293,0.00089,-69.62,14.2,1
2021-06-09,SELL_CE,52172.30357142857,51941.64,130.61,195.92,-456.12,0.353,0.00067,-54.48,14.4,2
2021-06-09,SELL_CE,52172.30357142857,51941.64,130.61,195.92,-456.12,0.353,0.00067,-54.48,14.4,2
2021-06-14,SELL_CE,52898.784857142855,52551.53,138.44,80.89,526.76,0.323,0.00054,-32.71,12.0,4
2021-06-14,SELL_CE,52898.784857142855,52551.53,138.44,80.89,526.76,0.323,0.00054,-32.71,12.0,4
2021-06-15,SELL_PE,52460.822,52773.05,87.4,43.86,387.15,-0.263,0.0006,-32.09,11.4,3
2021-06-15,SELL_PE,52460.822,52773.05,87.4,43.86,387.15,-0.263,0.0006,-32.09,11.4,3
2021-06-16,SELL_CE,52715.930714285714,52501.98,94.73,142.09,-339.24,0.33,0.00083,-42.78,11.3,2
2021-06-16,SELL_CE,52715.930714285714,52501.98,94.73,142.09,-339.24,0.33,0.00083,-42.78,11.3,2
2021-06-17,SELL_CE,52494.476285714285,52323.33,55.17,82.75,-210.37,0.295,0.00116,-54.08,10.9,1
2021-06-17,SELL_CE,52494.476285714285,52323.33,55.17,82.75,-210.37,0.295,0.00116,-54.08,10.9,1
2021-06-22,SELL_PE,52247.505,52588.71,35.88,13.23,178.85,-0.171,0.00065,-18.15,8.2,3
2021-06-22,SELL_PE,52247.505,52588.71,35.88,13.23,178.85,-0.171,0.00065,-18.15,8.2,3
2021-06-23,SELL_CE,52552.41285714286,52306.08,46.06,69.08,-180.7,0.242,0.00097,-27.48,8.3,2
2021-06-23,SELL_CE,52552.41285714286,52306.08,46.06,69.08,-180.7,0.242,0.00097,-27.48,8.3,2
2021-06-29,SELL_CE,52920.376000000004,52549.66,41.13,14.01,223.52,0.192,0.0007,-19.53,8.2,3
2021-07-01,SELL_CE,52520.37057142857,52318.6,23.0,34.5,-105.6,0.191,0.00124,-31.59,8.0,1
2021-07-01,SELL_CE,52520.37057142857,52318.6,23.0,34.5,-105.6,0.191,0.00124,-31.59,8.0,1
2021-07-05,SELL_PE,52487.85771428572,52880.0,40.73,17.88,180.86,-0.169,0.00056,-15.79,8.2,4
2021-07-06,SELL_PE,52512.2255,52861.18,34.24,12.3,171.79,-0.165,0.00064,-17.69,8.1,3
2021-07-08,SELL_CE,52762.76342857143,52568.94,27.12,40.69,-119.03,0.21,0.00126,-34.87,8.3,1
2021-07-08,SELL_CE,52762.76342857143,52568.94,27.12,40.69,-119.03,0.21,0.00126,-34.87,8.3,1
2021-07-14,SELL_PE,52708.35785714286,52904.05,51.54,77.32,-198.57,-0.257,0.00097,-29.17,8.5,2
2021-07-14,SELL_PE,52708.35785714286,52904.05,51.54,77.32,-198.57,-0.257,0.00097,-29.17,8.5,2
2021-07-15,SELL_PE,53004.554,53158.85,33.98,50.96,-141.35,-0.243,0.00133,-39.24,8.5,1
2021-07-15,SELL_PE,53004.554,53158.85,33.98,50.96,-141.35,-0.243,0.00133,-39.24,8.5,1
2021-07-19,SELL_CE,52850.54057142857,52553.4,106.59,59.55,422.04,0.314,0.00067,-26.37,9.6,4
2021-07-19,SELL_CE,52850.54057142857,52553.4,106.59,59.55,422.04,0.314,0.00067,-26.37,9.6,4
2021-07-20,SELL_CE,52462.3395,52198.51,94.2,141.29,-519.24,0.311,0.00075,-30.74,10.0,3
2021-07-20,SELL_CE,52462.3395,52198.51,94.2,141.29,-519.24,0.311,0.00075,-30.74,10.0,3
2021-07-22,SELL_PE,52685.75771428571,52837.21,57.1,85.66,-216.69,-0.297,0.00114,-55.3,11.0,1
2021-07-22,SELL_PE,52685.75771428571,52837.21,57.1,85.66,-216.69,-0.297,0.00114,-55.3,11.0,1
2021-07-27,SELL_CE,52851.512500000004,52578.76,103.24,154.86,-564.58,0.317,0.0007,-32.99,10.6,3
2021-07-27,SELL_CE,52851.512500000004,52578.76,103.24,154.86,-564.58,0.317,0.0007,-32.99,10.6,3
2021-07-28,SELL_CE,52648.045,52443.71,87.69,131.54,-316.33,0.327,0.00088,-40.08,10.6,2
2021-07-28,SELL_CE,52648.045,52443.71,87.69,131.54,-316.33,0.327,0.00088,-40.08,10.6,2
2021-07-29,SELL_PE,52474.82171428572,52653.07,46.62,0.05,417.93,-0.261,0.0011,-50.31,10.7,1
2021-08-03,SELL_PE,53547.3585,53823.36,118.43,177.65,-640.69,-0.305,0.00058,-38.26,12.4,3
2021-08-03,SELL_PE,53547.3585,53823.36,118.43,177.65,-640.69,-0.305,0.00058,-38.26,12.4,3
2021-08-04,SELL_PE,54153.39571428571,54369.77,110.43,165.64,-390.38,-0.323,0.00069,-49.91,12.9,2
2021-08-04,SELL_PE,54153.39571428571,54369.77,110.43,165.64,-390.38,-0.323,0.00069,-49.91,12.9,2
2021-08-05,SELL_PE,54317.88371428571,54492.84,72.45,108.67,-266.66,-0.307,0.00095,-67.62,12.9,1
2021-08-05,SELL_PE,54317.88371428571,54492.84,72.45,108.67,-266.66,-0.307,0.00095,-67.62,12.9,1
2021-08-10,SELL_PE,54231.31800000001,54554.66,102.13,52.83,444.59,-0.276,0.00056,-36.0,12.1,3
2021-08-11,SELL_CE,54757.580357142855,54525.93,104.27,156.41,-370.33,0.331,0.00076,-46.75,11.9,2
2021-08-12,SELL_PE,54653.07371428572,54843.98,59.74,89.62,-225.29,-0.279,0.00097,-60.7,12.0,1
2021-08-17,SELL_PE,55460.82199999999,55792.27,87.31,130.96,-484.73,-0.257,0.00058,-32.71,11.1,3
2021-08-18,SELL_PE,55407.11892857143,55629.49,78.66,30.13,437.15,-0.288,0.00078,-40.01,10.6,2
2021-08-18,SELL_PE,55407.11892857143,55629.49,78.66,30.13,437.15,-0.288,0.00078,-40.01,10.6,2
2021-08-23,SELL_PE,55169.09628571429,55555.79,85.5,46.0,346.84,-0.239,0.00051,-25.86,10.4,4
2021-08-24,SELL_PE,55602.713500000005,55958.98,70.83,106.24,-402.14,-0.23,0.00058,-28.99,10.4,3
2021-08-25,SELL_PE,55700.921428571426,55944.21,64.4,21.98,376.3,-0.259,0.00079,-35.81,9.9,2
2021-08-30,SELL_PE,56516.06114285714,56889.76,91.92,137.88,-507.83,-0.249,0.00051,-26.98,10.4,4
2021-08-30,SELL_PE,56516.06114285714,56889.76,91.92,137.88,-507.83,-0.249,0.00051,-26.98,10.4,4
2021-08-31,SELL_PE,57216.006,57552.39,86.24,129.36,-479.38,-0.255,0.00057,-32.66,10.8,3
2021-08-31,SELL_PE,57216.006,57552.39,86.24,129.36,-479.38,-0.255,0.00057,-32.66,10.8,3
2021-09-01,SELL_PE,57087.39035714285,57338.21,64.98,21.97,382.12,-0.257,0.00077,-36.38,9.9,2
2021-09-01,SELL_PE,57087.39035714285,57338.21,64.98,21.97,382.12,-0.257,0.00077,-36.38,9.9,2
2021-09-06,SELL_PE,57885.38028571429,58296.91,66.96,33.51,286.6,-0.209,0.00051,-22.45,9.2,4
2021-09-07,SELL_CE,58635.36,58279.48,76.68,33.54,383.37,0.258,0.00065,-29.33,9.4,3
2021-09-14,SELL_PE,57917.513,58247.09,61.49,27.59,291.06,-0.223,0.00063,-26.04,9.0,3
2021-09-15,SELL_PE,58495.57535714286,58723.2,66.65,99.97,-247.78,-0.268,0.00081,-36.22,9.3,2
2021-09-15,SELL_PE,58495.57535714286,58723.2,66.65,99.97,-247.78,-0.268,0.00081,-36.22,9.3,2
2021-09-16,SELL_PE,58953.17257142858,59141.16,43.53,65.3,-172.47,-0.248,0.00108,-49.12,9.5,1
2021-09-16,SELL_PE,58953.17257142858,59141.16,43.53,65.3,-172.47,-0.248,0.00108,-49.12,9.5,1
2021-09-20,SELL_CE,58901.116285714284,58490.93,104.56,156.84,-571.16,0.277,0.00054,-28.61,10.0,4
2021-09-20,SELL_CE,58901.116285714284,58490.93,104.56,156.84,-571.16,0.277,0.00054,-28.61,10.0,4
2021-09-23,SELL_PE,59683.252,59885.36,62.61,93.92,-234.62,-0.278,0.00092,-63.94,11.6,1
2021-09-23,SELL_PE,59683.252,59885.36,62.61,93.92,-234.62,-0.278,0.00092,-63.94,11.6,1
2021-09-28,SELL_CE,60035.03,59667.6,115.26,172.89,-624.79,0.296,0.00056,-38.8,11.4,3
2021-09-28,SELL_CE,60035.03,59667.6,115.26,172.89,-624.79,0.296,0.00056,-38.8,11.4,3
2021-09-30,SELL_CE,59359.56857142857,59126.36,54.1,81.14,-206.89,0.26,0.00094,-58.67,11.1,1
2021-10-04,SELL_PE,58818.20057142857,59299.32,95.05,49.8,404.3,-0.229,0.00042,-29.38,11.5,4
2021-10-04,SELL_PE,58818.20057142857,59299.32,95.05,49.8,404.3,-0.229,0.00042,-29.38,11.5,4
2021-10-05,SELL_PE,59307.481499999994,59744.88,84.74,127.11,-471.86,-0.228,0.00047,-34.53,11.8,3
2021-10-06,SELL_PE,58872.031428571434,59189.73,89.39,31.04,535.31,-0.266,0.0006,-47.85,12.5,2
2021-10-11,SELL_PE,59661.709142857144,60135.78,128.75,72.67,512.21,-0.26,0.0004,-35.82,12.9,4
2021-10-13,SELL_PE,60442.218928571434,60737.05,106.05,40.62,605.91,-0.29,0.00059,-52.77,12.9,2
2021-10-13,SELL_PE,60442.218928571434,60737.05,106.05,40.62,605.91,-0.29,0.00059,-52.77,12.9,2
2021-10-14,SELL_PE,61079.50685714286,61305.95,74.59,111.89,-273.65,-0.284,0.00081,-74.29,13.1,1
2021-10-14,SELL_PE,61079.50685714286,61305.95,74.59,111.89,-273.65,-0.284,0.00081,-74.29,13.1,1
2021-10-18,SELL_PE,61313.346,61765.59,146.48,85.88,557.16,-0.277,0.00039,-38.69,13.2,4
2021-10-18,SELL_PE,61313.346,61765.59,146.48,85.88,557.16,-0.277,0.00039,-38.69,13.2,4
2021-10-19,SELL_PE,61329.672000000006,61716.05,114.35,58.14,513.64,-0.269,0.00048,-40.99,12.3,3
2021-10-20,SELL_CE,61514.809642857144,61259.96,132.31,198.46,-461.65,0.345,0.00064,-56.81,12.7,2
2021-10-20,SELL_CE,61514.809642857144,61259.96,132.31,198.46,-461.65,0.345,0.00064,-56.81,12.7,2
2021-10-21,SELL_CE,61133.20314285714,60923.5,84.89,127.34,-307.2,0.317,0.00086,-77.29,13.0,1
2021-10-21,SELL_CE,61133.20314285714,60923.5,84.89,127.34,-307.2,0.317,0.00086,-77.29,13.0,1
2021-10-28,SELL_CE,60229.96228571428,59984.7,82.05,123.08,-297.95,0.298,0.00079,-78.94,13.9,1
2021-10-28,SELL_CE,60229.96228571428,59984.7,82.05,123.08,-297.95,0.298,0.00079,-78.94,13.9,1
2021-11-03,SELL_CE,60147.82142857143,59771.92,122.82,184.23,-430.75,0.297,0.00053,-60.02,14.9,2
2021-11-03,SELL_CE,60147.82142857143,59771.92,122.82,184.23,-430.75,0.297,0.00053,-60.02,14.9,2
2021-11-08,SELL_PE,59930.094000000005,60545.61,123.97,185.96,-668.44,-0.232,0.00033,-37.26,14.4,4
2021-11-10,SELL_CE,60748.13321428571,60352.82,109.85,35.53,694.75,0.281,0.00053,-56.5,14.2,2
2021-11-11,SELL_CE,60229.31142857143,59919.69,70.08,105.12,-258.95,0.257,0.00071,-76.01,14.5,1
2021-11-11,SELL_CE,60229.31142857143,59919.69,70.08,105.12,-258.95,0.257,0.00071,-76.01,14.5,1
2021-11-16,SELL_CE,60807.663,60322.37,138.74,66.89,669.78,0.285,0.00043,-47.52,14.4,3
2021-11-17,SELL_CE,60351.2825,60008.33,127.59,191.38,-446.27,0.311,0.00055,-60.02,14.5,2
2021-11-18,SELL_CE,59907.35428571429,59636.01,78.47,117.71,-286.28,0.282,0.00075,-78.87,14.4,1
2021-11-18,SELL_CE,59907.35428571429,59636.01,78.47,117.71,-286.28,0.282,0.00075,-78.87,14.4,1
2021-11-22,SELL_CE,58979.87,58465.89,204.6,306.9,-1072.5,0.321,0.00036,-47.61,16.2,4
2021-11-23,SELL_CE,59150.213,58664.33,166.95,84.84,772.07,0.304,0.0004,-53.78,16.3,3
2021-11-29,SELL_CE,57904.42285714286,57260.58,211.88,121.05,858.77,0.3,0.00031,-51.86,18.7,4
2021-11-30,SELL_PE,56480.827000000005,57064.87,146.51,70.65,709.74,-0.255,0.00034,-53.41,18.3,3
2021-11-30,SELL_PE,56480.827000000005,57064.87,146.51,70.65,709.74,-0.255,0.00034,-53.41,18.3,3
2021-12-02,SELL_PE,58104.12114285714,58461.29,92.37,138.55,-331.55,-0.261,0.00056,-97.23,19.0,1
2021-12-02,SELL_PE,58104.12114285714,58461.29,92.37,138.55,-331.55,-0.261,0.00056,-97.23,19.0,1
2021-12-06,SELL_CE,57493.49428571429,56747.14,209.74,314.61,-1098.27,0.284,0.00028,-53.73,20.2,4
2021-12-06,SELL_CE,57493.49428571429,56747.14,209.74,314.61,-1098.27,0.284,0.00028,-53.73,20.2,4
2021-12-08,SELL_PE,58148.7525,58649.68,184.3,276.45,-631.01,-0.294,0.00035,-87.95,22.7,2
2021-12-09,SELL_PE,58403.572571428565,58807.13,118.91,178.37,-418.01,-0.274,0.00048,-119.57,22.7,1
2021-12-14,SELL_CE,58736.852999999996,58117.09,228.26,118.54,1047.43,0.31,0.0003,-71.28,22.0,3
2021-12-20,SELL_CE,56458.522,55822.01,288.18,432.28,-1491.36,0.332,0.00027,-63.73,22.8,4
2021-12-21,SELL_PE,55757.601500000004,56319.01,231.4,126.43,999.92,-0.304,0.0003,-71.95,23.1,3
2021-12-23,SELL_PE,56993.38057142857,57315.28,146.2,0.11,1411.99,-0.317,0.0005,-129.33,23.6,1
2021-12-28,SELL_PE,57384.170000000006,57897.48,212.37,116.27,911.45,-0.304,0.00032,-66.42,20.7,3
2021-12-29,SELL_PE,57449.775357142855,57806.49,187.93,81.32,1016.84,-0.328,0.00042,-81.6,20.2,2
2021-12-30,SELL_CE,58075.78828571428,57794.32,123.67,0.06,1187.52,0.324,0.00061,-108.87,19.4,1
2022-01-03,SELL_PE,58643.82057142857,59183.22,220.06,330.09,-1149.98,-0.301,0.00031,-52.81,18.4,4
2022-01-03,SELL_PE,58643.82057142857,59183.22,220.06,330.09,-1149.98,-0.301,0.00031,-52.81,18.4,4
2022-01-04,SELL_PE,59361.886,59855.93,179.25,268.88,-945.48,-0.291,0.00035,-58.74,17.9,3
2022-01-04,SELL_PE,59361.886,59855.93,179.25,268.88,-945.48,-0.291,0.00035,-58.74,17.9,3
2022-01-05,SELL_PE,59859.3225,60223.15,143.51,215.26,-498.12,-0.3,0.00047,-68.26,16.8,2
2022-01-06,SELL_CE,59893.394857142855,59601.84,105.08,0.05,1001.95,0.305,0.00064,-98.31,17.4,1
2022-01-10,SELL_PE,59886.620285714285,60395.63,215.08,132.41,777.07,-0.304,0.00032,-51.37,17.4,4
2022-01-11,SELL_PE,60192.1735,60616.89,192.29,107.63,797.2,-0.312,0.00037,-59.41,17.3,3
2022-01-12,SELL_PE,60850.60857142857,61150.04,174.53,78.09,915.28,-0.337,0.00047,-74.56,17.2,2
2022-01-12,SELL_PE,60850.60857142857,61150.04,174.53,78.09,915.28,-0.337,0.00047,-74.56,17.2,2
2022-01-13,SELL_PE,60995.09714285714,61235.3,115.92,173.88,-408.28,-0.322,0.00065,-102.12,17.2,1
2022-01-18,SELL_CE,61133.3555,60754.86,133.39,200.09,-715.68,0.308,0.00052,-43.18,12.3,3
2022-01-18,SELL_CE,61133.3555,60754.86,133.39,200.09,-715.68,0.308,0.00052,-43.18,12.3,3
2022-01-19,SELL_CE,60383.462857142855,60098.82,128.18,192.26,-448.19,0.331,0.00061,-57.19,13.3,2
2022-01-19,SELL_CE,60383.462857142855,60098.82,128.18,192.26,-448.19,0.331,0.00061,-57.19,13.3,2
2022-01-20,SELL_CE,59706.33171428572,59464.62,85.15,127.72,-308.03,0.303,0.00079,-80.6,14.2,1
2022-01-24,SELL_CE,57984.25628571429,57491.51,255.2,382.79,-1326.05,0.346,0.00033,-54.75,18.5,4
2022-01-25,SELL_CE,58348.654500000004,57858.15,198.15,105.05,881.56,0.32,0.00037,-60.56,18.3,3
2022-02-01,SELL_PE,58283.4885,58862.57,173.1,259.65,-914.66,-0.272,0.00032,-59.72,19.2,3
2022-02-02,SELL_PE,59113.02857142857,59558.33,154.78,57.94,919.53,-0.289,0.0004,-75.71,19.3,2
2022-02-03,SELL_CE,59145.924,58788.02,108.06,162.08,-382.65,0.286,0.00056,-106.42,19.8,1
2022-02-07,SELL_CE,58361.814000000006,57621.19,222.85,334.28,-1163.97,0.291,0.00028,-55.87,20.5,4
2022-02-09,SELL_PE,57960.74785714286,58465.97,150.38,52.8,926.96,-0.273,0.00037,-76.75,20.5,2
2022-02-10,SELL_PE,58536.66714285714,58926.03,99.86,149.79,-355.96,-0.261,0.00052,-105.11,20.4,1
2022-02-14,SELL_CE,57160.288,56405.84,276.78,415.17,-1434.23,0.311,0.00025,-65.02,23.8,4
2022-02-15,SELL_PE,57539.0955,58142.05,314.08,471.13,-1621.16,-0.326,0.00025,-90.68,27.6,3
2022-02-16,SELL_PE,57558.297857142854,57996.68,273.7,124.07,1446.04,-0.344,0.00031,-111.92,27.4,2
2022-02-17,SELL_CE,58234.70685714286,57892.01,189.6,284.4,-648.27,0.346,0.00045,-155.44,27.2,1
2022-02-22,SELL_CE,57880.4695,57300.68,284.79,158.4,1213.46,0.339,0.00029,-81.5,24.6,3
2022-02-23,SELL_PE,56793.44107142857,57232.06,222.77,95.02,1227.88,-0.325,0.00035,-96.73,24.5,2
2022-02-24,SELL_CE,54872.81085714286,54529.91,214.02,321.03,-727.81,0.358,0.00042,-169.49,31.2,1
2022-02-28,SELL_CE,56966.906285714285,56247.28,476.87,311.4,1602.12,0.369,0.0002,-93.97,32.5,4
2022-03-03,SELL_PE,54715.536857142855,55102.68,197.38,0.26,1921.79,-0.328,0.0004,-167.58,31.5,1
2022-03-07,SELL_CE,53670.16085714286,52842.75,406.8,252.86,1487.69,0.341,0.0002,-86.94,33.1,4
2022-03-07,SELL_CE,53670.16085714286,52842.75,406.8,252.86,1487.69,0.341,0.0002,-86.94,33.1,4
2022-03-09,SELL_PE,54151.945,54647.33,339.75,509.63,-1137.37,-0.352,0.00026,-134.34,34.9,2
2022-03-09,SELL_PE,54151.945,54647.33,339.75,509.63,-1137.37,-0.352,0.00026,-134.34,34.9,2
2022-03-10,SELL_PE,55047.01714285714,55464.39,227.09,340.64,-770.39,-0.334,0.00036,-188.88,35.1,1
2022-03-10,SELL_PE,55047.01714285714,55464.39,227.09,340.64,-770.39,-0.334,0.00036,-188.88,35.1,1
2022-03-14,SELL_PE,55614.35314285714,56486.02,453.1,679.65,-2317.8,-0.324,0.00017,-97.64,35.5,4
2022-03-17,SELL_PE,57426.59457142857,57863.93,212.67,0.22,2074.89,-0.323,0.00036,-182.75,33.0,1
2022-03-23,SELL_PE,57187.7625,57684.82,349.17,163.16,1809.01,-0.354,0.00026,-137.41,33.7,2
2022-03-24,SELL_CE,57996.554000000004,57595.68,239.28,0.53,2337.63,0.353,0.00037,-191.6,33.6,1
2022-03-24,SELL_CE,57996.554000000004,57595.68,239.28,0.53,2337.63,0.353,0.00037,-191.6,33.6,1
2022-03-29,SELL_PE,57281.1005,57943.65,242.12,128.51,1086.26,-0.292,0.00026,-77.62,24.8,3
2022-03-30,SELL_PE,58241.49964285714,58683.99,240.57,360.85,-814.28,-0.332,0.00033,-102.43,25.1,2
2022-03-30,SELL_PE,58241.49964285714,58683.99,240.57,360.85,-814.28,-0.332,0.00033,-102.43,25.1,2
2022-03-31,SELL_PE,58242.35857142857,58568.51,157.13,0.16,1520.75,-0.322,0.00048,-136.6,24.2,1
2022-04-04,SELL_PE,59998.97657142857,60611.74,333.09,499.64,-1716.4,-0.328,0.00024,-72.51,24.0,4
2022-04-04,SELL_PE,59998.97657142857,60611.74,333.09,499.64,-1716.4,-0.328,0.00024,-72.51,24.0,4
2022-04-06,SELL_CE,59975.985714285714,59610.41,225.5,99.13,1213.97,0.359,0.0004,-90.8,21.1,2
2022-04-06,SELL_CE,59975.985714285714,59610.41,225.5,99.13,1213.97,0.359,0.0004,-90.8,21.1,2
2022-04-07,SELL_CE,59326.27057142857,59034.95,138.6,207.9,-482.13,0.332,0.00057,-119.1,20.6,1
2022-04-07,SELL_CE,59326.27057142857,59034.95,138.6,207.9,-482.13,0.332,0.00057,-119.1,20.6,1
2022-04-12,SELL_CE,59044.5705,58576.37,244.84,137.75,1020.94,0.345,0.00034,-69.26,20.1,3
2022-04-12,SELL_CE,59044.5705,58576.37,244.84,137.75,1020.94,0.345,0.00034,-69.26,20.1,3
2022-04-13,SELL_PE,58017.06392857143,58338.93,188.78,84.44,994.07,-0.338,0.00044,-79.89,19.3,2
2022-04-18,SELL_CE,57683.046285714285,57166.74,281.12,177.36,987.24,0.351,0.00031,-59.27,20.1,4
2022-04-18,SELL_CE,57683.046285714285,57166.74,281.12,177.36,987.24,0.351,0.00031,-59.27,20.1,4
2022-04-19,SELL_CE,56906.582,56463.15,220.47,330.71,-1152.05,0.341,0.00037,-63.36,19.2,3
2022-04-19,SELL_CE,56906.582,56463.15,220.47,330.71,-1152.05,0.341,0.00037,-63.36,19.2,3
2022-04-21,SELL_PE,57630.44,57911.68,119.87,179.81,-421.15,-0.311,0.00059,-108.69,19.7,1
2022-04-21,SELL_PE,57630.44,57911.68,119.87,179.81,-421.15,-0.311,0.00059,-108.69,19.7,1
2022-04-25,SELL_CE,57158.25,56579.89,268.48,164.67,987.95,0.335,0.0003,-59.14,20.7,4
2022-04-25,SELL_CE,57158.25,56579.89,268.48,164.67,987.95,0.335,0.0003,-59.14,20.7,4
2022-04-26,SELL_PE,56871.935,57356.61,232.47,131.4,960.83,-0.318,0.00032,-69.63,21.5,3
2022-04-26,SELL_PE,56871.935,57356.61,232.47,131.4,960.83,-0.318,0.00032,-69.63,21.5,3
2022-04-27,SELL_CE,57146.04535714286,56819.39,232.48,106.49,1210.13,0.372,0.00041,-90.1,21.7,2
2022-04-27,SELL_CE,57146.04535714286,56819.39,232.48,106.49,1210.13,0.372,0.00041,-90.1,21.7,2
2022-04-28,SELL_PE,57266.13285714285,57521.06,154.21,231.31,-532.99,-0.343,0.00055,-126.44,22.2,1
2022-04-28,SELL_PE,57266.13285714285,57521.06,154.21,231.31,-532.99,-0.343,0.00055,-126.44,22.2,1
2022-05-02,SELL_CE,57541.146571428566,56975.99,297.42,186.65,1057.15,0.347,0.00029,-63.13,21.7,4
2022-05-04,SELL_CE,56017.37892857143,55669.03,231.15,346.72,-783.6,0.366,0.0004,-91.13,22.6,2
2022-05-04,SELL_CE,56017.37892857143,55669.03,231.15,346.72,-783.6,0.366,0.0004,-91.13,22.6,2
2022-05-09,SELL_CE,55110.816857142854,54470.67,224.89,130.42,894.94,0.307,0.0003,-53.81,20.3,4
2022-05-09,SELL_CE,55110.816857142854,54470.67,224.89,130.42,894.94,0.307,0.0003,-53.81,20.3,4
2022-05-11,SELL_CE,54469.72178571428,54088.39,166.54,249.81,-573.16,0.326,0.00046,-74.0,19.7,2
2022-05-11,SELL_CE,54469.72178571428,54088.39,166.54,249.81,-573.16,0.326,0.00046,-74.0,19.7,2
2022-05-12,SELL_CE,53246.34885714285,52930.31,109.03,163.54,-385.82,0.3,0.0006,-102.99,20.8,1
2022-05-12,SELL_CE,53246.34885714285,52930.31,109.03,163.54,-385.82,0.3,0.0006,-102.99,20.8,1
2022-05-17,SELL_PE,53710.238000000005,54318.47,205.7,308.56,-1078.04,-0.285,0.0003,-67.67,23.3,3
2022-05-17,SELL_PE,53710.238000000005,54318.47,205.7,308.56,-1078.04,-0.285,0.0003,-67.67,23.3,3
2022-05-18,SELL_PE,53749.59035714286,54208.53,174.82,67.56,1023.48,-0.298,0.00038,-82.55,22.9,2
2022-05-18,SELL_PE,53749.59035714286,54208.53,174.82,67.56,1023.48,-0.298,0.00038,-82.55,22.9,2
2022-05-19,SELL_CE,53163.95657142858,52792.23,125.91,188.86,-440.8,0.298,0.00052,-119.28,24.3,1
2022-05-19,SELL_CE,53163.95657142858,52792.23,125.91,188.86,-440.8,0.298,0.00052,-119.28,24.3,1
2022-05-23,SELL_PE,53559.29514285714,54288.61,287.75,174.27,1084.39,-0.298,0.00023,-67.99,26.4,4
2022-05-24,SELL_CE,54695.6675,54052.61,264.91,141.64,1182.52,0.321,0.00028,-79.64,26.2,3
2022-05-25,SELL_CE,54171.2825,53749.26,233.14,349.71,-790.1,0.348,0.00037,-96.32,25.3,2
2022-05-26,SELL_CE,54582.818,54252.53,158.68,0.13,1536.53,0.333,0.0005,-135.47,25.6,1
2022-05-26,SELL_CE,54582.818,54252.53,158.68,0.13,1536.53,0.333,0.0005,-135.47,25.6,1
2022-05-30,SELL_PE,55262.45314285714,55925.74,333.63,211.14,1174.0,-0.321,0.00023,-73.62,26.8,4
2022-05-30,SELL_PE,55262.45314285714,55925.74,333.63,211.14,1174.0,-0.321,0.00023,-73.62,26.8,4
2022-05-30,SELL_PE,55262.45314285714,55925.74,333.63,211.14,1174.0,-0.321,0.00023,-73.62,26.8,4
2022-06-01,SELL_CE,55776.54178571428,55381.17,253.55,380.32,-856.56,0.362,0.00036,-100.61,25.3,2
2022-06-06,SELL_CE,56268.67428571428,55675.32,335.36,213.21,1170.57,0.354,0.00026,-69.52,24.4,4
2022-06-07,SELL_CE,55592.18199999999,55107.34,301.57,175.99,1205.14,0.361,0.0003,-80.85,24.8,3
2022-06-08,SELL_CE,55233.4575,54892.49,262.04,393.05,-884.22,0.379,0.00038,-99.29,24.8,2
2022-06-09,SELL_CE,55594.600857142854,55320.28,154.03,0.25,1488.86,0.348,0.00056,-126.11,22.9,1
2022-06-13,SELL_CE,53378.27485714285,52846.7,384.32,254.01,1251.58,0.377,0.00025,-74.41,27.0,4
2022-06-13,SELL_CE,53378.27485714285,52846.7,384.32,254.01,1251.58,0.377,0.00025,-74.41,27.0,4
2022-06-13,SELL_CE,53378.27485714285,52846.7,384.32,254.01,1251.58,0.377,0.00025,-74.41,27.0,4
2022-06-16,SELL_PE,51246.14028571429,51495.79,146.08,0.35,1408.42,-0.34,0.00057,-120.53,23.8,1
2022-06-16,SELL_PE,51246.14028571429,51495.79,146.08,0.35,1408.42,-0.34,0.00057,-120.53,23.8,1
2022-06-16,SELL_CE,51745.43971428571,51495.79,153.62,230.42,-531.05,0.356,0.00058,-122.6,23.8,1
2022-06-16,SELL_CE,51745.43971428571,51495.79,153.62,230.42,-531.05,0.356,0.00058,-122.6,23.8,1
2022-06-16,SELL_CE,51745.43971428571,51495.79,153.62,230.42,-531.05,0.356,0.00058,-122.6,23.8,1
2022-06-21,SELL_PE,52023.173500000004,52532.07,198.74,298.1,-1043.12,-0.299,0.00033,-62.96,21.8,3
2022-06-21,SELL_PE,52023.173500000004,52532.07,198.74,298.1,-1043.12,-0.299,0.00033,-62.96,21.8,3
2022-06-21,SELL_PE,52023.173500000004,52532.07,198.74,298.1,-1043.12,-0.299,0.00033,-62.96,21.8,3
2022-06-23,SELL_PE,51973.018000000004,52265.72,120.75,181.12,-423.99,-0.308,0.00058,-110.0,22.3,1
2022-06-23,SELL_PE,51973.018000000004,52265.72,120.75,181.12,-423.99,-0.308,0.00058,-110.0,22.3,1
2022-06-27,SELL_PE,52570.34857142857,53161.28,208.48,123.72,797.98,-0.287,0.0003,-51.67,20.6,4
2022-06-27,SELL_PE,52570.34857142857,53161.28,208.48,123.72,797.98,-0.287,0.0003,-51.67,20.6,4
2022-06-28,SELL_CE,53688.682499999995,53177.45,202.24,106.83,904.66,0.318,0.00036,-61.95,20.6,3
2022-06-29,SELL_CE,53384.6075,53026.97,181.91,75.23,1017.57,0.341,0.00045,-77.28,20.6,2
2022-06-30,SELL_PE,52739.32342857143,53018.94,107.28,0.05,1023.85,-0.3,0.00062,-100.16,20.2,1
2022-07-05,SELL_PE,52635.5625,53134.35,178.17,94.25,790.0,-0.29,0.00035,-58.19,20.2,3
2022-07-05,SELL_PE,52635.5625,53134.35,178.17,94.25,790.0,-0.29,0.00035,-58.19,20.2,3
2022-07-07,SELL_PE,53910.688,54178.46,122.41,0.1,1174.56,-0.317,0.0006,-108.57,20.9,1
2022-07-07,SELL_PE,53910.688,54178.46,122.41,0.1,1174.56,-0.317,0.0006,-108.57,20.9,1
2022-07-07,SELL_PE,53910.688,54178.46,122.41,0.1,1174.56,-0.317,0.0006,-108.57,20.9,1
2022-07-12,SELL_CE,54292.178,53886.61,164.95,87.45,725.93,0.321,0.00045,-50.54,16.3,3
2022-07-13,SELL_CE,53799.5075,53514.15,150.14,225.21,-519.74,0.345,0.00056,-63.6,16.5,2
2022-07-13,SELL_CE,53799.5075,53514.15,150.14,225.21,-519.74,0.345,0.00056,-63.6,16.5,2
2022-07-13,SELL_CE,53799.5075,53514.15,150.14,225.21,-519.74,0.345,0.00056,-63.6,16.5,2
2022-07-14,SELL_CE,53640.77942857143,53416.15,71.35,107.02,-263.08,0.292,0.00088,-69.73,13.9,1
2022-07-14,SELL_CE,53640.77942857143,53416.15,71.35,107.02,-263.08,0.292,0.00088,-69.73,13.9,1
2022-07-14,SELL_CE,53640.77942857143,53416.15,71.35,107.02,-263.08,0.292,0.00088,-69.73,13.9,1
2022-07-18,SELL_PE,54054.98085714286,54521.15,140.11,210.17,-749.35,-0.27,0.00039,-37.39,14.7,4
2022-07-18,SELL_PE,54054.98085714286,54521.15,140.11,210.17,-749.35,-0.27,0.00039,-37.39,14.7,4
2022-07-18,SELL_PE,54054.98085714286,54521.15,140.11,210.17,-749.35,-0.27,0.00039,-37.39,14.7,4
2022-07-19,SELL_PE,54360.131,54767.62,98.74,148.11,-542.01,-0.25,0.00048,-37.27,13.2,3
2022-07-20,SELL_PE,55108.161428571424,55397.53,77.54,26.41,463.19,-0.261,0.00067,-42.27,11.9,2
2022-07-20,SELL_PE,55108.161428571424,55397.53,77.54,26.41,463.19,-0.261,0.00067,-42.27,11.9,2
2022-07-20,SELL_PE,55108.161428571424,55397.53,77.54,26.41,463.19,-0.261,0.00067,-42.27,11.9,2
2022-07-21,SELL_PE,55455.09114285714,55681.95,49.17,73.76,-190.85,-0.243,0.00092,-55.85,11.7,1
2022-07-26,SELL_CE,55618.0805,55268.49,126.53,189.79,-681.25,0.311,0.00055,-40.57,12.7,3
2022-07-26,SELL_CE,55618.0805,55268.49,126.53,189.79,-681.25,0.311,0.00055,-40.57,12.7,3
2022-07-28,SELL_PE,56648.81,56857.79,83.19,124.78,-301.64,-0.303,0.00081,-78.03,14.4,1
2022-07-28,SELL_PE,56648.81,56857.79,83.19,124.78,-301.64,-0.303,0.00081,-78.03,14.4,1
2022-07-28,SELL_PE,56648.81,56857.79,83.19,124.78,-301.64,-0.303,0.00081,-78.03,14.4,1
2022-08-01,SELL_PE,57674.312,58115.5,166.79,250.19,-883.03,-0.292,0.00038,-41.7,14.8,4
2022-08-01,SELL_PE,57674.312,58115.5,166.79,250.19,-883.03,-0.292,0.00038,-41.7,14.8,4
2022-08-04,SELL_PE,58078.895142857145,58298.8,83.09,124.63,-301.33,-0.298,0.00079,-79.12,14.4,1
2022-08-04,SELL_PE,58078.895142857145,58298.8,83.09,124.63,-301.33,-0.298,0.00079,-79.12,14.4,1
2022-08-04,SELL_PE,58078.895142857145,58298.8,83.09,124.63,-301.33,-0.298,0.00079,-79.12,14.4,1
2022-08-04,SELL_CE,58518.70485714286,58298.8,90.07,135.1,-324.06,0.318,0.00081,-81.49,14.4,1
2022-08-04,SELL_CE,58518.70485714286,58298.8,90.07,135.1,-324.06,0.318,0.00081,-81.49,14.4,1
2022-08-08,SELL_PE,58380.77457142857,58853.07,151.58,227.37,-806.8,-0.277,0.00038,-39.8,14.3,4
2022-08-11,SELL_PE,59092.095714285715,59332.6,59.98,0.05,551.38,-0.257,0.00083,-65.07,12.5,1
2022-08-11,SELL_PE,59092.095714285715,59332.6,59.98,0.05,551.38,-0.257,0.00083,-65.07,12.5,1
2022-08-11,SELL_PE,59092.095714285715,59332.6,59.98,0.05,551.38,-0.257,0.00083,-65.07,12.5,1
2022-08-16,SELL_PE,59436.7985,59842.21,99.71,48.19,466.81,-0.251,0.00048,-37.76,12.2,3
2022-08-16,SELL_PE,59436.7985,59842.21,99.71,48.19,466.81,-0.251,0.00048,-37.76,12.2,3
2022-08-17,SELL_PE,59978.833928571425,60260.13,89.16,133.73,-321.09,-0.278,0.00065,-46.39,11.6,2
2022-08-17,SELL_PE,59978.833928571425,60260.13,89.16,133.73,-321.09,-0.278,0.00065,-46.39,11.6,2
2022-08-17,SELL_PE,59978.833928571425,60260.13,89.16,133.73,-321.09,-0.278,0.00065,-46.39,11.6,2
2022-08-22,SELL_CE,59212.12828571429,58773.87,204.51,306.76,-1072.03,0.337,0.0004,-45.61,15.0,4
2022-08-22,SELL_CE,59212.12828571429,58773.87,204.51,306.76,-1072.03,0.337,0.0004,-45.61,15.0,4
2022-08-22,SELL_CE,59212.12828571429,58773.87,204.51,306.76,-1072.03,0.337,0.0004,-45.61,15.0,4
2022-08-23,SELL_CE,59423.9225,59031.3,170.58,91.74,739.26,0.328,0.00045,-51.45,14.9,3
2022-08-23,SELL_CE,59423.9225,59031.3,170.58,91.74,739.26,0.328,0.00045,-51.45,14.9,3
2022-08-23,SELL_CE,59423.9225,59031.3,170.58,91.74,739.26,0.328,0.00045,-51.45,14.9,3
2022-08-25,SELL_PE,58543.981714285714,58774.72,77.82,0.05,729.65,-0.287,0.00079,-76.68,14.1,1
2022-08-25,SELL_PE,58543.981714285714,58774.72,77.82,0.05,729.65,-0.287,0.00079,-76.68,14.1,1
2022-08-25,SELL_PE,58543.981714285714,58774.72,77.82,0.05,729.65,-0.287,0.00079,-76.68,14.1,1
2022-08-25,SELL_CE,59005.45828571429,58774.72,84.62,126.94,-306.33,0.307,0.00081,-79.17,14.1,1
2022-08-29,SELL_CE,58414.35028571429,57972.62,171.26,100.95,654.02,0.319,0.00043,-40.49,13.7,4
2022-08-29,SELL_CE,58414.35028571429,57972.62,171.26,100.95,654.02,0.319,0.00043,-40.49,13.7,4
2022-08-29,SELL_CE,58414.35028571429,57972.62,171.26,100.95,654.02,0.319,0.00043,-40.49,13.7,4
2022-08-30,SELL_PE,59128.731,59537.07,180.78,271.17,-953.14,-0.31,0.00039,-56.34,16.7,3
2022-08-30,SELL_PE,59128.731,59537.07,180.78,271.17,-953.14,-0.31,0.00039,-56.34,16.7,3
2022-08-30,SELL_PE,59128.731,59537.07,180.78,271.17,-953.14,-0.31,0.00039,-56.34,16.7,3
2022-09-06,SELL_PE,58715.678499999995,59196.99,172.86,91.72,762.18,-0.29,0.00036,-56.9,17.6,3
2022-09-07,SELL_CE,59384.96607142858,59028.91,169.34,68.27,961.65,0.335,0.00047,-73.65,17.6,2
2022-09-08,SELL_PE,59404.00028571429,59688.22,105.67,158.51,-374.89,-0.297,0.00062,-100.05,17.9,1
2022-09-08,SELL_PE,59404.00028571429,59688.22,105.67,158.51,-374.89,-0.297,0.00062,-100.05,17.9,1
2022-09-08,SELL_PE,59404.00028571429,59688.22,105.67,158.51,-374.89,-0.297,0.00062,-100.05,17.9,1
2022-09-13,SELL_PE,60112.449,60571.08,193.57,106.64,819.96,-0.305,0.00036,-60.8,17.9,3
2022-09-14,SELL_CE,60646.97892857143,60346.97,198.82,298.24,-678.31,0.366,0.00047,-78.93,17.9,2
2022-09-14,SELL_CE,60646.97892857143,60346.97,198.82,298.24,-678.31,0.366,0.00047,-78.93,17.9,2
2022-09-14,SELL_CE,60646.97892857143,60346.97,198.82,298.24,-678.31,0.366,0.00047,-78.93,17.9,2
2022-09-20,SELL_PE,59239.879499999995,59719.74,191.48,104.11,824.32,-0.3,0.00035,-60.97,18.4,3
2022-09-20,SELL_PE,59239.879499999995,59719.74,191.48,104.11,824.32,-0.3,0.00035,-60.97,18.4,3
2022-09-20,SELL_PE,59239.879499999995,59719.74,191.48,104.11,824.32,-0.3,0.00035,-60.97,18.4,3
2022-09-21,SELL_CE,59770.77285714286,59456.78,199.19,298.78,-679.5,0.362,0.00046,-79.91,18.5,2
2022-09-21,SELL_CE,59770.77285714286,59456.78,199.19,298.78,-679.5,0.362,0.00046,-79.91,18.5,2
2022-09-22,SELL_CE,59363.38342857143,59119.72,132.21,198.32,-461.33,0.345,0.00064,-109.7,18.6,1
2022-09-22,SELL_CE,59363.38342857143,59119.72,132.21,198.32,-461.33,0.345,0.00064,-109.7,18.6,1
2022-09-22,SELL_CE,59363.38342857143,59119.72,132.21,198.32,-461.33,0.345,0.00064,-109.7,18.6,1
2022-09-26,SELL_CE,57674.838285714286,57145.22,293.23,439.85,-1516.66,0.352,0.0003,-61.46,20.9,4
2022-09-26,SELL_CE,57674.838285714286,57145.22,293.23,439.85,-1516.66,0.352,0.0003,-61.46,20.9,4
2022-09-26,SELL_CE,57674.838285714286,57145.22,293.23,439.85,-1516.66,0.352,0.0003,-61.46,20.9,4
2022-09-28,SELL_CE,56943.15607142857,56598.28,143.84,215.76,-499.22,0.322,0.00052,-65.12,16.5,2
2022-09-28,SELL_CE,56943.15607142857,56598.28,143.84,215.76,-499.22,0.322,0.00052,-65.12,16.5,2
2022-09-28,SELL_CE,56943.15607142857,56598.28,143.84,215.76,-499.22,0.322,0.00052,-65.12,16.5,2
2022-09-29,SELL_CE,56695.32971428571,56409.96,81.02,121.53,-294.58,0.28,0.00072,-81.7,15.9,1
2022-10-04,SELL_PE,57461.723,58065.47,182.57,92.55,850.93,-0.274,0.00031,-62.54,20.4,3
2022-10-04,SELL_PE,57461.723,58065.47,182.57,92.55,850.93,-0.274,0.00031,-62.54,20.4,3
2022-10-06,SELL_PE,57895.34828571428,58222.1,115.23,0.05,1103.29,-0.292,0.00055,-110.21,20.5,1
2022-10-06,SELL_PE,57895.34828571428,58222.1,115.23,0.05,1103.29,-0.292,0.00055,-110.21,20.5,1
2022-10-06,SELL_PE,57895.34828571428,58222.1,115.23,0.05,1103.29,-0.292,0.00055,-110.21,20.5,1
2022-10-10,SELL_CE,58586.298571428575,57991.11,255.11,154.05,960.54,0.327,0.0003,-57.6,19.8,4
2022-10-11,SELL_CE,57666.587,57147.32,220.89,331.33,-1154.11,0.325,0.00034,-66.27,20.3,3
2022-10-18,SELL_PE,58443.4085,58960.6,215.43,118.13,923.36,-0.305,0.00032,-67.28,20.5,3
2022-10-18,SELL_PE,58443.4085,58960.6,215.43,118.13,923.36,-0.305,0.00032,-67.28,20.5,3
2022-10-18,SELL_PE,58443.4085,58960.6,215.43,118.13,923.36,-0.305,0.00032,-67.28,20.5,3
2022-10-19,SELL_PE,58750.42892857143,59107.19,193.34,84.4,1040.06,-0.331,0.00041,-83.34,20.1,2
2022-10-20,SELL_CE,59480.03057142857,59202.9,137.88,0.13,1328.73,0.336,0.00059,-117.04,20.1,1
2022-10-24,SELL_PE,59362.36628571429,59831.66,254.29,163.34,859.43,-0.327,0.00031,-56.47,18.7,4
2022-10-25,SELL_CE,59926.8995,59543.96,224.36,336.55,-1171.55,0.357,0.0004,-61.85,17.3,3
2022-10-31,SELL_PE,60307.06257142857,60746.59,227.63,341.45,-1187.92,-0.323,0.00033,-51.63,16.9,4
2022-10-31,SELL_PE,60307.06257142857,60746.59,227.63,341.45,-1187.92,-0.323,0.00033,-51.63,16.9,4
2022-11-01,SELL_PE,60747.743,61121.35,181.74,103.41,734.01,-0.318,0.00041,-55.48,15.8,3
2022-11-01,SELL_PE,60747.743,61121.35,181.74,103.41,734.01,-0.318,0.00041,-55.48,15.8,3
2022-11-01,SELL_PE,60747.743,61121.35,181.74,103.41,734.01,-0.318,0.00041,-55.48,15.8,3
2022-11-03,SELL_CE,61028.68428571429,60836.41,85.27,0.05,804.02,0.327,0.0009,-75.67,12.6,1
2022-11-03,SELL_CE,61028.68428571429,60836.41,85.27,0.05,804.02,0.327,0.0009,-75.67,12.6,1
2022-11-03,SELL_CE,61028.68428571429,60836.41,85.27,0.05,804.02,0.327,0.0009,-75.67,12.6,1
2022-11-07,SELL_PE,60814.97685714286,61185.15,153.85,230.78,-818.19,-0.3,0.00043,-38.16,12.5,4
2022-11-10,SELL_CE,60799.37314285714,60613.7,67.61,101.42,-250.92,0.307,0.00102,-63.89,10.9,1
2022-11-10,SELL_CE,60799.37314285714,60613.7,67.61,101.42,-250.92,0.307,0.00102,-63.89,10.9,1
2022-11-10,SELL_CE,60799.37314285714,60613.7,67.61,101.42,-250.92,0.307,0.00102,-63.89,10.9,1
2022-11-16,SELL_PE,61740.756785714286,61980.72,103.04,154.56,-366.3,-0.306,0.00067,-49.33,11.4,2
2022-11-21,SELL_CE,61522.74914285714,61144.84,174.65,105.95,637.82,0.338,0.00047,-39.49,12.3,4
2022-11-23,SELL_PE,61280.487857142856,61510.58,113.28,48.53,599.01,-0.32,0.00066,-52.06,11.9,2
2022-11-23,SELL_PE,61280.487857142856,61510.58,113.28,48.53,599.01,-0.32,0.00066,-52.06,11.9,2
2022-11-23,SELL_PE,61280.487857142856,61510.58,113.28,48.53,599.01,-0.32,0.00066,-52.06,11.9,2
2022-11-24,SELL_PE,62090.807714285715,62272.68,82.7,124.05,-300.06,-0.315,0.00088,-75.38,12.4,1
2022-11-24,SELL_PE,62090.807714285715,62272.68,82.7,124.05,-300.06,-0.315,0.00088,-75.38,12.4,1
2022-11-24,SELL_PE,62090.807714285715,62272.68,82.7,124.05,-300.06,-0.315,0.00088,-75.38,12.4,1
2022-11-28,SELL_PE,62124.125714285714,62504.8,154.11,231.16,-819.46,-0.298,0.00043,-38.53,12.4,4
2022-11-29,SELL_PE,62346.026,62681.84,116.11,61.51,497.47,-0.284,0.00052,-40.11,11.5,3
2022-11-30,SELL_PE,62860.38142857143,63099.65,108.68,163.02,-384.68,-0.312,0.00066,-51.19,11.5,2
2022-11-30,SELL_PE,62860.38142857143,63099.65,108.68,163.02,-384.68,-0.312,0.00066,-51.19,11.5,2
2022-11-30,SELL_PE,62860.38142857143,63099.65,108.68,163.02,-384.68,-0.312,0.00066,-51.19,11.5,2
2022-12-01,SELL_PE,63086.16457142858,63284.19,67.65,0.05,628.09,-0.287,0.00091,-67.25,11.3,1
2022-12-01,SELL_PE,63086.16457142858,63284.19,67.65,0.05,628.09,-0.287,0.00091,-67.25,11.3,1
2022-12-01,SELL_PE,63086.16457142858,63284.19,67.65,0.05,628.09,-0.287,0.00091,-67.25,11.3,1
2022-12-12,SELL_CE,62529.858,62130.57,98.36,51.77,417.56,0.274,0.00057,-27.41,9.0,4
2022-12-13,SELL_PE,62175.40700000001,62533.3,68.36,102.54,-389.78,-0.225,0.00057,-28.68,9.2,3
2022-12-13,SELL_PE,62175.40700000001,62533.3,68.36,102.54,-389.78,-0.225,0.00057,-28.68,9.2,3
2022-12-14,SELL_PE,62418.69571428572,62677.91,65.6,22.02,387.84,-0.254,0.00075,-37.21,9.2,2
2022-12-14,SELL_PE,62418.69571428572,62677.91,65.6,22.02,387.84,-0.254,0.00075,-37.21,9.2,2
2022-12-15,SELL_CE,61990.17057142857,61799.03,68.87,103.31,-255.01,0.306,0.00099,-65.27,10.9,1
2022-12-15,SELL_CE,61990.17057142857,61799.03,68.87,103.31,-255.01,0.306,0.00099,-65.27,10.9,1
2022-12-15,SELL_CE,61990.17057142857,61799.03,68.87,103.31,-255.01,0.306,0.00099,-65.27,10.9,1
2022-12-20,SELL_CE,62061.3085,61702.29,118.49,59.12,545.15,0.302,0.00056,-39.35,11.1,3
2022-12-21,SELL_PE,60809.97464285714,61067.24,102.59,40.92,568.3,-0.3,0.00065,-49.93,11.9,2
2022-12-21,SELL_PE,60809.97464285714,61067.24,102.59,40.92,568.3,-0.3,0.00065,-49.93,11.9,2
2022-12-21,SELL_CE,61324.50535714286,61067.24,117.13,175.7,-412.22,0.332,0.00068,-52.35,11.9,2
2022-12-22,SELL_CE,61051.14028571429,60826.22,54.25,81.38,-207.4,0.265,0.00097,-58.21,10.6,1
2022-12-22,SELL_CE,61051.14028571429,60826.22,54.25,81.38,-207.4,0.265,0.00097,-58.21,10.6,1
2022-12-22,SELL_CE,61051.14028571429,60826.22,54.25,81.38,-207.4,0.265,0.00097,-58.21,10.6,1
2022-12-26,SELL_PE,60076.13657142857,60566.42,134.97,202.46,-723.57,-0.261,0.00038,-37.28,13.4,4
2022-12-29,SELL_PE,60860.80142857142,61133.88,63.09,94.63,-236.17,-0.249,0.00075,-69.83,13.2,1
2022-12-29,SELL_CE,61406.95857142857,61133.88,69.34,0.05,644.94,0.269,0.00078,-72.73,13.2,1
2022-12-29,SELL_CE,61406.95857142857,61133.88,69.34,0.05,644.94,0.269,0.00078,-72.73,13.2,1
2023-01-04,SELL_CE,61001.90107142857,60657.45,121.93,182.9,-427.86,0.306,0.00056,-58.29,14.0,2
2023-01-04,SELL_CE,61001.90107142857,60657.45,121.93,182.9,-427.86,0.306,0.00056,-58.29,14.0,2
2023-01-05,SELL_CE,60623.815142857144,60353.27,75.81,113.71,-277.61,0.279,0.00076,-77.0,13.9,1
2023-01-05,SELL_CE,60623.815142857144,60353.27,75.81,113.71,-277.61,0.279,0.00076,-77.0,13.9,1
2023-01-05,SELL_CE,60623.815142857144,60353.27,75.81,113.71,-277.61,0.279,0.00076,-77.0,13.9,1
2023-01-09,SELL_PE,60176.81171428571,60747.31,157.73,236.59,-837.62,-0.263,0.00033,-42.92,15.5,4
2023-01-12,SELL_CE,60232.90257142857,59958.03,80.29,120.44,-292.21,0.283,0.00074,-80.42,14.6,1
2023-01-18,SELL_PE,60705.74357142857,61045.74,118.24,177.36,-415.82,-0.288,0.00052,-58.88,14.5,2
2023-01-18,SELL_PE,60705.74357142857,61045.74,118.24,177.36,-415.82,-0.288,0.00052,-58.88,14.5,2
2023-01-25,SELL_CE,60513.947499999995,60205.06,113.65,170.47,-400.86,0.31,0.00062,-53.88,12.9,2
2023-01-25,SELL_CE,60513.947499999995,60205.06,113.65,170.47,-400.86,0.31,0.00062,-53.88,12.9,2
2023-01-25,SELL_CE,60513.947499999995,60205.06,113.65,170.47,-400.86,0.31,0.00062,-53.88,12.9,2
2023-01-30,SELL_CE,60012.63628571429,59500.41,162.66,91.85,659.12,0.298,0.0004,-40.79,14.0,4
2023-02-01,SELL_PE,59388.74785714286,59708.08,108.52,162.77,-384.15,-0.285,0.00056,-54.6,13.7,2
2023-02-01,SELL_PE,59388.74785714286,59708.08,108.52,162.77,-384.15,-0.285,0.00056,-54.6,13.7,2
2023-02-01,SELL_PE,59388.74785714286,59708.08,108.52,162.77,-384.15,-0.285,0.00056,-54.6,13.7,2
2023-02-01,SELL_CE,60027.412142857145,59708.08,122.38,183.57,-429.31,0.314,0.00058,-57.17,13.7,2
2023-02-01,SELL_CE,60027.412142857145,59708.08,122.38,183.57,-429.31,0.314,0.00058,-57.17,13.7,2
2023-02-07,SELL_CE,60808.742,60286.04,108.87,47.55,564.71,0.252,0.00044,-41.29,13.3,3
2023-02-14,SELL_PE,60511.482500000006,61032.26,95.41,42.07,485.09,-0.223,0.00041,-39.11,13.3,3
2023-02-15,SELL_PE,60898.265,61275.09,85.41,128.11,-308.87,-0.245,0.00054,-48.64,12.9,2
2023-02-16,SELL_PE,61024.21057142857,61319.51,52.37,0.05,475.42,-0.223,0.00074,-62.99,12.6,1
2023-02-16,SELL_PE,61024.21057142857,61319.51,52.37,0.05,475.42,-0.223,0.00074,-62.99,12.6,1
2023-02-22,SELL_CE,60016.845,59744.98,143.17,214.75,-497.03,0.346,0.00059,-60.98,14.1,2
2023-02-22,SELL_CE,60016.845,59744.98,143.17,214.75,-497.03,0.346,0.00059,-60.98,14.1,2
2023-02-22,SELL_CE,60016.845,59744.98,143.17,214.75,-497.03,0.346,0.00059,-60.98,14.1,2
2023-02-23,SELL_CE,59822.98628571429,59605.8,80.94,121.4,-294.31,0.309,0.00086,-75.5,13.1,1
2023-02-23,SELL_CE,59822.98628571429,59605.8,80.94,121.4,-294.31,0.309,0.00086,-75.5,13.1,1
2023-02-23,SELL_CE,59822.98628571429,59605.8,80.94,121.4,-294.31,0.309,0.00086,-75.5,13.1,1
2023-02-27,SELL_CE,59708.05285714286,59288.35,140.41,79.99,555.44,0.305,0.00048,-35.01,11.7,4
2023-03-02,SELL_CE,59122.27285714285,58909.35,74.67,112.01,-273.91,0.303,0.0009,-71.02,12.6,1
2023-03-02,SELL_CE,59122.27285714285,58909.35,74.67,112.01,-273.91,0.303,0.0009,-71.02,12.6,1
2023-03-02,SELL_CE,59122.27285714285,58909.35,74.67,112.01,-273.91,0.303,0.0009,-71.02,12.6,1
2023-03-06,SELL_PE,59768.632,60224.46,132.01,75.59,515.5,-0.266,0.00041,-36.09,12.8,4
2023-03-06,SELL_PE,59768.632,60224.46,132.01,75.59,515.5,-0.266,0.00041,-36.09,12.8,4
2023-03-08,SELL_CE,60630.85178571428,60348.09,121.12,46.68,695.88,0.326,0.00063,-54.92,12.8,2
2023-03-09,SELL_CE,60031.22657142857,59806.28,77.52,116.28,-283.19,0.301,0.00086,-74.05,13.0,1
2023-03-13,SELL_PE,57781.30142857143,58237.85,162.28,96.81,605.63,-0.287,0.00038,-41.28,14.8,4
2023-03-13,SELL_CE,58694.398571428566,58237.85,190.13,285.19,-999.98,0.326,0.0004,-43.85,14.8,4
2023-03-13,SELL_CE,58694.398571428566,58237.85,190.13,285.19,-999.98,0.326,0.0004,-43.85,14.8,4
2023-03-13,SELL_CE,58694.398571428566,58237.85,190.13,285.19,-999.98,0.326,0.0004,-43.85,14.8,4
2023-03-14,SELL_CE,58336.33,57900.19,149.8,224.69,-797.86,0.304,0.00045,-48.45,14.8,3
2023-03-15,SELL_CE,57880.891071428574,57555.9,115.79,173.68,-407.84,0.306,0.00059,-55.25,13.9,2
2023-03-15,SELL_CE,57880.891071428574,57555.9,115.79,173.68,-407.84,0.306,0.00059,-55.25,13.9,2
2023-03-16,SELL_CE,57901.59314285714,57634.84,68.28,0.05,634.33,0.27,0.0008,-71.36,13.8,1
2023-03-16,SELL_CE,57901.59314285714,57634.84,68.28,0.05,634.33,0.27,0.0008,-71.36,13.8,1
2023-03-20,SELL_CE,58177.69342857142,57628.95,148.14,80.54,627.08,0.281,0.00039,-39.01,14.2,4
2023-03-21,SELL_PE,57582.488000000005,58074.68,116.06,55.18,560.32,-0.248,0.00041,-43.75,14.8,3
2023-03-22,SELL_PE,57873.18535714285,58214.59,114.43,42.47,671.05,-0.284,0.00053,-57.47,14.9,2
2023-03-22,SELL_PE,57873.18535714285,58214.59,114.43,42.47,671.05,-0.284,0.00053,-57.47,14.9,2
2023-03-23,SELL_CE,58198.1,57925.28,68.34,102.51,-253.29,0.268,0.00078,-71.89,13.9,1
2023-03-23,SELL_CE,58198.1,57925.28,68.34,102.51,-253.29,0.268,0.00078,-71.89,13.9,1
2023-03-29,SELL_PE,57622.06642857142,57960.09,105.5,158.25,-374.33,-0.277,0.00055,-54.25,14.3,2
2023-04-05,SELL_PE,59376.43607142857,59689.31,125.04,187.56,-437.97,-0.301,0.00054,-59.79,14.7,2
2023-04-05,SELL_PE,59376.43607142857,59689.31,125.04,187.56,-437.97,-0.301,0.00054,-59.79,14.7,2
2023-04-05,SELL_PE,59376.43607142857,59689.31,125.04,187.56,-437.97,-0.301,0.00054,-59.79,14.7,2
2023-04-06,SELL_PE,59586.016571428576,59832.97,79.77,119.65,-290.51,-0.283,0.00075,-79.49,14.4,1
2023-04-06,SELL_PE,59586.016571428576,59832.97,79.77,119.65,-290.51,-0.283,0.00075,-79.49,14.4,1
2023-04-12,SELL_PE,60130.547857142854,60392.77,120.23,180.35,-422.31,-0.314,0.0006,-55.81,13.2,2
2023-04-17,SELL_CE,60307.498,59910.75,148.07,222.11,-789.23,0.316,0.00049,-35.75,11.6,4
2023-04-17,SELL_CE,60307.498,59910.75,148.07,222.11,-789.23,0.316,0.00049,-35.75,11.6,4
2023-04-17,SELL_CE,60307.498,59910.75,148.07,222.11,-789.23,0.316,0.00049,-35.75,11.6,4
2023-04-19,SELL_CE,59836.73035714286,59567.8,102.27,37.54,598.96,0.314,0.0007,-48.25,11.5,2
2023-04-20,SELL_PE,59427.212857142855,59632.35,58.39,0.05,535.59,-0.269,0.00093,-61.24,11.3,1
2023-04-24,SELL_PE,59665.46628571428,60056.1,106.05,159.08,-578.66,-0.258,0.00048,-30.13,10.8,4
2023-04-25,SELL_PE,59794.823,60130.71,94.04,47.26,419.46,-0.263,0.00056,-34.73,10.8,3
2023-04-26,SELL_PE,60078.26642857143,60300.58,87.71,131.57,-316.38,-0.298,0.00075,-43.37,10.4,2
2023-04-27,SELL_PE,60471.63942857143,60649.38,51.23,76.85,-197.57,-0.27,0.00107,-54.07,9.7,1
2023-04-27,SELL_PE,60471.63942857143,60649.38,51.23,76.85,-197.57,-0.27,0.00107,-54.07,9.7,1
2023-04-27,SELL_PE,60471.63942857143,60649.38,51.23,76.85,-197.57,-0.27,0.00107,-54.07,9.7,1
2023-05-02,SELL_PE,61041.3745,61354.71,87.0,43.74,384.45,-0.262,0.00059,-32.54,9.8,3
2023-05-02,SELL_PE,61041.3745,61354.71,87.0,43.74,384.45,-0.262,0.00059,-32.54,9.8,3
2023-05-03,SELL_CE,61413.12392857143,61193.3,99.4,38.77,557.91,0.333,0.0008,-44.88,10.0,2
2023-05-03,SELL_CE,61413.12392857143,61193.3,99.4,38.77,557.91,0.333,0.0008,-44.88,10.0,2
2023-05-04,SELL_PE,61576.17028571429,61749.25,38.45,57.68,-155.93,-0.244,0.00118,-44.39,8.2,1
2023-05-04,SELL_PE,61576.17028571429,61749.25,38.45,57.68,-155.93,-0.244,0.00118,-44.39,8.2,1
2023-05-04,SELL_PE,61576.17028571429,61749.25,38.45,57.68,-155.93,-0.244,0.00118,-44.39,8.2,1
2023-05-08,SELL_PE,61388.762,61764.25,104.41,156.61,-570.4,-0.26,0.00049,-29.66,10.2,4
2023-05-09,SELL_PE,61446.6425,61761.33,95.02,48.79,414.06,-0.27,0.00058,-34.54,10.2,3
2023-05-11,SELL_PE,61726.22285714286,61904.52,57.57,0.05,527.36,-0.281,0.00103,-58.61,10.2,1
2023-05-11,SELL_PE,61726.22285714286,61904.52,57.57,0.05,527.36,-0.281,0.00103,-58.61,10.2,1
2023-05-15,SELL_PE,61979.826,62345.71,108.93,163.39,-593.06,-0.267,0.00049,-30.36,10.2,4
2023-05-15,SELL_PE,61979.826,62345.71,108.93,163.39,-593.06,-0.267,0.00049,-30.36,10.2,4
2023-05-17,SELL_CE,61805.665,61560.64,95.24,142.86,-340.9,0.317,0.00077,-44.89,10.2,2
2023-05-17,SELL_CE,61805.665,61560.64,95.24,142.86,-340.9,0.317,0.00077,-44.89,10.2,2
2023-05-17,SELL_CE,61805.665,61560.64,95.24,142.86,-340.9,0.317,0.00077,-44.89,10.2,2
2023-05-22,SELL_PE,61557.75542857143,61963.68,98.43,54.37,392.31,-0.247,0.00047,-29.05,10.3,4
2023-05-23,SELL_PE,61614.934,61981.79,79.45,37.19,374.49,-0.238,0.00055,-31.82,10.1,3
2023-05-24,SELL_CE,62038.686785714286,61773.78,90.81,136.22,-326.49,0.304,0.00074,-44.43,10.3,2
2023-05-25,SELL_CE,62077.908,61872.62,57.58,0.05,527.46,0.281,0.00101,-59.03,10.3,1
2023-05-25,SELL_CE,62077.908,61872.62,57.58,0.05,527.46,0.281,0.00101,-59.03,10.3,1
2023-05-29,SELL_PE,62447.45314285714,62846.38,109.13,61.92,423.69,-0.259,0.00047,-31.01,10.6,4
2023-05-29,SELL_PE,62447.45314285714,62846.38,109.13,61.92,423.69,-0.259,0.00047,-31.01,10.6,4
2023-05-31,SELL_CE,62862.61178571428,62622.24,108.89,163.33,-385.36,0.333,0.00073,-48.96,10.8,2
2023-05-31,SELL_CE,62862.61178571428,62622.24,108.89,163.33,-385.36,0.333,0.00073,-48.96,10.8,2
2023-05-31,SELL_CE,62862.61178571428,62622.24,108.89,163.33,-385.36,0.333,0.00073,-48.96,10.8,2
2023-06-05,SELL_PE,62418.378000000004,62787.47,64.23,32.53,269.05,-0.214,0.00055,-21.55,8.0,4
2023-06-06,SELL_CE,63093.9825,62792.88,78.76,36.41,375.39,0.28,0.00074,-28.68,8.0,3
2023-06-07,SELL_PE,62939.533214285715,63142.96,64.02,96.03,-239.21,-0.274,0.00088,-34.63,8.1,2
2023-06-07,SELL_PE,62939.533214285715,63142.96,64.02,96.03,-239.21,-0.274,0.00088,-34.63,8.1,2
2023-06-07,SELL_PE,62939.533214285715,63142.96,64.02,96.03,-239.21,-0.274,0.00088,-34.63,8.1,2
2023-06-08,SELL_PE,62693.100857142854,62848.64,46.29,0.05,414.71,-0.272,0.0012,-48.96,8.4,1
2023-06-08,SELL_PE,62693.100857142854,62848.64,46.29,0.05,414.71,-0.272,0.0012,-48.96,8.4,1
2023-06-13,SELL_PE,62881.446500000005,63143.16,74.57,111.85,-420.88,-0.262,0.0007,-28.35,8.2,3
2023-06-13,SELL_PE,62881.446500000005,63143.16,74.57,111.85,-420.88,-0.262,0.0007,-28.35,8.2,3
2023-06-13,SELL_PE,62881.446500000005,63143.16,74.57,111.85,-420.88,-0.262,0.0007,-28.35,8.2,3
2023-06-14,SELL_PE,63043.20071428572,63228.51,67.71,101.56,-251.23,-0.288,0.00091,-35.2,8.0,2
2023-06-15,SELL_CE,63060.482285714286,62917.63,52.24,78.36,-200.85,0.31,0.00134,-49.91,8.0,1
2023-06-15,SELL_CE,63060.482285714286,62917.63,52.24,78.36,-200.85,0.31,0.00134,-49.91,8.0,1
2023-06-20,SELL_CE,63695.6985,63426.61,97.28,49.19,432.59,0.314,0.00074,-32.01,8.4,3
2023-06-20,SELL_CE,63695.6985,63426.61,97.28,49.19,432.59,0.314,0.00074,-32.01,8.4,3
2023-06-21,SELL_PE,63325.68392857143,63523.67,66.94,100.4,-248.71,-0.281,0.00088,-35.47,8.1,2
2023-06-22,SELL_CE,63433.45057142857,63278.81,54.08,81.13,-206.85,0.305,0.00126,-52.24,8.4,1
2023-06-27,SELL_PE,63154.8185,63435.47,68.25,102.37,-389.2,-0.247,0.00068,-27.18,8.1,3
2023-06-27,SELL_PE,63154.8185,63435.47,68.25,102.37,-389.2,-0.247,0.00068,-27.18,8.1,3
2023-06-28,SELL_PE,63766.9075,63969.41,68.5,102.75,-253.8,-0.281,0.00086,-36.23,8.3,2
2023-06-28,SELL_PE,63766.9075,63969.41,68.5,102.75,-253.8,-0.281,0.00086,-36.23,8.3,2
2023-06-28,SELL_PE,63766.9075,63969.41,68.5,102.75,-253.8,-0.281,0.00086,-36.23,8.3,2
2023-07-03,SELL_PE,64902.46085714286,65241.57,108.71,163.06,-591.95,-0.273,0.00052,-30.01,9.4,4
2023-07-03,SELL_PE,64902.46085714286,65241.57,108.71,163.06,-591.95,-0.273,0.00052,-30.01,9.4,4
2023-07-04,SELL_PE,65179.6765,65489.95,91.79,137.69,-507.18,-0.267,0.00059,-33.88,9.4,3
2023-07-04,SELL_PE,65179.6765,65489.95,91.79,137.69,-507.18,-0.267,0.00059,-33.88,9.4,3
2023-07-06,SELL_PE,65568.22257142857,65750.27,53.95,80.92,-206.4,-0.272,0.00103,-56.65,9.4,1
2023-07-06,SELL_PE,65568.22257142857,65750.27,53.95,80.92,-206.4,-0.272,0.00103,-56.65,9.4,1
2023-07-11,SELL_PE,65325.448,65646.79,92.35,46.89,406.38,-0.265,0.00057,-34.3,9.6,3
2023-07-12,SELL_CE,65626.89607142858,65407.66,105.81,158.71,-375.33,0.34,0.00078,-46.97,9.7,2
2023-07-12,SELL_CE,65626.89607142858,65407.66,105.81,158.71,-375.33,0.34,0.00078,-46.97,9.7,2
2023-07-13,SELL_PE,65463.992000000006,65645.27,58.37,87.55,-220.8,-0.281,0.00101,-59.65,9.7,1
2023-07-13,SELL_PE,65463.992000000006,65645.27,58.37,87.55,-220.8,-0.281,0.00101,-59.65,9.7,1
2023-07-17,SELL_PE,66234.03371428572,66619.06,102.28,153.41,-559.73,-0.255,0.00048,-29.71,9.5,4
2023-07-17,SELL_PE,66234.03371428572,66619.06,102.28,153.41,-559.73,-0.255,0.00048,-29.71,9.5,4
2023-07-18,SELL_PE,66437.037,66791.98,78.98,37.38,367.94,-0.24,0.00056,-31.72,9.2,3
2023-07-18,SELL_PE,66437.037,66791.98,78.98,37.38,367.94,-0.24,0.00056,-31.72,9.2,3
2023-07-19,SELL_PE,66894.59642857143,67148.83,76.61,114.91,-280.22,-0.271,0.00072,-41.33,9.2,2
2023-07-20,SELL_PE,67345.67885714285,67548.29,50.83,76.25,-196.27,-0.256,0.00098,-56.08,9.3,1
2023-07-20,SELL_PE,67345.67885714285,67548.29,50.83,76.25,-196.27,-0.256,0.00098,-56.08,9.3,1
2023-07-24,SELL_CE,66794.03514285714,66374.05,151.1,226.65,-804.4,0.313,0.00047,-37.04,10.8,4
2023-07-26,SELL_PE,66447.09321428572,66709.88,97.09,145.64,-346.95,-0.292,0.00065,-48.75,10.7,2
2023-07-26,SELL_PE,66447.09321428572,66709.88,97.09,145.64,-346.95,-0.292,0.00065,-48.75,10.7,2
2023-07-27,SELL_PE,66199.4477142857,66409.4,63.34,95.0,-236.99,-0.275,0.00089,-65.52,10.7,1
2023-07-27,SELL_CE,66619.35228571428,66409.4,70.52,105.79,-260.4,0.299,0.00093,-68.31,10.7,1
2023-07-27,SELL_CE,66619.35228571428,66409.4,70.52,105.79,-260.4,0.299,0.00093,-68.31,10.7,1
2023-07-31,SELL_PE,66072.67228571429,66508.61,97.48,146.23,-535.72,-0.239,0.00045,-29.58,9.9,4
2023-08-02,SELL_CE,66032.035,65758.13,110.8,166.19,-391.58,0.321,0.00067,-51.44,10.9,2
2023-08-02,SELL_CE,66032.035,65758.13,110.8,166.19,-391.58,0.321,0.00067,-51.44,10.9,2
2023-08-03,SELL_CE,65499.75685714286,65274.51,69.9,104.86,-258.38,0.291,0.00089,-69.25,11.3,1
2023-08-03,SELL_CE,65499.75685714286,65274.51,69.9,104.86,-258.38,0.291,0.00089,-69.25,11.3,1
2023-08-07,SELL_PE,65507.31742857142,65962.15,118.04,66.12,470.65,-0.254,0.00042,-33.83,11.1,4
2023-08-09,SELL_CE,66268.60642857142,65994.53,112.04,42.23,649.62,0.322,0.00067,-51.85,11.0,2
2023-08-09,SELL_CE,66268.60642857142,65994.53,112.04,42.23,649.62,0.322,0.00067,-51.85,11.0,2
2023-08-14,SELL_CE,65763.28428571428,65346.43,135.26,76.35,540.42,0.303,0.00049,-34.31,10.3,4
2023-08-14,SELL_CE,65763.28428571428,65346.43,135.26,76.35,540.42,0.303,0.00049,-34.31,10.3,4
2023-08-23,SELL_PE,65160.45035714286,65413.13,69.94,104.91,-258.49,-0.263,0.00075,-38.75,9.0,2
2023-08-24,SELL_PE,65045.86885714286,65235.75,43.93,0.05,391.15,-0.248,0.00106,-49.9,8.7,1
2023-08-24,SELL_PE,65045.86885714286,65235.75,43.93,0.05,391.15,-0.248,0.00106,-49.9,8.7,1
2023-08-30,SELL_PE,64851.0975,65084.25,67.72,24.2,387.25,-0.267,0.00079,-37.2,8.6,2
2023-08-30,SELL_PE,64851.0975,65084.25,67.72,24.2,387.25,-0.267,0.00079,-37.2,8.6,2
2023-08-31,SELL_CE,65011.784,64831.41,44.31,66.46,-175.0,0.268,0.00121,-47.8,8.0,1
2023-08-31,SELL_CE,65011.784,64831.41,44.31,66.46,-175.0,0.268,0.00121,-47.8,8.0,1
2023-09-04,SELL_PE,65249.79028571428,65628.14,68.75,35.35,286.1,-0.218,0.00054,-22.78,8.0,4
2023-09-05,SELL_PE,65463.98099999999,65780.26,63.69,29.4,294.98,-0.229,0.00064,-26.79,8.0,3
2023-09-06,SELL_PE,65666.70642857143,65880.52,64.72,97.08,-241.5,-0.27,0.00085,-35.45,8.0,2
2023-09-06,SELL_CE,66094.33357142858,65880.52,78.86,28.18,458.65,0.314,0.00091,-38.28,8.0,2
2023-09-07,SELL_PE,66094.64085714286,66265.56,42.39,63.59,-168.77,-0.254,0.00116,-47.48,8.0,1
2023-09-07,SELL_PE,66094.64085714286,66265.56,42.39,63.59,-168.77,-0.254,0.00116,-47.48,8.0,1
2023-09-11,SELL_PE,66774.45771428572,67127.08,78.21,117.31,-439.12,-0.236,0.00055,-24.5,8.0,4
2023-09-11,SELL_PE,66774.45771428572,67127.08,78.21,117.31,-439.12,-0.236,0.00055,-24.5,8.0,4
2023-09-12,SELL_PE,66900.619,67221.13,65.71,30.5,304.17,-0.231,0.00062,-27.49,8.0,3
2023-09-12,SELL_PE,66900.619,67221.13,65.71,30.5,304.17,-0.231,0.00062,-27.49,8.0,3
2023-09-14,SELL_PE,67336.53057142856,67519.0,41.11,61.66,-164.59,-0.245,0.00111,-47.37,8.0,1
2023-09-14,SELL_PE,67336.53057142856,67519.0,41.11,61.66,-164.59,-0.245,0.00111,-47.37,8.0,1
2023-09-20,SELL_CE,67028.50321428571,66800.84,95.26,142.89,-340.98,0.326,0.0008,-44.23,9.1,2
2023-09-20,SELL_CE,67028.50321428571,66800.84,95.26,142.89,-340.98,0.326,0.0008,-44.23,9.1,2
2023-09-21,SELL_CE,66416.95914285714,66230.24,66.37,99.55,-246.86,0.305,0.00103,-63.39,9.8,1
2023-09-21,SELL_CE,66416.95914285714,66230.24,66.37,99.55,-246.86,0.305,0.00103,-63.39,9.8,1
2023-09-27,SELL_PE,65892.07892857143,66118.69,84.6,126.91,-306.26,-0.292,0.00075,-42.92,9.4,2
2023-09-27,SELL_CE,66345.30107142858,66118.69,99.82,38.47,565.08,0.331,0.00079,-45.56,9.4,2
2023-09-27,SELL_CE,66345.30107142858,66118.69,99.82,38.47,565.08,0.331,0.00079,-45.56,9.4,2
2023-09-28,SELL_PE,65323.053714285714,65508.32,63.03,0.05,581.92,-0.286,0.00097,-63.16,10.3,1
2023-09-28,SELL_PE,65323.053714285714,65508.32,63.03,0.05,581.92,-0.286,0.00097,-63.16,10.3,1
2023-09-28,SELL_CE,65693.58628571428,65508.32,70.36,105.53,-259.85,0.312,0.00101,-65.79,10.3,1
2023-10-03,SELL_CE,65859.90149999999,65512.1,111.35,54.95,515.6,0.3,0.00059,-37.57,9.9,3
2023-10-04,SELL_CE,65475.63464285714,65226.04,99.6,37.06,577.0,0.32,0.00075,-46.65,9.9,2
2023-10-04,SELL_CE,65475.63464285714,65226.04,99.6,37.06,577.0,0.32,0.00075,-46.65,9.9,2
2023-10-05,SELL_PE,65435.81342857143,65631.57,60.23,0.05,553.89,-0.277,0.00095,-62.14,10.2,1
2023-10-05,SELL_PE,65435.81342857143,65631.57,60.23,0.05,553.89,-0.277,0.00095,-62.14,10.2,1
2023-10-09,SELL_CE,65886.57171428572,65512.39,155.93,92.38,586.58,0.329,0.0005,-36.66,10.6,4
2023-10-10,SELL_PE,65749.823,66079.36,119.73,179.6,-647.2,-0.288,0.00052,-40.99,11.0,3
2023-10-10,SELL_PE,65749.823,66079.36,119.73,179.6,-647.2,-0.288,0.00052,-40.99,11.0,3
2023-10-11,SELL_PE,66228.82428571429,66473.05,103.99,42.58,565.71,-0.305,0.00066,-50.16,10.8,2
2023-10-11,SELL_PE,66228.82428571429,66473.05,103.99,42.58,565.71,-0.305,0.00066,-50.16,10.8,2
2023-10-17,SELL_PE,66115.3145,66428.09,115.52,62.3,483.62,-0.289,0.00054,-39.58,10.5,3
2023-10-18,SELL_CE,66101.78857142858,65877.02,126.76,190.14,-443.59,0.354,0.0007,-53.57,10.9,2
2023-10-18,SELL_CE,66101.78857142858,65877.02,126.76,190.14,-443.59,0.354,0.0007,-53.57,10.9,2
2023-10-18,SELL_CE,66101.78857142858,65877.02,126.76,190.14,-443.59,0.354,0.0007,-53.57,10.9,2
2023-10-19,SELL_CE,65809.36514285715,65629.24,69.01,103.51,-255.46,0.313,0.00103,-64.42,10.0,1
2023-10-19,SELL_CE,65809.36514285715,65629.24,69.01,103.51,-255.46,0.313,0.00103,-64.42,10.0,1
2023-10-23,SELL_CE,64886.91828571428,64571.88,173.72,260.58,-917.77,0.357,0.00052,-37.72,10.7,4
2023-10-23,SELL_CE,64886.91828571428,64571.88,173.72,260.58,-917.77,0.357,0.00052,-37.72,10.7,4
2023-10-25,SELL_CE,64263.185,64049.06,127.1,190.65,-444.68,0.359,0.00071,-52.94,11.0,2
2023-10-25,SELL_CE,64263.185,64049.06,127.1,190.65,-444.68,0.359,0.00071,-52.94,11.0,2
2023-10-26,SELL_CE,63331.48342857143,63148.15,89.17,133.75,-321.13,0.336,0.00091,-77.14,12.2,1
2023-10-26,SELL_CE,63331.48342857143,63148.15,89.17,133.75,-321.13,0.336,0.00091,-77.14,12.2,1
2023-10-30,SELL_PE,63714.120285714285,64112.65,166.96,250.44,-883.88,-0.301,0.0004,-41.18,12.9,4
2023-10-31,SELL_PE,63506.3285,63874.93,133.93,71.66,573.96,-0.289,0.00047,-45.18,12.7,3
2023-11-01,SELL_CE,63858.97,63591.33,135.67,203.51,-472.6,0.343,0.00062,-58.65,12.7,2
2023-11-01,SELL_CE,63858.97,63591.33,135.67,203.51,-472.6,0.343,0.00062,-58.65,12.7,2
2023-11-02,SELL_PE,63865.26742857143,64080.9,84.79,127.19,-306.88,-0.302,0.00079,-80.23,13.1,1
2023-11-02,SELL_PE,63865.26742857143,64080.9,84.79,127.19,-306.88,-0.302,0.00079,-80.23,13.1,1
2023-11-06,SELL_PE,64537.40085714286,64958.69,175.19,107.87,623.99,-0.301,0.00038,-43.12,13.4,4
2023-11-06,SELL_PE,64537.40085714286,64958.69,175.19,107.87,623.99,-0.301,0.00038,-43.12,13.4,4
2023-11-09,SELL_CE,65038.38771428571,64832.2,85.64,128.47,-309.65,0.32,0.00087,-77.54,12.2,1
2023-11-13,SELL_CE,65299.80942857143,64933.87,206.48,129.67,718.54,0.357,0.00044,-44.08,12.6,4
2023-11-15,SELL_PE,65466.90785714285,65675.93,160.54,240.81,-553.61,-0.359,0.00057,-65.33,13.4,2
2023-11-15,SELL_PE,65466.90785714285,65675.93,160.54,240.81,-553.61,-0.359,0.00057,-65.33,13.4,2
2023-11-16,SELL_PE,65824.03457142856,65982.48,108.8,163.19,-385.06,-0.353,0.00082,-88.69,13.2,1
2023-11-16,SELL_PE,65824.03457142856,65982.48,108.8,163.19,-385.06,-0.353,0.00082,-88.69,13.2,1
2023-11-21,SELL_PE,65671.849,65930.77,160.56,95.78,598.8,-0.338,0.00051,-47.39,11.9,3
2023-11-22,SELL_CE,66204.16928571429,66023.24,149.88,70.56,744.26,0.389,0.0007,-57.26,11.3,2
2023-11-22,SELL_CE,66204.16928571429,66023.24,149.88,70.56,744.26,0.389,0.0007,-57.26,11.3,2
2023-11-23,SELL_PE,65872.74399999999,66017.81,61.77,0.05,569.32,-0.307,0.00112,-58.67,9.1,1
2023-11-23,SELL_PE,65872.74399999999,66017.81,61.77,0.05,569.32,-0.307,0.00112,-58.67,9.1,1
2023-11-28,SELL_PE,65928.961,66174.2,90.45,135.67,-500.46,-0.287,0.00068,-31.94,8.4,3
2023-11-29,SELL_PE,66727.94071428572,66901.91,93.74,140.61,-336.01,-0.325,0.00082,-43.45,8.9,2
2023-11-29,SELL_PE,66727.94071428572,66901.91,93.74,140.61,-336.01,-0.325,0.00082,-43.45,8.9,2
2023-11-30,SELL_PE,66840.72685714286,66988.44,54.5,81.75,-208.21,-0.293,0.00117,-54.21,8.4,1
2023-11-30,SELL_PE,66840.72685714286,66988.44,54.5,81.75,-208.21,-0.293,0.00117,-54.21,8.4,1
2023-12-04,SELL_PE,68560.32857142857,68865.12,171.35,257.02,-905.86,-0.326,0.00045,-39.96,11.1,4
2023-12-04,SELL_PE,68560.32857142857,68865.12,171.35,257.02,-905.86,-0.326,0.00045,-39.96,11.1,4
2023-12-05,SELL_PE,69007.279,69296.14,139.01,208.52,-743.82,-0.314,0.00052,-44.23,10.9,3
2023-12-05,SELL_PE,69007.279,69296.14,139.01,208.52,-743.82,-0.314,0.00052,-44.23,10.9,3
2023-12-06,SELL_PE,69443.72821428571,69653.73,123.35,185.03,-432.48,-0.335,0.00066,-54.73,10.8,2
2023-12-06,SELL_PE,69443.72821428571,69653.73,123.35,185.03,-432.48,-0.335,0.00066,-54.73,10.8,2
2023-12-07,SELL_CE,69688.99028571429,69521.69,93.3,139.96,-334.6,0.35,0.00093,-77.97,10.9,1
2023-12-12,SELL_CE,69818.4215,69551.03,183.21,274.81,-965.3,0.375,0.00053,-49.45,11.3,3
2023-12-12,SELL_CE,69818.4215,69551.03,183.21,274.81,-965.3,0.375,0.00053,-49.45,11.3,3
2023-12-13,SELL_CE,69788.32964285715,69584.6,143.45,64.62,739.52,0.375,0.00068,-57.2,10.8,2
2023-12-13,SELL_CE,69788.32964285715,69584.6,143.45,64.62,739.52,0.375,0.00068,-57.2,10.8,2
2023-12-14,SELL_PE,70346.67942857143,70514.2,87.9,131.85,-317.0,-0.328,0.00089,-77.7,11.0,1
2023-12-14,SELL_PE,70346.67942857143,70514.2,87.9,131.85,-317.0,-0.328,0.00089,-77.7,11.0,1
2023-12-20,SELL_PE,70260.48178571428,70506.31,165.42,77.43,830.87,-0.348,0.00053,-69.45,13.5,2
2023-12-20,SELL_PE,70260.48178571428,70506.31,165.42,77.43,830.87,-0.348,0.00053,-69.45,13.5,2
2023-12-20,SELL_CE,70752.13821428572,70506.31,184.59,276.89,-631.95,0.379,0.00054,-71.68,13.5,2
2023-12-20,SELL_CE,70752.13821428572,70506.31,184.59,276.89,-631.95,0.379,0.00054,-71.68,13.5,2
2023-12-21,SELL_CE,71094.64628571429,70865.1,109.74,0.08,1048.18,0.334,0.00073,-95.11,13.5,1
2023-12-21,SELL_CE,71094.64628571429,70865.1,109.74,0.08,1048.18,0.334,0.00073,-95.11,13.5,1
2023-12-26,SELL_PE,70908.829,71336.8,157.37,84.38,681.01,-0.291,0.0004,-52.68,13.3,3
2023-12-27,SELL_PE,71731.56571428571,72038.43,149.75,224.62,-518.45,-0.319,0.0005,-68.26,13.5,2
2023-12-27,SELL_PE,71731.56571428571,72038.43,149.75,224.62,-518.45,-0.319,0.0005,-68.26,13.5,2
2023-12-28,SELL_PE,72156.41457142857,72410.38,93.08,139.62,-333.88,-0.295,0.00069,-89.85,13.2,1
2023-12-28,SELL_PE,72156.41457142857,72410.38,93.08,139.62,-333.88,-0.295,0.00069,-89.85,13.2,1
2024-01-02,SELL_CE,72345.625,71892.48,140.49,68.99,666.22,0.295,0.00045,-47.42,11.7,3
2024-01-02,SELL_CE,72345.625,71892.48,140.49,68.99,666.22,0.295,0.00045,-47.42,11.7,3
2024-01-03,SELL_CE,71684.89357142858,71356.6,132.96,199.44,-463.78,0.32,0.00056,-61.42,12.1,2
2024-01-03,SELL_CE,71684.89357142858,71356.6,132.96,199.44,-463.78,0.32,0.00056,-61.42,12.1,2
2024-01-08,SELL_CE,71842.97942857143,71355.22,206.52,309.78,-1082.11,0.328,0.00037,-47.74,12.9,4
2024-01-10,SELL_CE,71985.67571428572,71657.71,143.95,55.96,831.06,0.328,0.00054,-64.84,12.7,2
2024-01-11,SELL_PE,71487.02485714285,71721.18,90.84,0.05,859.65,-0.3,0.00073,-86.47,12.7,1
2024-01-11,SELL_PE,71487.02485714285,71721.18,90.84,0.05,859.65,-0.3,0.00073,-86.47,12.7,1
2024-01-15,SELL_PE,72881.87885714286,73327.94,167.76,101.52,613.25,-0.29,0.00037,-43.0,11.9,4
2024-01-15,SELL_PE,72881.87885714286,73327.94,167.76,101.52,613.25,-0.29,0.00037,-43.0,11.9,4
2024-01-17,SELL_CE,71774.37142857142,71500.76,216.18,324.28,-734.86,0.383,0.00047,-82.47,15.4,2
2024-01-17,SELL_CE,71774.37142857142,71500.76,216.18,324.28,-734.86,0.383,0.00047,-82.47,15.4,2
2024-01-18,SELL_CE,71425.99514285714,71186.86,120.67,181.0,-423.74,0.339,0.00068,-102.8,14.5,1
2024-01-18,SELL_CE,71425.99514285714,71186.86,120.67,181.0,-423.74,0.339,0.00068,-102.8,14.5,1
2024-01-23,SELL_CE,70802.4405,70370.55,236.14,354.21,-1230.56,0.351,0.00037,-66.58,15.8,3
2024-01-23,SELL_CE,70802.4405,70370.55,236.14,354.21,-1230.56,0.351,0.00037,-66.58,15.8,3
2024-01-24,SELL_CE,71413.32535714285,71060.31,193.54,81.63,1069.78,0.349,0.00045,-81.18,15.8,2
2024-01-29,SELL_PE,71314.25457142858,71941.57,249.88,374.82,-1299.43,-0.298,0.00026,-60.66,17.4,4
2024-01-29,SELL_PE,71314.25457142858,71941.57,249.88,374.82,-1299.43,-0.298,0.00026,-60.66,17.4,4
2024-01-31,SELL_CE,72165.15571428572,71752.11,224.25,94.54,1247.33,0.348,0.00038,-93.87,18.2,2
2024-02-01,SELL_PE,71303.93514285714,71645.3,127.59,0.05,1226.72,-0.298,0.00051,-120.59,18.0,1
2024-02-01,SELL_PE,71303.93514285714,71645.3,127.59,0.05,1226.72,-0.298,0.00051,-120.59,18.0,1
2024-02-07,SELL_PE,71690.24535714286,72152.0,182.52,71.83,1057.64,-0.301,0.00037,-86.45,17.8,2
2024-02-08,SELL_CE,71785.41914285714,71428.43,134.08,201.13,-467.43,0.309,0.00052,-123.78,18.2,1
2024-02-08,SELL_CE,71785.41914285714,71428.43,134.08,201.13,-467.43,0.309,0.00052,-123.78,18.2,1
2024-02-14,SELL_PE,71394.11571428571,71827.3,184.48,276.72,-631.59,-0.308,0.00038,-85.65,17.5,2
2024-02-15,SELL_PE,71704.38285714286,72050.38,87.83,131.75,-316.78,-0.259,0.00058,-93.94,14.8,1
2024-02-19,SELL_PE,72074.01371428571,72708.16,181.84,103.68,732.35,-0.266,0.00029,-49.2,14.6,4
2024-02-20,SELL_PE,72527.185,73057.4,165.27,247.9,-875.4,-0.275,0.00034,-57.48,14.6,3
2024-02-22,SELL_CE,73457.11171428573,73158.24,88.85,0.05,839.85,0.286,0.00068,-88.78,13.1,1
2024-02-22,SELL_CE,73457.11171428573,73158.24,88.85,0.05,839.85,0.286,0.00068,-88.78,13.1,1
2024-02-26,SELL_CE,73367.44714285714,72790.13,139.41,73.38,611.45,0.27,0.00039,-38.53,11.1,4
2024-02-28,SELL_CE,72653.89607142858,72304.88,101.69,152.54,-361.93,0.287,0.0006,-52.18,10.6,2
2024-02-28,SELL_CE,72653.89607142858,72304.88,101.69,152.54,-361.93,0.287,0.0006,-52.18,10.6,2
2024-02-29,SELL_CE,72772.59914285714,72500.3,63.89,0.05,590.45,0.262,0.00081,-69.14,10.6,1
2024-03-05,SELL_CE,74110.706,73677.13,162.64,84.07,736.64,0.315,0.00044,-51.74,12.1,3
2024-03-06,SELL_PE,73776.90857142858,74085.99,112.11,168.16,-395.85,-0.29,0.00056,-56.34,11.2,2
2024-03-11,SELL_CE,74011.62742857143,73502.64,167.48,251.22,-886.5,0.303,0.0004,-42.05,11.3,4
2024-03-13,SELL_CE,73079.21392857142,72761.89,146.63,219.94,-508.29,0.334,0.00054,-65.13,12.4,2
2024-03-13,SELL_CE,73079.21392857142,72761.89,146.63,219.94,-508.29,0.334,0.00054,-65.13,12.4,2
2024-03-19,SELL_CE,72511.0815,72012.05,158.7,78.67,751.31,0.297,0.00041,-52.85,13.0,3
2024-03-20,SELL_CE,72442.28107142857,72101.69,145.16,55.85,844.27,0.325,0.00052,-65.9,12.9,2
2024-03-21,SELL_PE,72365.92942857143,72641.19,83.67,0.05,788.09,-0.276,0.00068,-85.41,12.9,1
2024-03-21,SELL_PE,72365.92942857143,72641.19,83.67,0.05,788.09,-0.276,0.00068,-85.41,12.9,1
2024-03-27,SELL_PE,72649.93178571429,72996.31,135.17,202.76,-470.98,-0.298,0.00049,-65.62,13.2,2
2024-03-27,SELL_PE,72649.93178571429,72996.31,135.17,202.76,-470.98,-0.298,0.00049,-65.62,13.2,2
2024-03-28,SELL_PE,73373.25571428573,73651.35,84.25,126.37,-305.1,-0.276,0.00068,-86.11,12.8,1
2024-03-28,SELL_PE,73373.25571428573,73651.35,84.25,126.37,-305.1,-0.276,0.00068,-86.11,12.8,1
2024-04-03,SELL_CE,74219.59142857144,73876.82,113.14,39.12,691.68,0.3,0.00058,-55.82,10.9,2
2024-04-04,SELL_PE,73954.87285714287,74227.63,65.08,97.62,-242.67,-0.252,0.00074,-72.04,11.1,1
2024-04-04,SELL_PE,73954.87285714287,74227.63,65.08,97.62,-242.67,-0.252,0.00074,-72.04,11.1,1
2024-04-08,SELL_PE,74252.60571428572,74742.5,139.9,80.07,549.48,-0.264,0.00038,-39.03,11.1,4
2024-04-08,SELL_PE,74252.60571428572,74742.5,139.9,80.07,549.48,-0.264,0.00038,-39.03,11.1,4
2024-04-09,SELL_PE,74257.7435,74683.7,122.52,61.97,556.86,-0.266,0.00044,-44.74,11.1,3
2024-04-15,SELL_CE,73865.1217142857,73399.78,182.44,273.67,-961.48,0.322,0.00041,-43.46,11.4,4
2024-04-15,SELL_CE,73865.1217142857,73399.78,182.44,273.67,-961.48,0.322,0.00041,-43.46,11.4,4
2024-04-16,SELL_CE,73357.0645,72943.68,154.79,79.91,699.83,0.315,0.00046,-49.38,11.6,3
2024-04-16,SELL_CE,73357.0645,72943.68,154.79,79.91,699.83,0.315,0.00046,-49.38,11.6,3
2024-04-18,SELL_PE,72266.85971428572,72488.99,82.02,0.05,771.54,-0.295,0.00079,-79.62,11.6,1
2024-04-18,SELL_PE,72266.85971428572,72488.99,82.02,0.05,771.54,-0.295,0.00079,-79.62,11.6,1
2024-04-18,SELL_CE,72711.12028571429,72488.99,90.4,135.61,-325.15,0.318,0.00081,-82.47,11.6,1
2024-04-18,SELL_CE,72711.12028571429,72488.99,90.4,135.61,-325.15,0.318,0.00081,-82.47,11.6,1
2024-04-22,SELL_PE,73111.74057142857,73648.62,134.5,74.67,549.55,-0.251,0.00036,-38.77,11.5,4
2024-04-22,SELL_PE,73111.74057142857,73648.62,134.5,74.67,549.55,-0.251,0.00036,-38.77,11.5,4
2024-04-23,SELL_PE,73295.1555,73738.45,124.12,62.27,569.84,-0.264,0.00042,-45.5,11.5,3
2024-04-25,SELL_PE,74086.03342857143,74339.44,75.05,112.58,-275.14,-0.273,0.00075,-77.73,11.4,1
2024-04-25,SELL_PE,74086.03342857143,74339.44,75.05,112.58,-275.14,-0.273,0.00075,-77.73,11.4,1
2024-04-25,SELL_CE,74592.84657142857,74339.44,83.11,0.05,782.42,0.296,0.00078,-80.9,11.4,1
2024-04-25,SELL_CE,74592.84657142857,74339.44,83.11,0.05,782.42,0.296,0.00078,-80.9,11.4,1
2024-04-30,SELL_PE,74005.747,74482.78,130.64,65.08,606.97,-0.262,0.0004,-47.96,12.1,3
2024-05-07,SELL_CE,74057.747,73511.85,144.23,67.78,715.69,0.278,0.0004,-50.9,12.7,3
2024-05-07,SELL_CE,74057.747,73511.85,144.23,67.78,715.69,0.278,0.0004,-50.9,12.7,3
2024-05-08,SELL_CE,73862.63428571429,73466.39,129.76,44.95,799.44,0.298,0.0005,-63.75,12.7,2
2024-05-09,SELL_CE,72725.75428571428,72404.17,86.5,129.76,-312.45,0.275,0.00065,-89.06,13.5,1
2024-05-09,SELL_CE,72725.75428571428,72404.17,86.5,129.76,-312.45,0.275,0.00065,-89.06,13.5,1
2024-05-09,SELL_CE,72725.75428571428,72404.17,86.5,129.76,-312.45,0.275,0.00065,-89.06,13.5,1
2024-05-13,SELL_CE,73376.12542857144,72776.13,194.54,110.31,792.93,0.3,0.00034,-48.56,13.5,4
2024-05-14,SELL_PE,72556.7605,73104.61,128.47,61.14,624.68,-0.247,0.00036,-49.0,13.1,3
2024-05-16,SELL_PE,73339.906,73663.72,69.9,104.85,-258.36,-0.243,0.00064,-79.17,12.6,1
2024-05-16,SELL_PE,73339.906,73663.72,69.9,104.85,-258.36,-0.243,0.00064,-79.17,12.6,1
2024-05-16,SELL_PE,73339.906,73663.72,69.9,104.85,-258.36,-0.243,0.00064,-79.17,12.6,1
2024-05-16,SELL_CE,73987.534,73663.72,77.21,0.05,723.51,0.263,0.00067,-82.7,12.6,1
2024-05-16,SELL_CE,73987.534,73663.72,77.21,0.05,723.51,0.263,0.00067,-82.7,12.6,1
2024-05-23,SELL_PE,75122.31028571428,75418.04,89.49,134.23,-322.17,-0.276,0.00064,-91.31,13.3,1
2024-05-23,SELL_PE,75122.31028571428,75418.04,89.49,134.23,-322.17,-0.276,0.00064,-91.31,13.3,1
2024-05-23,SELL_PE,75122.31028571428,75418.04,89.49,134.23,-322.17,-0.276,0.00064,-91.31,13.3,1
2024-05-27,SELL_PE,74825.72685714286,75390.5,158.06,89.86,632.96,-0.263,0.00033,-43.76,12.5,4
2024-05-29,SELL_CE,74854.38464285714,74502.9,135.53,203.29,-472.13,0.315,0.00053,-63.52,12.1,2
2024-05-29,SELL_CE,74854.38464285714,74502.9,135.53,203.29,-472.13,0.315,0.00053,-63.52,12.1,2
2024-05-29,SELL_CE,74854.38464285714,74502.9,135.53,203.29,-472.13,0.315,0.00053,-63.52,12.1,2
2024-05-30,SELL_CE,74148.68371428573,73885.6,94.1,141.15,-337.2,0.305,0.00072,-88.98,12.6,1
2024-05-30,SELL_CE,74148.68371428573,73885.6,94.1,141.15,-337.2,0.305,0.00072,-88.98,12.6,1
2024-05-30,SELL_CE,74148.68371428573,73885.6,94.1,141.15,-337.2,0.305,0.00072,-88.98,12.6,1
2024-06-03,SELL_PE,75944.85485714285,76468.78,331.22,496.83,-1707.03,-0.341,0.00025,-70.96,18.1,4
2024-06-03,SELL_PE,75944.85485714285,76468.78,331.22,496.83,-1707.03,-0.341,0.00025,-70.96,18.1,4
2024-06-04,SELL_CE,72560.394,72079.05,600.33,900.49,-3055.6,0.418,0.00019,-135.77,30.7,3
2024-06-04,SELL_CE,72560.394,72079.05,600.33,900.49,-3055.6,0.418,0.00019,-135.77,30.7,3
2024-06-06,SELL_PE,74598.79628571428,75074.51,306.63,459.94,-1029.46,-0.349,0.00029,-244.17,32.9,1
2024-06-06,SELL_PE,74598.79628571428,75074.51,306.63,459.94,-1029.46,-0.349,0.00029,-244.17,32.9,1
2024-06-19,SELL_PE,76710.38249999999,77337.59,484.83,232.17,2473.92,-0.362,0.00019,-186.32,33.8,2
2024-06-25,SELL_PE,77175.81300000001,78053.52,549.82,326.39,2180.92,-0.342,0.00016,-149.79,33.4,3
2024-06-26,SELL_PE,78238.77785714285,78674.25,565.66,848.49,-1873.22,-0.401,0.0002,-194.13,33.5,2
2024-06-26,SELL_PE,78238.77785714285,78674.25,565.66,848.49,-1873.22,-0.401,0.0002,-194.13,33.5,2
2024-06-27,SELL_PE,78947.42857142857,79243.18,406.83,610.25,-1355.85,-0.407,0.00028,-272.86,33.2,1
2024-06-27,SELL_PE,78947.42857142857,79243.18,406.83,610.25,-1355.85,-0.407,0.00028,-272.86,33.2,1
2024-07-02,SELL_PE,78978.48199999999,79441.45,639.65,425.29,2089.18,-0.403,0.00018,-146.79,30.3,3
2024-07-03,SELL_PE,79653.94178571428,79986.8,207.93,95.11,1078.66,-0.342,0.00041,-88.01,15.3,2
2024-07-04,SELL_PE,79789.02342857143,80049.67,69.39,0.05,645.42,-0.262,0.00075,-74.64,10.4,1
2024-07-04,SELL_PE,79789.02342857143,80049.67,69.39,0.05,645.42,-0.262,0.00075,-74.64,10.4,1
2024-07-09,SELL_PE,79887.537,80351.64,61.36,24.65,319.19,-0.191,0.00047,-29.14,8.0,3
2024-07-10,SELL_CE,80238.48107142857,79924.77,79.8,119.7,-290.61,0.275,0.0007,-43.36,8.0,2
2024-07-10,SELL_CE,80238.48107142857,79924.77,79.8,119.7,-290.61,0.275,0.0007,-43.36,8.0,2
2024-07-18,SELL_PE,81102.13657142858,81343.46,44.45,66.67,-175.46,-0.225,0.00088,-54.4,8.0,1
2024-07-18,SELL_PE,81102.13657142858,81343.46,44.45,66.67,-175.46,-0.225,0.00088,-54.4,8.0,1
2024-07-18,SELL_CE,81584.78342857143,81343.46,51.7,0.05,468.69,0.254,0.00094,-58.21,8.0,1
2024-07-18,SELL_CE,81584.78342857143,81343.46,51.7,0.05,468.69,0.254,0.00094,-58.21,8.0,1
2024-07-22,SELL_CE,81014.81028571428,80502.08,128.7,68.08,557.53,0.276,0.00044,-35.66,9.0,4
2024-07-23,SELL_CE,80883.23199999999,80429.04,108.6,49.05,547.05,0.269,0.0005,-40.29,9.1,3
2024-07-23,SELL_CE,80883.23199999999,80429.04,108.6,49.05,547.05,0.269,0.0005,-40.29,9.1,3
2024-07-25,SELL_CE,80338.39685714286,80039.8,41.55,0.05,367.3,0.21,0.00082,-53.49,8.4,1
2024-07-25,SELL_CE,80338.39685714286,80039.8,41.55,0.05,367.3,0.21,0.00082,-53.49,8.4,1
2024-07-29,SELL_PE,80701.4057142857,81355.84,95.02,45.95,442.42,-0.199,0.00033,-32.63,10.0,4
2024-08-01,SELL_PE,81541.15485714286,81867.55,46.48,0.05,416.62,-0.202,0.00069,-60.73,9.6,1
2024-08-01,SELL_PE,81541.15485714286,81867.55,46.48,0.05,416.62,-0.202,0.00069,-60.73,9.6,1
2024-08-05,SELL_CE,79363.62685714285,78759.4,293.82,440.73,-1519.59,0.341,0.00028,-64.59,15.8,4
2024-08-05,SELL_CE,79363.62685714285,78759.4,293.82,440.73,-1519.59,0.341,0.00028,-64.59,15.8,4
2024-08-08,SELL_CE,79235.05542857143,78886.22,137.85,206.78,-479.71,0.314,0.00052,-125.62,16.6,1
2024-08-08,SELL_CE,79235.05542857143,78886.22,137.85,206.78,-479.71,0.314,0.00052,-125.62,16.6,1
2024-08-13,SELL_CE,79507.09999999999,78956.03,277.08,415.62,-1435.73,0.342,0.0003,-79.71,17.1,3
2024-08-20,SELL_PE,80295.829,80802.86,294.73,173.43,1162.5,-0.335,0.00028,-84.96,18.0,3
2024-08-22,SELL_PE,80769.9462857143,81053.19,177.24,0.58,1717.48,-0.346,0.00048,-145.38,17.9,1
2024-08-22,SELL_PE,80769.9462857143,81053.19,177.24,0.58,1717.48,-0.346,0.00048,-145.38,17.9,1
2024-08-26,SELL_PE,81147.35457142857,81698.11,322.37,209.8,1074.8,-0.334,0.00025,-70.82,17.0,4
2024-08-26,SELL_PE,81147.35457142857,81698.11,322.37,209.8,1074.8,-0.334,0.00025,-70.82,17.0,4
2024-08-28,SELL_PE,81511.90321428572,81785.56,274.97,140.86,1290.82,-0.381,0.00037,-103.39,16.9,2
2024-08-29,SELL_PE,81917.74342857143,82134.61,189.59,284.38,-648.23,-0.374,0.00052,-143.74,17.0,1
2024-08-29,SELL_PE,81917.74342857143,82134.61,189.59,284.38,-648.23,-0.374,0.00052,-143.74,17.0,1
2024-09-04,SELL_CE,82573.59321428572,82352.64,176.35,82.14,892.89,0.386,0.00059,-68.15,10.7,2
2024-09-04,SELL_CE,82573.59321428572,82352.64,176.35,82.14,892.89,0.386,0.00059,-68.15,10.7,2
2024-09-05,SELL_PE,82017.49371428572,82201.16,92.64,0.14,876.83,-0.324,0.00082,-83.28,10.2,1
2024-09-05,SELL_PE,82017.49371428572,82201.16,92.64,0.14,876.83,-0.324,0.00082,-83.28,10.2,1
2024-09-10,SELL_PE,81575.377,81921.29,156.26,234.39,-830.27,-0.308,0.00045,-50.69,10.6,3
2024-09-10,SELL_PE,81575.377,81921.29,156.26,234.39,-830.27,-0.308,0.00045,-50.69,10.6,3
2024-09-12,SELL_PE,82740.6402857143,82962.71,109.83,164.75,-388.44,-0.323,0.00069,-98.08,12.0,1
2024-09-12,SELL_PE,82740.6402857143,82962.71,109.83,164.75,-388.44,-0.323,0.00069,-98.08,12.0,1
2024-09-18,SELL_PE,82635.455,82948.23,116.43,45.51,660.64,-0.292,0.00054,-58.55,10.3,2
2024-09-18,SELL_CE,83261.00499999999,82948.23,135.6,203.4,-472.36,0.329,0.00057,-61.89,10.3,2
2024-09-19,SELL_PE,82933.93142857144,83184.8,76.36,0.05,715.05,-0.276,0.00074,-79.0,10.3,1
2024-09-19,SELL_PE,82933.93142857144,83184.8,76.36,0.05,715.05,-0.276,0.00074,-79.0,10.3,1
2024-09-26,SELL_PE,85541.48285714285,85836.12,94.18,141.26,-337.44,-0.281,0.00063,-95.11,12.0,1
2024-09-26,SELL_PE,85541.48285714285,85836.12,94.18,141.26,-337.44,-0.281,0.00063,-95.11,12.0,1
2024-09-30,SELL_CE,84848.83657142858,84299.78,287.39,431.08,-1487.37,0.349,0.0003,-62.28,14.0,4
2024-09-30,SELL_CE,84848.83657142858,84299.78,287.39,431.08,-1487.37,0.349,0.0003,-62.28,14.0,4
2024-10-03,SELL_CE,82777.02571428572,82497.1,173.97,260.95,-597.35,0.358,0.00052,-139.46,16.7,1
2024-10-03,SELL_CE,82777.02571428572,82497.1,173.97,260.95,-597.35,0.358,0.00052,-139.46,16.7,1
2024-10-07,SELL_CE,81674.584,81050.0,326.95,490.42,-1685.61,0.348,0.00026,-70.24,16.7,4
2024-10-07,SELL_CE,81674.584,81050.0,326.95,490.42,-1685.61,0.348,0.00026,-70.24,16.7,4
2024-10-09,SELL_PE,81015.13964285715,81467.1,205.74,85.19,1155.99,-0.314,0.00035,-94.04,16.7,2
2024-10-09,SELL_PE,81015.13964285715,81467.1,205.74,85.19,1155.99,-0.314,0.00035,-94.04,16.7,2
2024-10-14,SELL_PE,81308.60314285714,81973.05,235.93,140.66,902.8,-0.287,0.00026,-59.85,15.2,4
2024-10-16,SELL_CE,81930.05107142858,81501.36,202.24,303.36,-689.45,0.335,0.0004,-88.59,15.3,2
2024-10-17,SELL_CE,81351.54885714286,81006.61,128.34,192.51,-448.73,0.308,0.00054,-119.27,15.4,1
2024-10-17,SELL_CE,81351.54885714286,81006.61,128.34,192.51,-448.73,0.308,0.00054,-119.27,15.4,1
2024-10-21,SELL_PE,80431.08942857143,81151.27,167.23,90.92,714.0,-0.245,0.00027,-48.5,13.5,4
2024-10-22,SELL_CE,80843.692,80220.72,173.69,260.53,-917.6,0.283,0.00034,-60.08,13.7,3
2024-10-22,SELL_CE,80843.692,80220.72,173.69,260.53,-917.6,0.283,0.00034,-60.08,13.7,3
2024-10-23,SELL_CE,80555.71892857143,80081.98,148.43,222.65,-514.17,0.293,0.00043,-73.7,13.6,2
2024-10-31,SELL_CE,79714.44571428571,79389.06,61.13,91.7,-229.81,0.239,0.00071,-70.99,10.5,1
2024-10-31,SELL_CE,79714.44571428571,79389.06,61.13,91.7,-229.81,0.239,0.00071,-70.99,10.5,1
2024-11-04,SELL_CE,79445.98400000001,78782.24,131.62,197.43,-706.8,0.25,0.00036,-38.76,10.8,4
2024-11-04,SELL_CE,79445.98400000001,78782.24,131.62,197.43,-706.8,0.25,0.00036,-38.76,10.8,4
2024-11-06,SELL_PE,79910.85392857144,80378.13,105.03,157.55,-372.81,-0.244,0.00043,-60.22,12.1,2
2024-11-06,SELL_PE,79910.85392857144,80378.13,105.03,157.55,-372.81,-0.244,0.00043,-60.22,12.1,2
2024-11-12,SELL_CE,79323.0775,78675.18,138.29,207.43,-740.2,0.255,0.00035,-52.15,12.7,3
2024-11-13,SELL_CE,78172.25214285713,77690.95,133.92,200.88,-466.9,0.281,0.00044,-69.0,13.4,2
2024-11-13,SELL_CE,78172.25214285713,77690.95,133.92,200.88,-466.9,0.281,0.00044,-69.0,13.4,2
2024-11-18,SELL_CE,78121.97457142857,77339.01,159.01,80.23,738.8,0.251,0.0003,-45.93,13.2,4
2024-11-19,SELL_PE,76903.24,77578.38,119.54,52.13,625.56,-0.22,0.00032,-49.49,13.4,3
2024-11-21,SELL_CE,77541.90457142856,77155.79,72.35,108.52,-266.34,0.238,0.0006,-83.56,12.8,1
2024-11-21,SELL_CE,77541.90457142856,77155.79,72.35,108.52,-266.34,0.238,0.0006,-83.56,12.8,1
2024-11-25,SELL_PE,79250.23571428572,80109.85,242.49,137.41,1000.92,-0.265,0.00022,-64.84,17.8,4
2024-11-25,SELL_PE,79250.23571428572,80109.85,242.49,137.41,1000.92,-0.265,0.00022,-64.84,17.8,4
2024-11-28,SELL_CE,79444.46914285715,79043.74,145.36,218.04,-504.17,0.305,0.00047,-135.61,18.1,1
2024-11-28,SELL_CE,79444.46914285715,79043.74,145.36,218.04,-504.17,0.305,0.00047,-135.61,18.1,1
2024-12-02,SELL_PE,79436.82114285714,80248.08,274.04,411.06,-1420.49,-0.283,0.00022,-69.37,18.4,4
2024-12-03,SELL_PE,80118.9495,80845.75,239.77,124.48,1102.98,-0.282,0.00025,-80.57,18.5,3
2024-12-04,SELL_PE,80451.34678571428,80956.33,208.25,83.22,1200.71,-0.305,0.00033,-97.47,17.7,2
2024-12-05,SELL_PE,81380.68142857144,81765.86,144.7,217.05,-502.01,-0.298,0.00045,-136.61,17.8,1
2024-12-05,SELL_PE,81380.68142857144,81765.86,144.7,217.05,-502.01,-0.298,0.00045,-136.61,17.8,1
2024-12-05,SELL_CE,82151.03857142857,81765.86,154.89,232.34,-535.22,0.316,0.00047,-140.19,17.8,1
2024-12-12,SELL_CE,81643.32028571429,81289.96,136.38,204.56,-474.9,0.312,0.00052,-125.24,16.0,1
2024-12-17,SELL_CE,81291.996,80684.45,254.0,381.0,-1320.05,0.324,0.0003,-77.14,16.6,3
2024-12-17,SELL_CE,81291.996,80684.45,254.0,381.0,-1320.05,0.324,0.0003,-77.14,16.6,3
2024-12-18,SELL_CE,80628.11785714286,80182.2,226.47,339.7,-768.36,0.341,0.00037,-96.81,16.9,2
2024-12-19,SELL_CE,79554.48342857143,79218.05,158.25,0.11,1532.43,0.331,0.0005,-136.88,17.6,1
2024-12-26,SELL_CE,78813.81,78472.48,113.12,169.67,-399.14,0.296,0.00057,-108.97,14.8,1
2024-12-30,SELL_CE,78867.90428571429,78248.13,204.62,306.93,-1072.6,0.302,0.00033,-50.89,13.1,4
2024-12-31,SELL_CE,78713.5045,78139.01,156.42,74.17,773.53,0.281,0.00037,-54.68,12.8,3
2025-01-01,SELL_PE,78089.88178571429,78507.41,119.01,178.51,-418.32,-0.268,0.00045,-63.48,12.5,2
2025-01-02,SELL_PE,79595.42342857143,79943.71,106.68,160.02,-378.17,-0.278,0.00054,-107.86,14.8,1
2025-01-06,SELL_CE,78653.182,77964.99,255.04,382.56,-1325.27,0.313,0.00028,-60.72,15.6,4
2025-01-08,SELL_CE,78604.04214285714,78148.49,189.66,72.71,1120.17,0.322,0.00039,-86.04,15.7,2
2025-01-13,SELL_CE,77018.29342857143,76330.01,240.8,361.2,-1253.91,0.307,0.00028,-58.35,15.4,4
2025-01-16,SELL_PE,76699.92542857144,77042.82,108.28,0.05,1033.87,-0.281,0.00054,-108.29,15.4,1
2025-01-21,SELL_CE,76426.38900000001,75838.36,195.35,293.03,-1026.15,0.301,0.00034,-63.79,15.0,3
2025-01-23,SELL_PE,76184.55114285715,76520.38,110.48,0.05,1055.81,-0.285,0.00055,-109.12,15.5,1
2025-01-27,SELL_CE,75964.75971428571,75366.17,273.45,166.78,1016.45,0.335,0.00029,-61.2,15.8,4
2025-01-28,SELL_PE,75371.12,75901.41,215.48,117.85,926.62,-0.301,0.00031,-68.93,16.2,3
2025-01-30,SELL_PE,76456.27114285713,76759.81,106.0,159.0,-375.95,-0.29,0.00059,-103.25,14.4,1
2025-02-04,SELL_PE,78051.5815,78583.81,207.7,311.55,-1088.03,-0.297,0.00032,-67.48,15.4,3
2025-02-06,SELL_CE,78377.876,78058.16,124.64,186.96,-436.67,0.313,0.00057,-114.27,15.2,1
2025-02-10,SELL_CE,77903.19314285714,77311.8,246.25,147.35,939.03,0.326,0.00031,-56.87,14.4,4
2025-02-11,SELL_CE,76815.872,76293.6,227.97,341.95,-1189.59,0.329,0.00034,-68.58,15.4,3
2025-02-12,SELL_CE,76573.24821428572,76171.08,189.07,75.68,1084.5,0.334,0.00042,-82.89,15.3,2
2025-02-13,SELL_PE,75812.17457142858,76138.97,107.29,0.05,1024.03,-0.285,0.00056,-106.16,15.1,1
2025-02-19,SELL_PE,75517.52464285714,75939.18,119.2,41.43,729.18,-0.267,0.00045,-63.55,13.0,2
2025-02-24,SELL_CE,75103.67,74454.41,168.87,90.82,731.47,0.277,0.00034,-45.24,12.7,4
2025-02-24,SELL_CE,75103.67,74454.41,168.87,90.82,731.47,0.277,0.00034,-45.24,12.7,4
2025-03-03,SELL_CE,73677.7422857143,73085.94,187.33,105.6,768.06,0.298,0.00035,-47.19,13.1,4
2025-03-05,SELL_PE,73390.15928571428,73730.23,101.82,152.73,-362.34,-0.272,0.00055,-54.05,11.1,2
2025-03-05,SELL_PE,73390.15928571428,73730.23,101.82,152.73,-362.34,-0.272,0.00055,-54.05,11.1,2
2025-03-06,SELL_PE,74068.9357142857,74340.09,78.27,117.4,-285.63,-0.271,0.00071,-81.42,12.1,1
2025-03-06,SELL_PE,74068.9357142857,74340.09,78.27,117.4,-285.63,-0.271,0.00071,-81.42,12.1,1
2025-03-11,SELL_CE,74561.8805,74102.32,154.79,77.79,720.99,0.303,0.00043,-50.87,12.0,3
2025-03-12,SELL_PE,73702.54214285714,74029.76,103.25,154.88,-367.01,-0.277,0.00056,-54.06,11.0,2
2025-03-18,SELL_PE,74829.14749999999,75301.26,156.64,234.96,-832.18,-0.281,0.00038,-54.04,13.1,3
2025-03-18,SELL_PE,74829.14749999999,75301.26,156.64,234.96,-832.18,-0.281,0.00038,-54.04,13.1,3
2025-03-19,SELL_PE,75098.04071428571,75449.05,140.97,56.21,798.82,-0.301,0.00047,-67.9,13.1,2
2025-03-20,SELL_PE,76067.76142857142,76348.06,106.57,159.86,-377.82,-0.299,0.00062,-101.43,14.0,1
2025-03-20,SELL_PE,76067.76142857142,76348.06,106.57,159.86,-377.82,-0.299,0.00062,-101.43,14.0,1
2025-03-24,SELL_PE,77408.704,77984.38,241.33,361.99,-1256.54,-0.302,0.00028,-58.47,15.2,4
2025-03-24,SELL_PE,77408.704,77984.38,241.33,361.99,-1256.54,-0.302,0.00028,-58.47,15.2,4
2025-03-25,SELL_PE,77510.3385,78017.19,201.46,109.77,867.41,-0.299,0.00033,-65.29,14.9,3
2025-03-26,SELL_CE,77671.8375,77288.5,186.57,279.85,-638.38,0.338,0.00044,-81.12,14.6,2
2025-04-01,SELL_CE,76544.003,76024.51,205.6,308.4,-1077.52,0.319,0.00036,-63.81,14.5,3
2025-04-03,SELL_CE,76619.06171428572,76295.36,112.82,0.05,1079.28,0.302,0.00059,-107.03,14.8,1
2025-04-07,SELL_CE,73801.26057142856,73137.9,347.38,217.66,1246.13,0.347,0.00024,-74.1,19.7,4
2025-04-08,SELL_PE,73576.705,74227.08,275.54,413.31,-1428.01,-0.306,0.00025,-85.6,20.7,3
2025-04-15,SELL_PE,76058.2375,76734.89,351.6,201.88,1446.11,-0.326,0.00022,-102.49,23.5,3
2025-04-16,SELL_PE,76577.89964285714,77044.29,319.88,479.82,-1072.64,-0.352,0.00028,-128.7,23.4,2
2025-04-17,SELL_PE,78190.41399999999,78553.2,239.27,358.9,-810.05,-0.351,0.00037,-191.16,24.4,1
2025-04-21,SELL_PE,78628.36,79408.5,446.14,288.53,1523.92,-0.333,0.00018,-95.82,24.1,4
2025-04-23,SELL_PE,79636.35785714287,80116.49,344.36,516.55,-1152.38,-0.356,0.00026,-136.88,23.8,2
2025-04-29,SELL_PE,79603.9525,80288.38,380.01,221.05,1538.06,-0.332,0.00021,-108.79,23.6,3
2025-04-30,SELL_CE,80714.03535714286,80242.24,367.36,172.49,1897.37,0.38,0.00027,-138.89,23.6,2
2025-05-07,SELL_CE,81147.10964285715,80746.78,354.69,171.75,1778.25,0.391,0.0003,-130.23,21.7,2
2025-05-07,SELL_CE,81147.10964285715,80746.78,354.69,171.75,1778.25,0.391,0.0003,-130.23,21.7,2
2025-05-12,SELL_PE,81793.824,82429.9,428.07,642.1,-2192.36,-0.347,0.0002,-89.11,21.1,4
2025-05-12,SELL_PE,81793.824,82429.9,428.07,642.1,-2192.36,-0.347,0.0002,-89.11,21.1,4
2025-05-15,SELL_PE,82156.17742857143,82530.74,199.52,299.28,-680.58,-0.332,0.0004,-169.6,21.0,1
2025-05-15,SELL_PE,82156.17742857143,82530.74,199.52,299.28,-680.58,-0.332,0.0004,-169.6,21.0,1
2025-05-15,SELL_CE,82905.30257142858,82530.74,211.02,0.35,2057.13,0.348,0.00041,-172.87,21.0,1
2025-05-20,SELL_CE,81833.3555,81186.44,347.91,521.87,-1790.68,0.348,0.00025,-97.61,20.4,3
2025-05-20,SELL_CE,81833.3555,81186.44,347.91,521.87,-1790.68,0.348,0.00025,-97.61,20.4,3
2025-05-22,SELL_CE,81341.52885714287,80951.99,194.35,0.19,1892.22,0.337,0.00042,-164.75,20.7,1
2025-05-26,SELL_PE,81372.182,82176.45,355.52,220.34,1300.63,-0.309,0.0002,-82.71,20.6,4
2025-05-27,SELL_CE,82261.58750000001,81551.63,329.41,494.12,-1697.96,0.334,0.00024,-96.35,20.4,3
2025-05-27,SELL_CE,82261.58750000001,81551.63,329.41,494.12,-1697.96,0.334,0.00024,-96.35,20.4,3
2025-05-29,SELL_PE,81232.74057142857,81633.02,180.07,270.11,-617.23,-0.316,0.00041,-160.54,20.5,1
2025-06-02,SELL_CE,82072.14771428572,81373.75,425.43,273.49,1467.47,0.362,0.00021,-86.94,20.5,4
2025-06-03,SELL_PE,80161.86799999999,80737.51,344.21,203.31,1357.91,-0.338,0.00024,-97.48,20.8,3
2025-06-05,SELL_PE,81146.14657142856,81442.04,218.85,328.28,-743.55,-0.361,0.00042,-170.98,20.8,1
2025-06-09,SELL_PE,81781.43514285715,82445.21,197.58,113.69,789.55,-0.269,0.00028,-53.19,13.8,4
2025-06-12,SELL_CE,81981.014,81691.98,85.3,127.95,-308.54,0.285,0.00071,-85.81,11.2,1
2025-06-16,SELL_PE,81195.86542857143,81796.15,162.19,243.29,-859.99,-0.259,0.00031,-45.54,12.0,4
2025-06-18,SELL_CE,81807.64107142857,81444.66,132.31,198.46,-461.65,0.31,0.00053,-63.32,11.1,2
2025-06-24,SELL_PE,81560.024,82055.11,119.14,57.41,568.75,-0.248,0.0004,-45.95,10.8,3
2025-06-26,SELL_PE,83464.82457142857,83755.87,91.32,136.98,-328.14,-0.279,0.00064,-92.72,12.0,1
2025-07-02,SELL_CE,83772.94035714286,83409.69,153.77,230.66,-531.57,0.325,0.0005,-70.21,11.8,2
2025-07-08,SELL_PE,83262.68,83712.51,147.29,77.03,653.76,-0.278,0.00039,-51.8,11.2,3
2025-07-10,SELL_CE,83443.77085714285,83190.28,88.07,132.11,-317.57,0.303,0.00076,-84.5,10.5,1
2025-07-14,SELL_CE,82722.81885714286,82253.46,187.11,110.41,717.7,0.324,0.0004,-44.65,10.3,4
2025-07-15,SELL_PE,82189.7485,82570.91,140.91,76.05,599.79,-0.289,0.00044,-48.37,10.3,3
2025-07-17,SELL_CE,82462.51857142858,82259.24,101.61,152.41,-361.65,0.339,0.00081,-87.66,10.5,1
2025-07-22,SELL_PE,81798.238,82186.81,112.12,57.04,502.36,-0.265,0.00047,-41.75,9.3,3
2025-07-23,SELL_PE,82461.82785714285,82726.64,103.73,155.6,-368.56,-0.296,0.00062,-52.16,9.0,2
2025-07-24,SELL_CE,82391.544,82184.17,62.06,93.08,-232.82,0.289,0.00099,-62.99,8.0,1
2025-07-28,SELL_CE,81345.32342857143,80891.02,126.83,190.25,-682.79,0.289,0.00048,-34.23,8.3,4
2025-07-29,SELL_CE,81749.946,81337.95,114.83,54.27,557.09,0.286,0.00053,-40.74,8.8,3
2025-07-30,SELL_PE,81171.31464285715,81481.86,83.71,28.95,499.45,-0.26,0.00061,-46.86,8.8,2
2025-07-31,SELL_PE,80942.15542857144,81185.58,55.0,82.51,-209.84,-0.246,0.00084,-62.83,8.9,1
2025-07-31,SELL_CE,81429.00457142857,81185.58,62.86,94.29,-235.43,0.273,0.00088,-66.48,8.9,1
2025-08-07,SELL_CE,80887.74028571427,80623.26,62.24,0.05,573.96,0.263,0.00083,-67.63,9.3,1
2025-08-12,SELL_PE,79740.0055,80235.59,102.94,47.55,505.54,-0.234,0.00041,-41.64,10.3,3
2025-08-18,SELL_PE,80733.43457142857,81273.75,142.62,80.24,574.94,-0.256,0.00035,-40.81,10.8,4
2025-08-20,SELL_PE,81542.70035714285,81857.84,124.51,186.77,-436.26,-0.298,0.00053,-61.28,10.8,2
2025-08-21,SELL_PE,81746.90628571429,82000.71,76.06,0.05,712.0,-0.274,0.00074,-78.95,10.5,1
2025-08-26,SELL_CE,81176.859,80786.54,170.92,256.39,-903.75,0.332,0.00046,-52.3,10.7,3
2025-08-26,SELL_CE,81176.859,80786.54,170.92,256.39,-903.75,0.332,0.00046,-52.3,10.7,3
2025-08-28,SELL_CE,80312.41542857143,80080.57,95.75,143.63,-342.57,0.32,0.00077,-87.12,11.0,1
2025-09-02,SELL_PE,79760.4655,80157.88,147.26,79.39,629.82,-0.29,0.00043,-50.11,11.1,3
2025-09-04,SELL_PE,80498.84685714285,80718.01,91.3,0.05,864.24,-0.306,0.00076,-85.96,11.0,1
2025-09-10,SELL_PE,81128.87607142856,81425.15,104.88,40.33,597.1,-0.287,0.00058,-53.82,9.7,2
2025-09-10,SELL_PE,81128.87607142856,81425.15,104.88,40.33,597.1,-0.287,0.00058,-53.82,9.7,2
2025-09-16,SELL_PE,81990.8095,82380.69,113.5,170.26,-616.0,-0.266,0.00047,-42.13,9.4,3
2025-09-16,SELL_PE,81990.8095,82380.69,113.5,170.26,-616.0,-0.266,0.00047,-42.13,9.4,3
2025-09-17,SELL_PE,82418.82250000001,82693.71,106.57,42.44,592.83,-0.295,0.00061,-53.55,9.3,2
2025-09-18,SELL_PE,82808.656,83013.96,75.42,113.13,-276.34,-0.293,0.00085,-74.43,9.4,1
2025-09-18,SELL_PE,82808.656,83013.96,75.42,113.13,-276.34,-0.293,0.00085,-74.43,9.4,1
2025-09-22,SELL_CE,82557.52428571429,82159.97,175.79,263.68,-928.12,0.337,0.00046,-41.04,9.2,4
2025-09-22,SELL_CE,82557.52428571429,82159.97,175.79,263.68,-928.12,0.337,0.00046,-41.04,9.2,4
2025-09-23,SELL_CE,82441.62150000001,82102.1,148.18,78.98,643.11,0.333,0.00054,-45.87,9.1,3
2025-09-24,SELL_CE,81955.54428571429,81715.63,109.52,164.28,-387.42,0.336,0.00074,-49.9,8.2,2
2025-09-25,SELL_CE,81339.89428571428,81159.68,68.65,102.97,-254.28,0.314,0.00104,-64.79,8.0,1
2025-10-01,SELL_PE,80732.60678571428,80983.31,95.99,143.99,-343.36,-0.293,0.00066,-48.82,8.6,2
2025-10-06,SELL_PE,81347.04228571428,81790.12,122.08,183.12,-658.97,-0.258,0.00041,-35.31,9.1,4
2025-10-07,SELL_PE,81517.2205,81926.75,101.46,49.54,470.81,-0.25,0.00047,-39.55,9.1,3
2025-10-08,SELL_CE,82061.12892857143,81773.66,114.07,171.11,-402.24,0.321,0.00065,-53.78,9.1,2
2025-10-14,SELL_CE,82452.5315,82029.98,126.8,190.2,-682.63,0.293,0.0005,-43.81,9.3,3
2025-10-15,SELL_PE,82296.53964285714,82605.43,95.08,142.63,-340.4,-0.273,0.00059,-50.99,9.2,2
2025-10-16,SELL_PE,83214.69,83467.66,72.66,108.99,-267.35,-0.27,0.00075,-76.59,10.1,1
2025-10-20,SELL_PE,83837.90028571428,84363.37,135.62,76.04,547.12,-0.253,0.00036,-39.41,10.1,4
2025-10-23,SELL_PE,84300.5337142857,84556.4,67.49,0.05,626.43,-0.261,0.00076,-73.18,9.6,1
2025-10-30,SELL_CE,84664.11057142858,84404.46,60.23,90.35,-226.88,0.262,0.00085,-65.94,8.6,1
2025-11-03,SELL_CE,84511.51685714287,83978.49,128.07,66.94,562.59,0.272,0.00043,-36.04,8.8,4
2025-11-06,SELL_CE,83577.11171428571,83311.01,63.14,94.71,-236.35,0.264,0.00083,-68.5,9.1,1
2025-11-10,SELL_PE,83011.08485714287,83535.35,103.02,54.23,439.5,-0.226,0.00038,-32.86,9.0,4
2025-11-12,SELL_PE,84140.86821428571,84466.51,94.16,33.48,558.56,-0.267,0.00057,-51.42,9.2,2
2025-11-13,SELL_PE,84215.1217142857,84478.67,56.56,0.05,517.28,-0.241,0.00078,-65.54,9.0,1
2025-11-17,SELL_PE,84438.72028571428,84950.95,84.15,42.42,369.2,-0.209,0.0004,-28.7,8.0,4
2025-11-19,SELL_PE,84884.69678571429,85186.47,77.01,115.52,-281.53,-0.254,0.00064,-44.27,8.0,2
2025-11-20,SELL_PE,85384.30028571429,85632.68,49.77,74.65,-192.79,-0.234,0.00084,-59.32,8.1,1
2025-11-24,SELL_CE,85375.79000000001,84900.71,135.64,203.46,-726.92,0.291,0.00046,-36.33,8.4,4
2025-11-26,SELL_PE,85306.72178571428,85609.51,107.67,161.5,-381.39,-0.287,0.00057,-55.33,9.4,2
2025-11-27,SELL_PE,85462.22485714286,85720.38,64.11,0.05,592.67,-0.255,0.00077,-70.94,9.3,1
2025-12-02,SELL_CE,85567.793,85138.27,122.17,58.1,592.15,0.288,0.0005,-43.06,8.8,3
2025-12-03,SELL_CE,85414.15678571428,85106.81,99.57,33.77,609.69,0.3,0.00066,-50.13,8.3,2
2025-12-04,SELL_PE,85024.02371428572,85265.32,52.69,79.04,-202.32,-0.242,0.00085,-61.14,8.2,1
2025-12-09,SELL_CE,85115.7285,84666.28,125.24,59.28,610.97,0.286,0.00048,-44.29,9.2,3
2025-12-11,SELL_CE,85073.82571428572,84818.13,68.89,0.05,640.43,0.277,0.00083,-71.83,9.1,1
2025-12-16,SELL_CE,85117.3625,84679.86,135.04,65.87,642.96,0.296,0.00048,-46.21,9.4,3
2025-12-17,SELL_CE,84846.19785714285,84559.65,121.78,182.67,-427.37,0.328,0.00063,-56.28,9.1,2
2025-12-18,SELL_CE,84707.94714285714,84481.81,71.67,107.5,-264.13,0.294,0.00089,-71.2,8.8,1
2025-12-18,SELL_CE,84707.94714285714,84481.81,71.67,107.5,-264.13,0.294,0.00089,-71.2,8.8,1
2025-12-22,SELL_PE,85125.89942857143,85567.48,138.49,81.19,524.22,-0.271,0.0004,-38.55,9.3,4
2025-12-22,SELL_PE,85125.89942857143,85567.48,138.49,81.19,524.22,-0.271,0.0004,-38.55,9.3,4
2025-12-29,SELL_CE,85102.36114285713,84695.54,143.43,215.15,-765.96,0.315,0.0005,-36.2,8.0,4
2025-12-30,SELL_CE,85019.2865,84675.08,124.43,63.04,565.31,0.315,0.00058,-41.08,8.0,3
2025-12-31,SELL_PE,84982.9125,85220.6,97.82,146.72,-349.3,-0.3,0.00068,-49.15,8.1,2
2025-12-31,SELL_PE,84982.9125,85220.6,97.82,146.72,-349.3,-0.3,0.00068,-49.15,8.1,2
2026-01-06,SELL_CE,85402.477,85063.34,129.96,66.87,582.27,0.321,0.00057,-42.13,8.1,3
2026-01-06,SELL_CE,85402.477,85063.34,129.96,66.87,582.27,0.321,0.00057,-42.13,8.1,3
2026-01-07,SELL_CE,85205.46392857142,84961.14,111.84,43.44,635.62,0.337,0.00073,-50.98,8.0,2
2026-01-07,SELL_CE,85205.46392857142,84961.14,111.84,43.44,635.62,0.337,0.00073,-50.98,8.0,2
2026-01-08,SELL_CE,84375.99142857143,84180.96,78.38,117.57,-286.0,0.319,0.00094,-72.57,8.6,1
2026-01-08,SELL_CE,84375.99142857143,84180.96,78.38,117.57,-286.0,0.319,0.00094,-72.57,8.6,1
2026-01-12,SELL_CE,84324.5077142857,83878.17,147.44,83.22,593.32,0.307,0.00046,-37.71,8.6,4
2026-01-12,SELL_CE,84324.5077142857,83878.17,147.44,83.22,593.32,0.307,0.00046,-37.71,8.6,4
2026-01-13,SELL_PE,83204.85500000001,83627.69,91.14,42.82,434.99,-0.236,0.00047,-37.22,8.6,3
2026-01-19,SELL_CE,83792.2697142857,83246.18,116.78,59.15,527.8,0.26,0.00043,-34.13,8.6,4
2026-01-19,SELL_CE,83792.2697142857,83246.18,116.78,59.15,527.8,0.26,0.00043,-34.13,8.6,4
2026-01-20,SELL_CE,82659.7725,82180.47,117.16,175.74,-634.32,0.271,0.00047,-43.05,9.5,3
2026-01-20,SELL_CE,82659.7725,82180.47,117.16,175.74,-634.32,0.271,0.00047,-43.05,9.5,3
2026-01-21,SELL_CE,82284.405,81909.63,80.97,121.46,-294.44,0.257,0.00061,-46.07,8.7,2
2026-01-21,SELL_CE,82284.405,81909.63,80.97,121.46,-294.44,0.257,0.00061,-46.07,8.7,2
2026-01-22,SELL_PE,81991.80714285714,82307.37,43.63,65.45,-172.81,-0.199,0.00071,-57.7,9.1,1
2026-01-22,SELL_PE,81991.80714285714,82307.37,43.63,65.45,-172.81,-0.199,0.00071,-57.7,9.1,1
2026-01-27,SELL_CE,82452.6985,81857.48,96.75,38.48,534.37,0.228,0.00041,-40.29,9.9,3
2026-01-28,SELL_PE,81904.2325,82344.68,82.73,124.1,-300.16,-0.226,0.00048,-50.71,10.3,2
2026-01-28,SELL_PE,81904.2325,82344.68,82.73,124.1,-300.16,-0.226,0.00048,-50.71,10.3,2
2026-01-29,SELL_PE,82208.53942857143,82566.37,51.81,77.71,-199.43,-0.204,0.00063,-66.99,10.5,1
2026-02-03,SELL_PE,83001.668,83739.13,216.71,109.3,1024.47,-0.27,0.00025,-75.74,17.1,3
2026-02-03,SELL_PE,83001.668,83739.13,216.71,109.3,1024.47,-0.27,0.00025,-75.74,17.1,3
2026-02-04,SELL_CE,84393.56535714286,83817.69,205.81,74.5,1263.55,0.306,0.00033,-97.43,17.1,2
2026-02-09,SELL_PE,83132.80485714285,84065.75,219.54,119.34,952.37,-0.247,0.00021,-62.19,16.8,4
2026-02-12,SELL_CE,84079.81371428572,83674.92,141.42,0.05,1364.95,0.301,0.00047,-133.65,16.9,1
2026-02-12,SELL_CE,84079.81371428572,83674.92,141.42,0.05,1364.95,0.301,0.00047,-133.65,16.9,1
